Product ID,Height (cm),Width (cm),Depth (cm),Avg Daily Demand,Product Category,Product_Label,Cluster
P20106,0.5213116885230157,0.4819254069100801,0.6350654255861794,0.2605153498087552,Electronics,1,3
P41070,0.4265549011124621,0.5150204495535161,0.8351292243371996,0.0853439031769877,Electronics,1,3
P29033,0.4242236816973213,0.3652260279949705,0.3644424858186021,0.0913958996946135,Food,2,0
P47714,0.3539319249361748,0.5117001493613068,0.5141793875093595,0.0343102815515354,Clothing,0,1
P14692,0.1655632544628986,0.5062392756416783,0.6965364626448602,0.0834504032644041,Food,2,0
P66892,0.4822336557005166,0.2817721148164042,0.550319382170942,0.3665670867955994,Clothing,0,1
P27991,0.6102711448398715,0.4621743959611371,0.4722191018033286,0.5968575209755591,Electronics,1,3
P55994,0.5212700750226668,0.5821144990979975,0.3260243442518277,0.1690853705016411,Toys,4,2
P74441,0.4076266717226802,0.5569757539910587,0.5581017017751092,0.0127496535588569,Toys,4,2
P82361,0.3340722269984119,0.3819152426465437,0.578473433475885,0.0056061261864327,Electronics,1,3
P29514,0.5250705470929088,0.5941176844751482,0.6705023496002505,0.1683706857706175,Clothing,0,1
P95243,0.2678183315309371,0.4073007387144337,0.4659952188403629,0.0194327753655252,Furniture,3,4
P84933,0.5134471804252542,0.2324187223886933,0.3089166643354771,0.4556015011263151,Food,2,0
P11540,0.430662260217123,0.4394499099108799,0.844555123430542,0.3719109637808707,Electronics,1,3
P72074,0.6003301118875377,0.6488512256460957,0.3833550466126449,0.4878327944309936,Toys,4,2
P77759,0.4409073087236965,0.5331089115018298,0.8035719379142172,0.2131877127544726,Food,2,0
P85981,0.4941623570883673,0.3639073906259599,0.492728627908403,0.3381933243514149,Electronics,1,3
P71987,0.2563491403223063,0.5020631892512504,0.2769803242805586,0.4608646874082111,Food,2,0
P88033,0.6365264589974038,0.735407267751912,0.5440871613163568,0.4764678137839954,Food,2,0
P91251,0.5398131463169936,0.1124833082085627,0.5063028851998836,0.1172471992431954,Furniture,3,4
P73955,0.545838562429212,0.4073675523782598,0.3020587400481219,0.2999542536032173,Furniture,3,4
P11982,0.6648897637776552,0.4394499099108799,0.1368239288668931,0.0038039790618257,Electronics,1,3
P82065,0.3849830709001516,0.4784696853948787,0.5380657638657017,0.2381391044090401,Electronics,1,3
P91013,0.2514912978918335,0.4083958925918149,0.4725660382168289,0.2308029464102453,Food,2,0
P36692,0.4193940952691943,0.4255822106793905,0.4191946127031468,0.5102411160809339,Clothing,0,1
P17411,0.3130628136492782,0.5229069606394013,0.4710668251901919,0.2383925982889327,Toys,4,2
P08797,0.3964626422239548,0.6758096220359652,0.5103621119860245,0.2986247082899841,Food,2,0
P02770,0.4085540345898276,0.52018413414726,0.4665431030621617,0.5083992662113508,Toys,4,2
P18583,0.604664638910347,0.3014919297829025,0.329037272994586,0.1657995565999361,Toys,4,2
P35638,0.4699727804406949,0.3412358873414969,0.3816513150233,0.7322493142670818,Electronics,1,3
P19795,0.2119318093856798,0.5632378896018609,0.5043728414954145,0.2242819852898067,Toys,4,2
P88961,0.3219380686069108,0.5001984144060345,0.161917299059367,0.252449861116192,Furniture,3,4
P01414,0.6391798124788788,0.5168808586886943,0.3430223899845132,0.3770392068330148,Food,2,0
P54326,0.2759470083708659,0.5441555187652822,0.6213819665735418,0.2628933800578732,Food,2,0
P22255,0.4773856221705316,0.1964690273411413,0.4757379290603222,0.5182091580569655,Electronics,1,3
P02202,0.2608910010058964,0.1346721714533874,0.3370746358107215,0.0151816591383367,Electronics,1,3
P51024,0.6707269796825274,0.5576774587609877,0.4889404849897049,0.2809050163682823,Electronics,1,3
P55072,0.1743460608884217,0.6800731045245687,0.6469545583385349,0.0012260915193734,Clothing,0,1
P89057,0.3199072502079566,0.4244196756899591,0.3966476161328862,0.2609856101627501,Furniture,3,4
P08578,0.4416574427205583,0.4777403635304798,0.4500858809992209,0.4475055708681958,Food,2,0
P17412,0.3022413914102964,0.4281754986139288,0.5591251260946187,0.2539913098147831,Food,2,0
P43915,0.3399928093378536,0.4825242130589353,0.2161363786068799,0.6451719798087387,Furniture,3,4
P85642,0.4438885742210717,0.6352053476413847,0.4937362012736095,0.4037062892963558,Clothing,0,1
P48227,0.4814813496092373,0.3909997021058307,0.8829677546502873,0.2219956328193372,Food,2,0
P06891,0.3057781936525302,0.4157995345963459,0.6810629214619094,0.2560882195321288,Food,2,0
P30456,0.2760661206162541,0.4077843209136019,0.3679583298043755,0.0435691362740532,Toys,4,2
P12076,0.4028577298894648,0.2117689070477242,0.3084275700858399,0.1321353823233917,Furniture,3,4
P78355,0.3850768568221148,0.4339223549309261,0.3739593444885519,0.2967298129464985,Food,2,0
P96889,0.5798555718778451,0.0141326241619531,0.6027051979999353,0.2963873217156152,Clothing,0,1
P29400,0.4656011409267115,0.4381694215110658,0.0244780676191292,0.3127048918801524,Clothing,0,1
P05309,0.4542412172771652,0.5524820055352265,0.4447733570389146,0.2759947150811386,Electronics,1,3
P47706,0.5662143479494076,0.3095200830983419,0.8090972143607705,0.3046743128221692,Electronics,1,3
P35407,0.488779397776125,0.5598627686621048,0.1962130576119863,0.1113543067353941,Clothing,0,1
P52994,0.5232689349041054,0.388477766002656,0.5425078216216481,0.1312237020146535,Food,2,0
P88811,0.3366775033993386,0.5961261066490163,0.5312606642260065,0.4355809234951007,Furniture,3,4
P41237,0.5225361320637065,0.2458039803112924,0.2306907177548487,0.1466020636415676,Clothing,0,1
P09603,0.4367282910980943,0.4276881591271937,0.6763879433045716,0.087787245372114,Furniture,3,4
P89068,0.5400434236869396,0.6993767309433957,0.4749229366878266,0.2682416895427197,Food,2,0
P17016,0.1125835781743329,0.6439582345812189,0.7127073769288162,0.2620144711488575,Furniture,3,4
P92196,0.2700947664753663,0.6866207615597086,0.5418227950902219,0.1693899802538145,Toys,4,2
P85912,0.4077794939807748,0.1521630472026229,0.5597971137430836,0.2683629925313914,Toys,4,2
P92283,0.3849374088914068,0.5191960592897303,0.4156230866846362,0.2520033143701564,Furniture,3,4
P92557,0.2133255542663541,0.497856669647878,0.5765848439892098,0.3345357233630674,Clothing,0,1
P99536,0.4471607405930002,0.6036262284926268,0.5124387831420564,0.1016962126197738,Electronics,1,3
P99063,0.4889758523607353,0.6083586014706386,0.4019800479141031,0.2868975818314198,Furniture,3,4
P01748,0.5066205165068831,0.6473666157159733,0.7928639860591956,0.0275351807048849,Clothing,0,1
P44974,0.4656011409267115,0.4238856976263457,0.6377694908983795,0.0055908529891262,Clothing,0,1
P76964,0.502218968629152,0.5788515751532421,0.1839355964958156,0.2807267372942176,Food,2,0
P57938,0.4255322565693876,0.390210291548017,0.4283522492579479,0.3814650122458761,Furniture,3,4
P55597,0.473553332001368,0.0212000065449124,0.4481113665058089,0.3870789637465914,Furniture,3,4
P44186,0.4184718802426256,0.4333890356517944,0.7157846453952794,0.2616579875247422,Clothing,0,1
P15156,0.4429913877428752,0.417916898476139,0.4882619194086402,0.4406941750667113,Clothing,0,1
P35409,0.0475204927674449,0.5239497065050263,0.3565658682139437,0.248682448169271,Toys,4,2
P18358,0.3350799959337442,0.4964660007250533,0.4514334653784697,0.2352100966360606,Furniture,3,4
P33172,0.5009548051599921,0.1640697971106391,0.5101621563112319,0.3298605475573846,Clothing,0,1
P75154,0.3636086521007652,0.4290688445876052,0.6865968221742885,0.3179315577429497,Toys,4,2
P88675,0.5662779557917403,0.4057187024811081,0.7305426647696409,0.4304139954643256,Electronics,1,3
P34603,0.3984166207236438,0.4883011475632839,0.5825393349243655,0.5675110041554325,Toys,4,2
P35158,0.5140633149800492,0.1986866818792874,0.4266758657304491,0.4631836472214439,Clothing,0,1
P26752,0.4851686165031349,0.5185241038517855,0.45546733847633,0.2724838660012755,Furniture,3,4
P87321,0.5337518285027779,0.2020230464977097,0.5114785889189489,0.4175634432722108,Food,2,0
P18347,0.4656011409267115,0.3201218505002097,0.3299017886271112,0.0449651293057196,Clothing,0,1
P07348,0.7480527174719456,0.1923584911774656,0.5621104302773415,0.1567511437568431,Clothing,0,1
P98120,0.4220665305493201,0.4122829118055185,0.4725660382168289,0.0675130665193865,Food,2,0
P31278,0.251078780477068,0.4170612647550384,0.548469465714288,0.1383370939688811,Clothing,0,1
P29552,0.4138200992401872,0.4621548283854752,0.3972633703389794,0.4535881055594987,Food,2,0
P20972,0.319423332379826,0.3048570195378741,0.3661211739450233,0.3449857928007342,Food,2,0
P48017,0.5872830347917333,0.5014172000124655,0.4119295487643913,0.187577729717415,Toys,4,2
P77816,0.5656839651969532,0.6020070606271726,0.6505422440392767,0.3311574105883249,Electronics,1,3
P01014,0.4671565612072476,0.520938216483209,0.7418778207891541,0.1838616530689593,Toys,4,2
P59475,0.4809403244232988,0.5181795199092862,0.6158670945634754,0.2256072354653537,Clothing,0,1
P94091,0.503433438262825,0.6480474603242742,0.669705485741251,0.1690886534865968,Toys,4,2
P74769,0.3664796435058091,0.6108188902641305,0.388373490582392,0.482835690620948,Toys,4,2
P71926,0.4531682755570937,0.4706217206618912,0.498848933984372,0.2105572382200813,Electronics,1,3
P96297,0.5906614002583445,0.442637055435448,0.370956438234892,0.4167078167337817,Food,2,0
P78211,0.401307693133123,0.4238856976263457,0.5482951405055412,0.0803187769262593,Clothing,0,1
P23112,0.5150306801612243,0.4037852184646174,0.289940524726211,0.481568645345427,Toys,4,2
P31646,0.4000096952824892,0.39155944476557,0.3778857893736546,0.1983343077627495,Food,2,0
P96903,0.44933147608227,0.3064204690080648,0.5477889698187629,0.2257446145991223,Electronics,1,3
P62766,0.4751402647547904,0.432735769259309,0.210927410258662,0.1997667199831606,Food,2,0
P04534,0.5531333235148604,0.6240401245886963,0.710952333610959,0.3800242150328049,Food,2,0
P74114,0.6135254572582852,0.3640151832155215,0.1577150892020282,0.3141706102652059,Furniture,3,4
P58428,0.3117941582840978,0.1462260823605325,0.5490604862214674,0.5900898785265472,Food,2,0
P66653,0.4161818159967958,0.4636045663765586,0.6732281119303638,0.2984921785885073,Clothing,0,1
P93000,0.1675038953277627,0.2830262787545358,0.642337667106025,0.2812219271162415,Electronics,1,3
P10893,0.5259219768809735,0.4347578419355442,0.591083106797607,0.0648718093546534,Furniture,3,4
P85460,0.3602761268994415,0.2063893563706619,0.3630899045683241,0.1103896969989322,Toys,4,2
P46598,0.274855689210714,0.2409433839055976,0.3823541340408237,0.348997352783556,Toys,4,2
P06246,0.2550446435425637,0.5207127302017298,0.4381870024449674,0.266335359719492,Toys,4,2
P32036,0.2944654318950173,0.3690589755147928,0.7225982793367133,0.0128015187495578,Clothing,0,1
P62040,0.7227492705419954,0.4458831279209445,0.7495145276240803,0.2924459688131946,Food,2,0
P13828,0.5303386116396198,0.3272409537279181,0.3973780503890154,0.2390317572014167,Toys,4,2
P42731,0.4351233386125038,0.53292506855848,0.3882723871313528,0.4204593743047135,Electronics,1,3
P17611,0.3308482127055135,0.566259491063207,0.4712692639007143,0.1051651039696733,Toys,4,2
P59395,0.4015333889749213,0.4198668913683894,0.67227791212694,0.0517903454696317,Clothing,0,1
P41929,0.3865928173415165,0.7220501378630145,0.3383359081640084,0.2242255219098385,Clothing,0,1
P88127,0.4021721649100237,0.4503576897571752,0.4573330115272426,0.1444386003463369,Furniture,3,4
P29355,0.3784305458350197,0.2746348728180041,0.4992657079506206,0.0462327129222459,Toys,4,2
P79904,0.283461457586448,0.2577061651895893,0.5558039234233034,0.4396328553277371,Furniture,3,4
P80376,0.3933670254808742,0.335038148809859,0.5698042922342217,0.2402429580385538,Clothing,0,1
P66702,0.406261828435892,0.2735334211869253,0.4866752578103409,0.1774985221181009,Toys,4,2
P75259,0.3567149266152593,0.4470942984844254,0.4042408560854515,0.3454466907437927,Toys,4,2
P94210,0.653146820599254,0.4751320772784807,0.4190370351902006,0.0506587195450364,Clothing,0,1
P82226,0.4468580414770186,0.216372549574028,0.5118654103728308,0.0747824697031648,Clothing,0,1
P11096,0.3922616661437159,0.4601854502893824,0.4603581030611129,0.201946761704493,Furniture,3,4
P86871,0.4569071576160201,0.3189283288472705,0.4352835821968308,0.3473659467959132,Furniture,3,4
P15644,0.4314583312816972,0.5489689309274856,0.1941758406856027,0.1558547532118,Electronics,1,3
P72109,0.6808944040065893,0.546653649193099,0.4015629734447984,0.2692028913704264,Toys,4,2
P01522,0.2328566534148347,0.5045164370455072,0.4668895273858234,0.0193526649510209,Toys,4,2
P47012,0.2944872272676268,0.4656409175582274,0.3460891649319544,0.2916801044592115,Food,2,0
P69224,0.5689724898614704,0.3458602767035499,0.4613710010794238,0.2300745982582259,Food,2,0
P41567,0.244741674544513,0.5669606130163063,0.4457273258515295,0.2088898174379944,Clothing,0,1
P35191,0.176521796263686,0.3580335263255187,0.5084363739305137,0.2168986073950536,Toys,4,2
P05950,0.6203415057928194,0.7819442017214079,0.4813774209461572,0.2024776354776547,Furniture,3,4
P34913,0.4834332633848346,0.4357259788263398,0.1692716556216463,0.032884019240446,Toys,4,2
P08564,0.4671531014679257,0.475063654764,0.3909442073872983,0.1897185612698814,Toys,4,2
P05486,0.5612452598169366,0.6612002983279408,0.5148683785727264,0.0689681416638851,Clothing,0,1
P85375,0.6079652454043253,0.4352140117864311,0.5529387284180155,0.2500257709406032,Toys,4,2
P44920,0.4141894583742798,0.3694754572776377,0.2675130785397134,0.3255301744770165,Food,2,0
P31726,0.0895592562041436,0.4441599986240219,0.5956916837877423,0.0209149029012796,Furniture,3,4
P27118,0.6632327950262074,0.3922430688711222,0.634220083257933,0.6630761174856205,Food,2,0
P32652,0.3172664291687055,0.3999934573370077,0.372858682139164,0.2446932086803803,Toys,4,2
P23156,0.4430839966671396,0.487635444475172,0.1849048791828384,0.3850386459093591,Clothing,0,1
P27718,0.563459105710711,0.5313828320146098,0.5352428166734294,0.307210985452606,Electronics,1,3
P49520,0.5071076284995335,0.6408061081839208,0.4018340341961878,0.348529988345769,Furniture,3,4
P44112,0.3961206455315663,0.5079049584934228,0.6154959646695588,0.3369154730319609,Electronics,1,3
P68946,0.5116691198364481,0.5830145130055165,0.7203276970844065,0.3984585359140216,Furniture,3,4
P98068,0.3169834170624276,0.4305149769911393,0.3523856432417636,0.0528172426931056,Clothing,0,1
P06196,0.3624495696234853,0.4248465850707174,0.686552197897784,0.2652841082847692,Electronics,1,3
P65732,0.5943160053948505,0.5855134352794964,0.7780114168929274,0.2705580815114654,Toys,4,2
P90908,0.5950114448747996,0.4034834482918929,0.2226534495469141,0.4599034206435856,Toys,4,2
P85502,0.6801012419838137,0.4346260117497468,0.4874761307150354,0.2750812912746094,Electronics,1,3
P60938,0.3313813149170367,0.3494448041323535,0.533072688235849,0.3536183981203099,Furniture,3,4
P01452,0.7774748233902509,0.4394499099108799,0.4423380415965205,0.238372584467494,Electronics,1,3
P08145,0.379277670360815,0.3661651128694226,0.5836403128045625,0.3780272604626937,Clothing,0,1
P55901,0.2915350362150409,0.7559748632103932,0.4166806605240502,0.4760253676672416,Toys,4,2
P86677,0.4447516766564601,0.5366917399852904,0.6273518299151927,0.4033921880301251,Furniture,3,4
P02753,0.5268663014190035,0.4015565629236012,0.1298256567742509,0.4801207429042757,Furniture,3,4
P55148,0.5697016054304244,0.2332658119208985,0.1837059719017485,0.3284963882035363,Clothing,0,1
P26134,0.5076294506411355,0.5194637723995199,0.4568938426829722,0.5406061051613639,Electronics,1,3
P96702,0.4367741662871499,0.3487027332052682,0.5101320126364349,0.1688789595480878,Clothing,0,1
P60452,0.4546517312065738,0.3870285895616633,0.484047700391206,0.2914808767845427,Electronics,1,3
P23804,0.6088699167275723,0.4105198709688964,0.2743692783928639,0.4801363891454899,Electronics,1,3
P74550,0.2376662927608921,0.2399801177745867,0.4712692639007143,0.2833183131764712,Toys,4,2
P28696,0.1978416458645659,0.4611973889214502,0.2933663350331288,0.068743689655266,Food,2,0
P75268,0.2959879414110916,0.4092773349285634,0.263818715883388,0.3761552732575061,Electronics,1,3
P09599,0.4226003122455235,0.2778503627038602,0.2381678030854228,0.3861661865807978,Toys,4,2
P76319,0.4848659749358072,0.5621774057870976,0.4040917243390747,0.2235161742577418,Food,2,0
P47891,0.2039121147977265,0.4481711250519877,0.3887087406081546,0.2716753388955678,Food,2,0
P02427,0.3770918819854897,0.5575043598942208,0.4153340719154225,0.3328357437344541,Electronics,1,3
P19187,0.4832208730174681,0.5555127571260623,0.4199216923163061,0.0249049043551903,Clothing,0,1
P15731,0.5817902077807513,0.2973865712683373,0.4556703368992013,0.4565029340822388,Electronics,1,3
P32224,0.2645643697776506,0.5766464717171819,0.3672307391442549,0.2609856101627501,Furniture,3,4
P45908,0.417607134899857,0.303758237869131,0.5845143317014831,0.1092285641042451,Food,2,0
P39972,0.4500321667398541,0.0455357404303078,0.5776737357022287,0.4408080920575052,Food,2,0
P80351,0.4795988232300759,0.5019160215847459,0.6650915138431709,0.1511516305224017,Clothing,0,1
P49813,0.2526909276947771,0.5674207027179828,0.2453315626224834,0.3326079293883917,Electronics,1,3
P38628,0.4640830574192849,0.5892078299313972,0.507586899258655,0.5062826514146644,Clothing,0,1
P66913,0.3228544619580177,0.4683048413187876,0.2338772671438076,0.0764087880314758,Clothing,0,1
P94584,0.3170583993909445,0.6142466912808026,0.3858908022922644,0.2478174492422607,Food,2,0
P95876,0.4341634770683977,0.3853176306947649,0.7353161497766308,0.1493062352162625,Furniture,3,4
P74744,0.5075683120216963,0.6668524645522268,0.6710208419554636,0.1592901724220927,Clothing,0,1
P52455,0.53532985735249,0.7333398015452777,0.1970364277270646,0.3363476661900765,Toys,4,2
P49478,0.3606704894716879,0.6277166163923903,0.4350844631950797,0.2380745243753035,Electronics,1,3
P83589,0.6843032140391677,0.5401870687841533,0.3459563929411817,0.5820060216106613,Toys,4,2
P14991,0.6209374948292523,0.4149391639992853,0.3402107592014035,0.0269388666830223,Electronics,1,3
P83303,0.3124120828675856,0.532825359343002,0.672420044482433,0.0202317544414186,Food,2,0
P38848,0.40998577931179,0.5784577811823357,0.6371972212973647,0.4022249788366229,Food,2,0
P32282,0.6104330926263579,0.2665993796602308,0.645163767840339,0.0727414660362417,Clothing,0,1
P27396,0.656214205549555,0.4342421996506685,0.7831603141733922,0.3308751571452065,Electronics,1,3
P81789,0.3474830180368383,0.5743036296229751,0.5897817368929736,0.1757705667760713,Toys,4,2
P47023,0.4153410199398689,0.5185343455658264,0.4070681163716009,0.4360984215810856,Food,2,0
P19344,0.6658773032411398,0.437962510738088,0.7847728245473176,0.3748151875877114,Food,2,0
P44577,0.6763224823973301,0.4420544820309811,0.4519576889927016,0.3505114166945225,Electronics,1,3
P62769,0.5121440874411239,0.2261700712436513,0.3684218694846166,0.1803451796464131,Electronics,1,3
P14497,0.4037036607986887,0.3311894154263224,0.324014999716406,0.1260345649086794,Clothing,0,1
P63303,0.4731716326804643,0.2437519434308504,0.4716600094456646,0.0775588514408028,Food,2,0
P73992,0.393471436453808,0.3614510427096603,0.3511960424007525,0.1559022876655605,Clothing,0,1
P05253,0.4279795360974971,0.237727696754606,0.6883389865360238,0.3742890763565362,Toys,4,2
P47765,0.1657158164814224,0.0836043636843104,0.5178130325275625,0.2701592213877955,Electronics,1,3
P23978,0.4601640543186881,0.444497387261932,0.4927928698843633,0.4395569274815868,Clothing,0,1
P25453,0.310134500571401,0.264722942371331,0.3476891379265487,0.221611503519618,Clothing,0,1
P79269,0.4630075085498825,0.2628351417234181,0.4455734822928128,0.3077798533054608,Electronics,1,3
P56250,1.0,0.5215706955686286,0.41473884125674,1.0,Food,2,0
P31356,0.492395706887193,0.2707668826744784,0.2444817266698901,0.5362994523013377,Furniture,3,4
P32011,0.4656011409267115,0.4812554348047513,0.5537183096344064,0.3448500017773413,Clothing,0,1
P71312,0.3815596655843818,0.4577430242765797,0.3268303777334898,0.4507422916188379,Furniture,3,4
P15112,0.7417363136937579,0.5498980143983578,0.2763162166356486,0.311455831222253,Clothing,0,1
P11762,0.4741370301970916,0.5005640325933387,0.4084066241916891,0.3272741202858576,Furniture,3,4
P11130,0.3924311719517666,0.0945297100096862,0.3429601003132244,0.2638730294825584,Clothing,0,1
P69884,0.4979594700986589,0.4130114820060481,0.3065255746701099,0.0494187465629283,Electronics,1,3
P15460,0.6843830069770539,0.567442498788356,0.3725950450804179,0.1289123643299652,Clothing,0,1
P64784,0.4226615391540458,0.7841095274335858,0.6303376033487729,0.2070512947235984,Electronics,1,3
P81664,0.697945373453384,0.4077577214239154,0.3569398891813922,0.3162838084417126,Food,2,0
P80981,0.4727596752999735,0.6756598407928119,0.7394999622739413,0.129677439235328,Furniture,3,4
P44757,0.1539020545740242,0.2570151991279428,0.5151732336631063,0.1295427091205351,Electronics,1,3
P69613,0.4500321667398541,0.5697127555586137,0.3957991930277617,0.2426454637893712,Food,2,0
P86372,0.4206858566610876,0.157195349404708,0.4273231693362684,0.222962599184146,Toys,4,2
P40783,0.514386022928881,0.5624158115951311,0.4977135156425538,0.1995353655733015,Furniture,3,4
P20713,0.4676119433639787,0.337151096963773,0.1798962641926063,0.4676394552980691,Electronics,1,3
P19659,0.4642368762055094,0.3608391662602678,0.5986937035278332,0.3477978124421504,Food,2,0
P07127,0.3858286235065392,0.4524661879464843,0.5181923859949668,0.4289513245688372,Toys,4,2
P52453,0.4823951478666414,0.7309516936566811,0.5745215898976086,0.4706153518634861,Clothing,0,1
P17327,0.4316965850557575,0.1272487433854852,0.6553482661961217,0.2340267823982744,Electronics,1,3
P88743,0.4699109073572242,0.4118298243022549,0.4303951484563721,0.1710870904843737,Toys,4,2
P88255,0.4590772379248894,0.3289667241601828,0.5186049032149675,0.1750462308307727,Toys,4,2
P36836,0.443559598091794,0.1751247170841245,0.6572763215192416,0.2233589031863951,Food,2,0
P57425,0.3897082990124616,0.3167770708322504,0.4760010369073419,0.0867199581047416,Electronics,1,3
P85287,0.3392380846175811,0.5797827341206743,0.1106253182646402,0.4175781486479101,Electronics,1,3
P77764,0.2524429758046932,0.2485317254699823,0.3472735608253061,0.3877960989150156,Clothing,0,1
P59984,0.6457391276180213,0.4678519928669321,0.3441415189190929,0.137067158584234,Toys,4,2
P57729,0.5235416712552753,0.3678663850818705,0.5554558921475856,0.5227252788059955,Toys,4,2
P63376,0.4520294238833105,0.5851924861262872,0.3809665191929241,0.0666706935931958,Food,2,0
P06506,0.4160030746600751,0.4476252238754991,0.2673140824689388,0.2276604565088575,Clothing,0,1
P25972,0.5492243148561522,0.5541870424411046,0.2561010524358552,0.448180158492062,Electronics,1,3
P64503,0.2591376449469275,0.2476235040134751,0.6932098651575622,0.0214850296864474,Clothing,0,1
P44980,0.6822020035545894,0.5007233096992212,0.3938087852331547,0.2983095907083963,Electronics,1,3
P21702,0.4772753369261068,0.40722520236303,0.6242922755650286,0.3951288582391045,Electronics,1,3
P08690,0.4541138099411154,0.5377235784947121,0.2343457362151866,0.2889660697273544,Food,2,0
P91870,0.2625137944744352,0.3371770579028756,0.4289000066158018,0.3700244404681821,Furniture,3,4
P44827,0.2505432669662673,0.5085984445126757,0.3987399577744718,0.5254317251619773,Food,2,0
P33199,0.3573822729264401,0.5391221994642839,0.7259681579374414,0.229994370748183,Electronics,1,3
P32896,0.4786391811572519,0.4903481324801978,0.5600340160535203,0.2623166749097708,Clothing,0,1
P62611,0.3050506068186335,0.6031173352515853,0.5170387313975451,0.0757610119944179,Food,2,0
P63088,0.2251733534852906,0.3444977113606099,0.4233623534526576,0.3107918352191581,Furniture,3,4
P51944,0.3750541411047969,0.443608259262522,0.3024362429072957,0.3899046831550952,Furniture,3,4
P02323,0.5310312269251181,0.4063166384451946,0.4152812421420542,0.1156881821074957,Clothing,0,1
P43151,0.5241089597854721,0.2572780299450059,0.4417485652546645,0.3791786941951406,Clothing,0,1
P15499,0.4141871970592988,0.4102260504339491,0.570203502452937,0.2311041088295774,Clothing,0,1
P99095,0.3829920536350437,0.2909875473079203,0.6665956666593535,0.2491774529732605,Electronics,1,3
P61728,0.4141274529716904,0.3299153093669028,0.5739317355152257,0.4736253599759077,Electronics,1,3
P43517,0.729651794881049,0.4179941936111403,0.5372180650924061,0.3721461389920648,Electronics,1,3
P89025,0.3820193042595048,0.4238856976263457,0.2909102199571162,0.3086191133791507,Clothing,0,1
P11952,0.4501416375954211,0.1583470498411752,0.3572413214762362,0.2039938992164081,Electronics,1,3
P72651,0.6466421499683513,0.6537563686849571,0.4009503007729195,0.44111032001557,Electronics,1,3
P27107,0.4920653236613267,0.6496347859141046,0.2888437300123789,0.1796203880327748,Electronics,1,3
P49592,0.4500321667398541,0.3414995352877349,0.753641332248532,0.267303956236505,Food,2,0
P73907,0.3674247097206004,0.2747081649530833,0.4235657367637782,0.3086019748203212,Toys,4,2
P59181,0.5486515827465759,0.0391616914645407,0.3839810475284917,0.0298792576362957,Clothing,0,1
P14962,0.5041524069183858,0.3255559344600996,0.709058219908436,0.2124306592145059,Clothing,0,1
P31151,0.3852434153777083,0.2110288188996827,0.5349422886574746,0.1431500230805937,Food,2,0
P82517,0.500403927033852,0.4015387230968091,0.429320443900654,0.1827351954113482,Furniture,3,4
P64583,0.3500068067554998,0.4284685260807599,0.2233444778826541,0.2500257709406032,Toys,4,2
P57783,0.5820149119388419,0.4357449338760753,0.3262959865077921,0.209923899651476,Toys,4,2
P21002,0.7443960789882702,0.2694091932732098,0.3632957923093606,0.4431336716427665,Furniture,3,4
P78411,0.4443297814398176,0.3582475485814008,0.5303441993343314,0.4629991837580106,Clothing,0,1
P04096,0.5615432030391102,0.3347081410697793,0.5340954015925792,0.3445738268457756,Clothing,0,1
P65766,0.5638490684629818,0.6810100597065855,0.6312144082449733,0.3767770356865251,Electronics,1,3
P77398,0.1756008307020108,0.4710438206285023,0.2999407741754409,0.1282153705043338,Food,2,0
P30739,0.3187670010707654,0.6708385383285361,0.4430720862531318,0.0630975029107679,Furniture,3,4
P06506,0.4766233375155855,0.6561486037667863,0.5161267248955357,0.1818589949332879,Clothing,0,1
P37524,0.5909994607147586,0.2402098870100418,0.4030505857453824,0.2290296149212872,Toys,4,2
P09031,0.6101227737225792,0.4722013788930028,0.4497640752391073,0.1765202063814322,Furniture,3,4
P18015,0.2088555869629886,0.4228242491047248,0.3878002781126334,0.2368558193703442,Food,2,0
P74940,0.4106834774248214,0.4596845385321227,0.3227904678747452,0.4296622098947149,Food,2,0
P02308,0.4712163573001672,0.5325062094961586,0.5256959491493739,0.1138232617789241,Food,2,0
P08572,0.5274708266855778,0.3264378641895726,0.4473025480111588,0.1616389933613499,Food,2,0
P43713,0.3942190391842136,0.494457434300214,0.1864958879257795,0.3189991337488202,Electronics,1,3
P35281,0.3624868549975089,0.4914241833822472,0.5058814535634982,0.0663080165988918,Furniture,3,4
P43892,0.6986959029404097,0.4189471849119207,0.4690602434586376,0.2454311589993957,Food,2,0
P85834,0.4801791580246251,0.3557264941984155,0.3169653174622369,0.3742464240210864,Furniture,3,4
P74981,0.3980225104909947,0.5680779809683759,0.6257913603470008,0.3111752145872228,Food,2,0
P68849,0.4121848284765845,0.3477711662174116,0.6688943137707848,0.4603944017870298,Clothing,0,1
P48167,0.4135267991366914,0.3239923479337949,0.7550599954693709,0.2665614473646594,Food,2,0
P74018,0.4297796075357918,0.6166675907449943,0.4073867402035938,0.5282179901513255,Furniture,3,4
P04424,0.4762525888628127,0.4227936630057131,0.1570736863325929,0.2572275909088161,Food,2,0
P15633,0.4773535425160505,0.2553784421482194,0.4775977039879744,0.0690747542172064,Furniture,3,4
P71131,0.3551714931288231,0.6306260430513198,0.3266768951014716,0.235581907833459,Clothing,0,1
P63615,0.4305095887601678,0.6739043966733912,0.387331221631528,0.0245539047603113,Electronics,1,3
P35005,0.3637090551553045,0.3643469437023701,0.399605729400897,0.256714206835388,Food,2,0
P46843,0.5248078255203512,0.658485068889207,0.7136624303594744,0.1652214735767821,Furniture,3,4
P66910,0.4562957272366899,0.4817704332553831,0.65208619347436,0.0245020688656461,Furniture,3,4
P63739,0.4113190087770174,0.3179864936703527,0.5981725971404677,0.1850421598897497,Furniture,3,4
P82622,0.2769044349216185,0.2810321823095743,0.4383477297783947,0.1854498270010381,Toys,4,2
P43850,1.0,0.521285530943857,0.6941548679534053,1.0,Furniture,3,4
P02278,0.517133787374536,0.4471304179471213,0.5041367393822679,0.0933527869459937,Electronics,1,3
P55152,0.4146305471293858,0.4198621392225152,0.6064105983044386,0.3839554257958494,Electronics,1,3
P14499,0.3817750732867656,0.4474562291684222,0.6543758029972405,0.3698190058951341,Electronics,1,3
P71989,0.6225270640304397,0.3956170463935775,0.3303735537431487,0.279657584209726,Clothing,0,1
P99987,0.5113692863569583,0.4553720888150775,0.5757702351924058,0.1211798451773746,Clothing,0,1
P49676,0.5737936399550233,0.5741204183039511,0.4761733564474096,0.3500012252063751,Clothing,0,1
P38593,0.5100866794329062,0.2446805137390649,0.6980110187078264,0.389686235932157,Toys,4,2
P77606,0.6381670205717079,0.3912416528411908,0.3997006512799414,0.2107774600657048,Toys,4,2
P78210,0.4891118936670589,0.3619141923348782,0.6163135516050968,0.539171824513939,Toys,4,2
P10793,0.4531216599307101,0.529641564583748,0.5611945231248088,0.1483418172133587,Clothing,0,1
P58782,0.6707571331366309,0.4712596742220852,0.5729537907187018,0.2628933800578732,Food,2,0
P49890,0.1712147593167581,0.4651471636858502,0.3867931261733965,0.2211433263661677,Toys,4,2
P78279,0.3671277191743851,0.4357259788263398,0.4712692639007143,0.2500257709406032,Toys,4,2
P87221,0.3307787499388535,0.573640552558495,0.8275341102917798,0.4232821805973735,Clothing,0,1
P86933,0.4784281403752595,0.3838816421390185,0.4212007651591459,0.3643526999869924,Food,2,0
P48206,0.3372800309294704,0.4196901695414712,0.4831649948067841,0.3477202371253691,Food,2,0
P89923,0.4512955484534002,0.4758400887192961,0.7846963019120716,0.1013130343191836,Toys,4,2
P79206,0.3451297028276385,0.3603761381524658,0.3017871536917832,0.2977929414575868,Food,2,0
P88036,0.3375618773192992,0.7820793557440996,0.2615333113076403,0.0455001877358975,Food,2,0
P10727,0.5329841563173864,0.4374418657481426,0.6147100497775692,0.0980017712506918,Electronics,1,3
P57371,0.4743882567032175,0.2865263919815304,0.4088618266402093,0.2578033911807597,Clothing,0,1
P77065,0.2997342309707502,0.504132592246607,0.3007868923542141,0.2812219271162415,Electronics,1,3
P81212,0.4415039679514528,0.4769924275549438,0.5135341864001929,0.3938690854956326,Clothing,0,1
P85897,0.4268277456307753,0.2725040095664973,0.5013514573579047,0.0816345174381652,Food,2,0
P02770,0.3106687465353795,0.304327091657069,0.4607429563247581,0.390846113592765,Furniture,3,4
P83919,0.4716912502516263,0.4046057427646899,0.3268571955557791,0.333932851318671,Food,2,0
P99934,0.535344764710608,0.5515471743561309,0.57489912978874,0.2325016585817842,Clothing,0,1
P05694,0.3630098762159187,0.5006225117275381,0.5128283276618206,0.0264267146725438,Furniture,3,4
P77292,0.7591941545844101,0.1041401169100735,0.2855248362115831,0.0950374106464306,Furniture,3,4
P23783,0.5349644181888716,0.4394499099108799,0.3641178404373528,0.2593421591996637,Electronics,1,3
P09646,0.6110391788497925,0.2142899878029034,0.4391446885849548,0.2369070330832945,Toys,4,2
P59174,0.6730094117927833,0.4320344755979682,0.366456063452668,0.0309516507846179,Electronics,1,3
P79181,0.2700775558623679,0.6484005721008289,0.3972443521453272,0.449703226979271,Furniture,3,4
P83088,0.2532495599341841,0.3841338909432083,0.3440849450494854,0.142101216801568,Toys,4,2
P17303,0.609752385840713,0.352687510515387,0.3404964147311147,0.2409847394864961,Toys,4,2
P78931,1.0,0.6668441674303373,0.8148941342313881,1.0,Furniture,3,4
P04777,0.4396255727188468,0.535340409568826,0.3828850376837131,0.0974906901054504,Food,2,0
P23438,0.3116277085867276,0.2804095974380141,0.6422879709977067,0.086684802421723,Electronics,1,3
P10652,0.6712799448870675,0.7472850269951853,0.3406499497506145,0.0769306994446822,Furniture,3,4
P26320,0.2533534415024842,0.3385333645628451,0.4238872816902541,0.3879625202871599,Clothing,0,1
P08643,0.560677322784785,0.3458028734144402,0.277979140820621,0.2971198772515239,Electronics,1,3
P93695,0.3761909873864957,0.4238200234191473,0.6645745900754253,0.2101255153725416,Electronics,1,3
P24377,0.2104785694880159,0.3974684012384771,0.5620502274046555,0.0034592821182901,Food,2,0
P91207,0.5272697169215074,0.7044322109302624,0.4588643712703814,0.3218464189959322,Food,2,0
P94074,0.2371668833397493,0.5083273693070246,0.539977684651714,0.1800800636520697,Clothing,0,1
P97732,0.3841397303970366,0.4014895205382236,0.5621544948996745,0.2359993697446056,Clothing,0,1
P97181,0.3929726574005006,0.7541723346148086,0.1510591396187561,0.0698307180191199,Furniture,3,4
P88614,0.5007686702541139,0.4725297555930382,0.4630669472671954,0.2431255538327219,Electronics,1,3
P56628,0.3403856295158749,0.2690131532600448,0.832520263546648,0.2973482466633604,Toys,4,2
P93007,0.3112496327781989,0.3278323601165231,0.3345784905988915,0.1039851050003081,Furniture,3,4
P59611,0.6768115630935687,0.4628063497242511,0.3474109131570395,0.3559222315442087,Electronics,1,3
P97219,0.3714575146060491,0.3811403278622362,0.1820413765915208,0.4529312344735715,Furniture,3,4
P55353,0.360609747081685,0.5873301833161256,0.4889404849897049,0.3628194944379049,Electronics,1,3
P22039,0.3532750720601647,0.3248354888076895,0.5309371579495499,0.3118679461970677,Food,2,0
P12061,0.3785346256733001,0.4512886725162913,0.0831621383819613,0.2015402440565823,Toys,4,2
P40727,0.5045520810204723,0.5014141050505154,0.4815313626667551,0.4027640214393501,Toys,4,2
P06721,0.3406852965700079,0.3833254879335652,0.2535157659347636,0.4550287229480542,Food,2,0
P10558,0.6128737646169155,0.2559481144000609,0.6534410459986071,0.0714657346714659,Toys,4,2
P98741,0.4800185777511919,0.3718458006409254,0.4252615306141775,0.3195508825490475,Clothing,0,1
P26905,0.5172052058296419,0.708259610304681,0.6139806121144716,0.1881369811321518,Furniture,3,4
P39848,0.5447819127339475,0.6057217187080192,0.6940326168686828,0.3710291397549184,Electronics,1,3
P72889,0.3810215311161684,0.5751300960764947,0.5517662864288608,0.2872234004356624,Food,2,0
P79904,0.228278399668259,0.2420050231338643,0.5720513009120574,0.1884241581588166,Furniture,3,4
P91084,0.3245695007497264,0.6116679613523053,0.5168845239148393,0.2036622017782653,Clothing,0,1
P57232,0.4500321667398541,0.384060884844107,0.5136793148642259,0.359218136161594,Food,2,0
P42569,0.2634997498824262,0.2662916685441184,0.3271459987804059,0.2303406225328722,Clothing,0,1
P05401,0.3035725841129171,0.4309096866323281,0.6116303585532541,0.3783547141978098,Electronics,1,3
P91047,0.3399673875383067,0.3755818910268812,0.5021333318303951,0.1820888128415758,Clothing,0,1
P95352,0.3711164509575133,0.4702180468663576,0.3646865170112417,0.0648962620459219,Food,2,0
P37480,0.4019939351937742,0.3699383578132491,0.5677006559513446,0.5310879627845887,Food,2,0
P63512,0.2241933526971915,0.3505588991038559,0.5028169583641178,0.1202733688644218,Food,2,0
P66961,0.5751277801994122,0.3141848998377206,0.2280464275448839,0.106954477102567,Clothing,0,1
P23651,0.2036047789695204,0.611373208640884,0.6727026153413899,0.2283989968682837,Electronics,1,3
P08894,0.4365764399652511,0.612885631490563,0.3054064640593277,0.1771492106935157,Toys,4,2
P48300,0.3089294198365458,0.4418940940675286,0.5419211064516024,0.1376347893287914,Food,2,0
P96901,0.4721412492278612,0.4837636596272982,0.507586899258655,0.0491960455054657,Clothing,0,1
P92501,0.4438192832175225,0.5787848041733824,0.3861665346320926,0.4531602766196234,Electronics,1,3
P74468,0.4202220486147588,0.3077619475197228,0.4734720669879932,0.7604514978645234,Food,2,0
P76173,0.2427931112475463,0.3480257918003252,0.5954896345867535,0.3240674177573299,Toys,4,2
P49688,0.3559606475401866,0.4760956161397403,0.6319939940351502,0.4388784023401389,Electronics,1,3
P48885,0.2990495321713496,0.472663058166194,0.6273041731468275,0.2298597963264486,Toys,4,2
P02878,0.4125908821183934,0.4025929462823049,0.3514202540304801,0.4096275841880559,Furniture,3,4
P38914,0.2823533753407757,0.2898131419156854,0.6937232006497466,0.3043176688628179,Toys,4,2
P05175,0.5414960186951161,0.6225177244280808,0.367735145655427,0.2530921787153324,Toys,4,2
P16688,0.4570948799510538,0.6058993788653169,0.5605479930225743,0.2468979938002032,Clothing,0,1
P04641,0.2705845305204592,0.3183596412240093,0.4426633755688912,0.1190693892149007,Clothing,0,1
P85005,0.3070355067425731,0.3837557495935517,0.5486048824021441,0.0134202084988096,Furniture,3,4
P74032,0.6349480349358024,0.3023615312792053,0.6513761404943379,0.1854137574024863,Furniture,3,4
P25841,0.5664235387602646,0.4909444010184351,0.1308185201323912,0.211824028074916,Electronics,1,3
P26917,0.5115320798638712,0.5399382858956898,0.4616384603054874,0.5942343335059082,Food,2,0
P48280,0.5635444530128015,0.6879217845117179,0.4322719516422023,0.2676590639569766,Toys,4,2
P91746,0.8090117007745402,0.487081179935607,0.1661741871353979,0.0847629016052103,Electronics,1,3
P16961,0.5703455888764298,0.3887928983490117,0.7493570961983507,0.3425195850212372,Toys,4,2
P77538,0.6764441002099476,0.4854792054204361,0.6171622461762646,0.2628933800578732,Food,2,0
P32493,0.7387353412827284,0.3405588337620769,0.5833391051304909,0.2276277941967499,Food,2,0
P73495,0.3712010886304475,0.331367139720934,0.517486636911076,0.0885928105230493,Food,2,0
P09248,0.2301623639790558,0.2783985984642487,0.5566033616837965,0.3898022069316333,Clothing,0,1
P30603,0.2132577628514655,0.4850681740539453,0.4796793379594595,0.2937431657274716,Food,2,0
P47200,0.3575824208750764,0.3585587629648974,0.5919881152531116,0.2674151565765293,Electronics,1,3
P50554,0.475206486336646,0.508672545435201,0.4263638229111934,0.2500257709406032,Toys,4,2
P68926,0.441927198181522,0.5064584780734469,0.5408941734139341,0.250532880543753,Clothing,0,1
P94392,0.4133370885778432,0.2297167382950031,0.8787495825821031,0.2064628414726095,Furniture,3,4
P89584,0.4628801432020478,0.431435648122826,0.2009052503196599,0.2400651611943214,Toys,4,2
P47810,0.382290843158152,0.406846309265562,0.6932681845411656,0.4334701515433447,Electronics,1,3
P01563,0.3687446835390147,0.2034244081780086,0.3575686788885512,0.2556114735951051,Furniture,3,4
P98925,1.0,0.3411794228078442,0.2392920575005722,1.0,Toys,4,2
P59029,0.3081323805971921,0.2161952904897773,0.6469201237704529,0.3059225854514484,Food,2,0
P61663,0.4598095477920923,0.2803690288959503,0.1903224114710008,0.1675374647433292,Clothing,0,1
P78690,0.7987940775889147,0.5214167725637606,0.3279720805571443,0.3139127891439282,Electronics,1,3
P23996,0.3120258287448571,0.2257980055244324,0.6815968968897473,0.1908990381568907,Clothing,0,1
P96212,0.5014138208022072,0.3696392576615785,0.1399896284417792,0.3286983570073481,Toys,4,2
P47333,0.3619509992522642,0.7088721654300693,0.2154228281517397,0.0378534881372435,Food,2,0
P73918,0.3232190581164862,0.5625263879607888,0.6108780655600611,0.1094388192816878,Toys,4,2
P06071,0.3298046995750817,0.4755138167750919,0.6240213762083434,0.0354755264002774,Electronics,1,3
P41534,0.6532258618377498,0.2720286296296967,0.4195816199739887,0.2628933800578732,Food,2,0
P53158,0.1829113426088845,0.1659972733848328,0.2576523643084371,0.1163034420705066,Toys,4,2
P13505,0.6039743543857873,0.3699129600003281,0.3105875417225011,0.5003363382954156,Food,2,0
P20712,0.2944347566152438,0.3967986170528377,0.4263110833196281,0.1858274708312944,Electronics,1,3
P87155,0.8047833567637003,0.6537117623041897,0.5286121393487014,0.3939765096134716,Food,2,0
P65584,0.513842883953525,0.6323810556964077,0.6778168795379492,0.3236375919180743,Furniture,3,4
P98287,0.4378053409551808,0.1794593402200172,0.4047509099992327,0.3033824709075502,Clothing,0,1
P19958,0.3772876637271802,0.3815261533369277,0.5432880469200719,0.1676336188758465,Clothing,0,1
P35335,0.5830782254440164,0.8224519933899439,0.2626919044200513,0.2272591187541554,Toys,4,2
P93750,0.5020907567042903,0.2974745115411726,0.538985396136429,0.2248021155261469,Electronics,1,3
P44834,0.5159933138603804,0.444813645783955,0.2142204327593435,0.2654215014797299,Toys,4,2
P96387,0.2626954492116894,0.3995870477899265,0.5233285722518649,0.0126814018555386,Electronics,1,3
P80518,0.5964259587982776,0.591080063839457,0.3231239414395117,0.239244068374261,Electronics,1,3
P17722,0.4511330086990678,0.4694718576689339,0.5074494475626512,0.2040865217262379,Food,2,0
P14338,0.5253036333179897,0.4836862134418936,0.5388623022874378,0.2438148132507246,Clothing,0,1
P93346,0.5645689153895584,0.2628766310727742,0.5496880541148117,0.3496541761012157,Toys,4,2
P55280,0.2989382786082541,0.3046194200842017,0.3045986532689457,0.4992166652616926,Food,2,0
P47504,0.517738666098285,0.6675628726547114,0.3219600539556354,0.4198255289232682,Electronics,1,3
P38839,0.5911512015671474,0.6443270441232457,0.3148155951986423,0.2406764137201033,Food,2,0
P10669,0.6615144630953003,0.6346110962016216,0.2519645276386941,0.1324387720681427,Electronics,1,3
P77064,0.2301243649170693,0.5400976042189402,0.3875909700712416,0.2727732720295887,Food,2,0
P38364,0.3584305987802859,0.5082682668334937,0.4949414755685195,0.2443326138293854,Clothing,0,1
P00681,0.5272018028440048,0.0040854026538296,0.4971453935890033,0.4506700527357481,Toys,4,2
P19391,0.6575514900633214,0.5514624777656293,0.2112215666590111,0.1337232247800624,Toys,4,2
P75321,0.3701811748393432,0.5867716295159591,0.4841760339295492,0.2569662130565927,Toys,4,2
P29619,0.8211031259854682,0.3725863865563671,0.5636562564830992,0.3051502840463618,Electronics,1,3
P66559,0.4598919894350213,0.2776583902171953,0.5452349219594846,0.288542420487007,Electronics,1,3
P27581,0.524329409429584,0.2981097327226681,0.683966042233326,0.3496332087969278,Electronics,1,3
P81280,0.4609524733702568,0.2883531752457137,0.5444858028469197,0.2760423354566234,Clothing,0,1
P49692,0.4038488867559668,0.3190919985736776,0.5138637857791823,0.3224687516114793,Clothing,0,1
P27128,0.3630235648479593,0.4767958751499003,0.5284046437629476,0.1351080744173551,Electronics,1,3
P21785,0.4728905309700438,0.4258356570012616,0.4702668520975854,0.2698083316497568,Clothing,0,1
P34299,0.6194010489157666,0.5116823776815986,0.5859492687149223,0.1444059131319025,Furniture,3,4
P09741,0.1887635051393589,0.6395652564541346,0.5170555154086158,0.2618925608827722,Food,2,0
P33158,0.599146651466252,0.5837759163453242,0.6170874798286462,0.0813364810799231,Food,2,0
P90019,0.4021378398355024,0.4270800938171556,0.7497221172241463,0.5266638069735019,Clothing,0,1
P11004,0.2975373914363729,0.7261738299151178,0.6760538725271599,0.3536312293820366,Furniture,3,4
P93828,0.4788910511899538,0.523382410493345,0.348067994439986,0.2717330483046419,Clothing,0,1
P56337,0.5347054888828714,0.3944501373728793,0.4299236332084173,0.1614774522686532,Toys,4,2
P81061,0.3078739035952427,0.4590097384750188,0.6577652159662766,0.2551960945595367,Food,2,0
P86075,0.3874717185286436,0.5782487145284899,0.1600095076106609,0.2959320371779009,Electronics,1,3
P97144,0.5446438926751938,0.6555009822420507,0.345095481598159,0.0458683854008923,Toys,4,2
P80113,0.4273681521188954,0.3160203056290089,0.6713187598477935,0.1358817134137682,Electronics,1,3
P49459,0.3425477205868349,0.5352072133435294,0.768927943594464,0.4167103921152975,Furniture,3,4
P97167,0.6166927570483298,0.4064421593603612,0.6298536777218771,0.0068714419892593,Electronics,1,3
P79916,0.6449940784465731,0.4566630084233684,0.3088051653526776,0.1358375101128497,Electronics,1,3
P07790,0.6074923393977575,0.3411421759210772,0.507586899258655,0.2889253307959223,Clothing,0,1
P26617,0.7094334918538703,0.4139212528697404,0.3808068305617804,0.1930222815945929,Clothing,0,1
P73785,0.4128093901309362,0.6794758843883165,0.4634373830361791,0.1406465354720615,Food,2,0
P49988,0.3963560826909449,0.7370311408426894,0.452136853021932,0.1833984182899381,Furniture,3,4
P76297,0.3530928382953221,0.1279841188701755,0.6123381532445994,0.379004273630217,Food,2,0
P31769,0.6882117411470892,0.5424068655870173,0.4688114017930306,0.313730395292343,Food,2,0
P73829,0.3872939870068265,0.5917996850625155,0.3067522308243273,0.2628933800578732,Food,2,0
P63606,0.5212786371394739,0.4746628023122662,0.0822882935840014,0.1482012490503924,Food,2,0
P27630,0.4547343506416148,0.5618719375678403,0.4330333615093764,0.494588275990956,Clothing,0,1
P63635,0.4806273523554467,0.258978478289472,0.274228130284736,0.6350370361199994,Furniture,3,4
P20579,0.4223402763962727,0.4850897667215749,0.3253239252820182,0.1998473006154328,Clothing,0,1
P94749,0.5836299035718748,0.2162960787448993,0.4611397507785698,0.1229621386270683,Clothing,0,1
P64271,0.4416611453777447,0.4238856976263457,0.325963464797662,0.1423740909780821,Clothing,0,1
P34897,0.5320839776264968,0.2781940402803531,0.1978272481064157,0.1999614187640175,Furniture,3,4
P30492,0.4935105224779336,0.3181670344778336,0.3505857299304739,0.1423691359232844,Furniture,3,4
P08632,0.4451824833612804,0.3147905038592243,0.5982646264500902,0.2077245988827174,Clothing,0,1
P51182,0.4542412172771652,0.4021204495353575,0.4153447166714923,0.3441449208069923,Electronics,1,3
P58750,0.4617165052691689,0.5914783654748481,0.4190092245165189,0.4472295977507457,Furniture,3,4
P52972,0.6562271831337215,0.4853270604632675,0.5629957710389606,0.1605709476991678,Electronics,1,3
P34626,0.4411345013008179,0.3903148574492439,0.5291034022270237,0.2337209877167262,Toys,4,2
P50583,0.4596777659953033,0.3794465588503076,0.2864227043880561,0.4016621039105129,Food,2,0
P28675,0.3500612546673754,0.5097555561912458,0.5062334227418597,0.2455389262748414,Toys,4,2
P01864,0.4868050621372338,0.4834605429040419,0.3150176053847298,0.377086555802773,Clothing,0,1
P34738,0.4800029444258643,0.1637926981081177,0.4423408366342775,0.277207539748204,Food,2,0
P18276,0.2270262560534706,0.4827948297722917,0.0993008713046035,0.537401547701626,Food,2,0
P17503,0.371589459066644,0.5988786346806811,0.5311400494958305,0.2677136451464324,Furniture,3,4
P00935,0.3422007312921771,0.5427911165976583,0.6166507489700302,0.2034357355310342,Toys,4,2
P62014,0.5933577692500064,0.2192683196103213,0.3531897057948177,0.281529480335421,Clothing,0,1
P58252,0.2701949598826535,0.5188676827935964,0.5645604422039883,0.1311264875628265,Food,2,0
P58317,0.509684023328306,0.3985132382634961,0.339541980898713,0.4820874336332484,Furniture,3,4
P64942,0.2469854646521283,0.6169557040876452,0.4356690712421068,0.0813752377024494,Food,2,0
P96543,0.2934724616751736,0.4238856976263457,0.4928754949633417,0.0580713923694603,Clothing,0,1
P32479,0.4064573038313059,0.1776115881440363,0.5013658289016305,0.2240862809172455,Clothing,0,1
P19101,0.3792356355934845,0.1294046029601292,0.5093524358629766,0.4867141909263627,Electronics,1,3
P43710,0.3510006554336887,0.6553475104586796,0.395087683269948,0.1003056091515041,Toys,4,2
P61884,0.5886459067501021,0.1711664373957198,0.6504446226007179,0.2004253763426698,Clothing,0,1
P58952,0.5319272529455272,0.5013286567655348,0.4673957824640707,0.2777276792260834,Furniture,3,4
P60784,0.7944875121682408,0.295972828042811,0.5294317354944186,0.1718608084281488,Clothing,0,1
P36259,0.8008822233510834,0.2532984091765884,0.5050607194774172,0.1268537559361666,Food,2,0
P50951,0.4983940685338147,0.4257742068846225,0.555154128850306,0.261966037649347,Toys,4,2
P93913,0.2993889595502333,0.2085643785740312,0.5902837906304319,0.1861619404621206,Toys,4,2
P73918,0.5672826777105506,0.4281900438208549,0.3934634654113344,0.3333163667245402,Clothing,0,1
P21193,0.5439703986496581,0.2614996705109441,0.6666447774952061,0.3379276591560582,Electronics,1,3
P75649,0.2974706342059388,0.5090437336576925,0.4659952188403629,0.2762011624767557,Furniture,3,4
P09576,0.3677667100251084,0.548520192553327,0.7440753297200494,0.0839481901949351,Clothing,0,1
P87122,0.4628801432020478,0.4349015860184477,0.532835259671736,0.4319854344607987,Toys,4,2
P19446,0.5210172884252976,0.2756576900591269,0.4413184644254859,0.3625905956303125,Clothing,0,1
P99899,0.2293128872008706,0.353415858666147,0.9314577902686708,0.3397818665582873,Toys,4,2
P34230,0.5391596561295429,0.2754517051939234,0.5870813374248155,0.5919420147443399,Clothing,0,1
P44418,0.5603712281260188,0.3883226059242194,0.3607896669190583,0.1119988322395256,Furniture,3,4
P47365,0.393038117516696,0.65554331152629,0.3646250003382166,0.0269087916237197,Furniture,3,4
P13733,0.4154984726678081,0.2136472032598486,0.3666116794498469,0.1859804324570788,Food,2,0
P02636,0.5488125575883855,0.408636653909153,0.1953784263282695,0.1173860445935914,Electronics,1,3
P18381,1.0,0.49623245668862,0.4592486004761036,1.0,Clothing,0,1
P41985,0.3744219601842213,0.3789961495231521,0.5591659309659103,0.2998179036597315,Electronics,1,3
P86986,0.4570196188344634,0.391582703344024,0.2351803143644965,0.2104207191686918,Furniture,3,4
P31869,0.4542412172771652,0.3945763691495003,0.4779859226713544,0.2705288584168798,Electronics,1,3
P12779,0.7658931660942593,0.3978450790952395,0.3854264329185415,0.3370913192792105,Food,2,0
P95739,0.6944924364517849,0.4401900517440822,0.1788565314070508,0.3048481450357558,Electronics,1,3
P63210,0.4385023253716898,0.4465331711825414,0.1787987974531601,0.2132928433545866,Food,2,0
P28253,0.1499084236339904,0.4608485533474987,0.5780510890401547,0.2802188263853437,Furniture,3,4
P11796,0.2363010281899152,0.2720092817354835,0.6221324515298177,0.3343663156629914,Toys,4,2
P95316,0.473413395094141,0.3361598641420205,0.6184316769210135,0.5527681094377808,Clothing,0,1
P62045,0.2782846392646457,0.20513394763845,0.5526566389604594,0.1637188929876195,Furniture,3,4
P31763,0.5076761922066766,0.4736089809521646,0.5431375804151589,0.1709338960708886,Clothing,0,1
P18754,0.5459362575641136,0.4727397764490543,0.2900638422285918,0.1063043973976376,Toys,4,2
P19899,0.3278088415149613,0.5367046146131248,0.3955245999135927,0.3553415768500265,Toys,4,2
P94391,0.4412548502933082,0.367054682161103,0.6431685205177332,0.3225052208295982,Clothing,0,1
P16203,0.6118886358140392,0.4729330267233338,0.6344892733715801,0.3834845327541025,Food,2,0
P41353,0.373403047164173,0.3489689248598506,0.012507932411509,0.3171690718339259,Toys,4,2
P86573,0.5048613243218814,0.3121485461694909,0.4670723717976035,0.0260458016655022,Clothing,0,1
P80856,0.560805449480719,0.3694725260324673,0.6794757625685478,0.2786114311431327,Electronics,1,3
P80790,0.6331583376654779,0.5967601803167465,0.4812745737172174,0.2775930248246539,Food,2,0
P54855,0.4358188311767796,0.3783254592936155,0.2704486817290007,0.3415769855747158,Food,2,0
P43730,0.3282119144234977,0.059791715427358,0.5255375399038865,0.0062950921496081,Toys,4,2
P08084,0.3515126716388334,0.3980212960575481,0.5129504482426429,0.3063361377914542,Toys,4,2
P85541,0.3678263077521269,0.4723410361899408,0.4569602691093725,0.4075509506731334,Toys,4,2
P20368,0.4169645744594105,0.3396596570756314,0.4315218635988797,0.3878043741587858,Electronics,1,3
P32485,0.360378619375708,0.7192819838623993,0.5326279297736772,0.3846334491750763,Furniture,3,4
P17464,0.275005005185013,0.5266391900039579,0.4725660382168289,0.2724954545851586,Food,2,0
P17174,0.3339172210733456,0.4447117379855217,0.541900630803002,0.3147244568290454,Furniture,3,4
P68201,0.4862673651387719,0.3657883958099783,0.6556829499781649,0.2214407727237003,Electronics,1,3
P38205,0.5026695085400191,0.1510863994413938,0.1582447518266823,0.0971414005114905,Toys,4,2
P27330,0.434078679375886,0.5598629805747716,0.3838603863592461,0.0478216367673868,Food,2,0
P29681,0.2909276655722534,0.3832655632296711,0.4182078645880517,0.1941509260060737,Toys,4,2
P46765,0.3544185336534237,0.461195225234089,0.4133974267155433,0.3121376407097578,Electronics,1,3
P80633,0.4737218551615069,0.6192500501921117,0.5068406955844712,0.2358649069524623,Furniture,3,4
P80294,0.668704280938773,0.4394499099108799,0.652403888851721,0.2892532732906855,Electronics,1,3
P94038,0.2041971349740179,0.7166770627734311,0.6573565616975152,0.2423703225542884,Clothing,0,1
P45854,0.6224186705393235,0.4731870384062829,0.5662764500714577,0.1475788429177639,Furniture,3,4
P91577,0.4528344698330717,0.6277181433358325,0.4296468093408182,0.2661620079996492,Food,2,0
P40696,0.5056706185716716,0.3446474341571943,0.4659952188403629,0.1499756279168559,Furniture,3,4
P26831,0.490483910644264,0.4153641332660305,0.0929876518961462,0.0985531988315819,Furniture,3,4
P28616,0.3156722960240063,0.2544172690424887,0.3704181348342464,0.1350644372249765,Clothing,0,1
P16543,0.3687214106101342,0.4450993886065332,0.3868831197353746,0.1063257301572947,Food,2,0
P70204,0.3858717938158185,0.6931898797415824,0.5483881810475738,0.4614587807611812,Clothing,0,1
P19650,0.5033832756856381,0.2634849079288283,0.6062916147656789,0.3288444581448782,Clothing,0,1
P85908,0.3760258039502823,0.5134983755140574,0.3295200989498014,0.1563925077678808,Electronics,1,3
P27708,0.4755031516106388,0.2547031576049593,0.2514464702983622,0.2822154467670819,Electronics,1,3
P23121,0.2612595514525177,0.3924047456657079,0.4487652190475521,0.1794429704258847,Clothing,0,1
P91452,0.4552921542771376,0.3575637994397486,0.3456849032155519,0.2986720903790592,Clothing,0,1
P35344,0.6877888373335227,0.4613256737229043,0.4571292465291119,0.029634593686021,Furniture,3,4
P62348,0.4453403775101016,0.549965339495706,0.4288486358696053,0.0688288009926539,Furniture,3,4
P04216,0.452715368564734,0.4319321325168132,0.3098488295640333,0.2609856101627501,Furniture,3,4
P83201,0.5511748036937848,0.534489558719296,0.313239943190959,0.4400204794433826,Furniture,3,4
P19228,0.3053436614701278,0.2040883089710055,0.6687846574779414,0.3262933617140116,Toys,4,2
P70288,0.4500321667398541,0.704096379538113,0.5548002500642292,0.2376972982129055,Food,2,0
P77219,0.2914183801413889,0.2904401598164932,0.5444891516400822,0.0417387477480479,Toys,4,2
P73856,0.4257704717086649,0.3126916848825229,0.542167794019459,0.1855618968340747,Toys,4,2
P05188,0.4542412172771652,0.5528353661710254,0.5601258047326645,0.2144330305708503,Electronics,1,3
P41391,0.3101312890809409,0.4829673183501043,0.4045728524358922,0.1753960147324991,Food,2,0
P28890,0.2667663672491969,0.524217560074016,0.5924168206114253,0.5433057529904115,Clothing,0,1
P73023,0.4542412172771652,0.5812437393696139,0.241350612063143,0.1522880295103511,Electronics,1,3
P77465,0.4838446193356528,0.4470115336656938,0.5223123955228349,0.0271136991812517,Clothing,0,1
P87854,0.4700420399236485,0.689884295794867,0.5062780947931966,0.5746591745314222,Toys,4,2
P34642,0.3733188693138909,0.2969242028326628,0.4712692639007143,0.2500257709406032,Toys,4,2
P13528,0.4328178516772681,0.3125772687881502,0.2368468313435818,0.2482676170682591,Food,2,0
P52685,0.5440045255287748,0.5536564666917972,0.2679456957939419,0.4535452734819257,Toys,4,2
P02078,0.4272120087511263,0.2634482284877188,0.6229394727188516,0.4195485601904847,Food,2,0
P78046,0.4922100261997355,0.1754244604011879,0.3931571034013257,0.0627919521300308,Electronics,1,3
P68880,0.4437336678910295,0.5904731619806514,0.6567129931525857,0.201536783237538,Food,2,0
P77908,0.3075889379815989,0.4153954649753124,0.6530362718616985,0.5209417889616799,Food,2,0
P14840,0.5742352821914525,0.4394499099108799,0.5785788875691377,0.1229988807929803,Electronics,1,3
P81831,0.4972180024323739,0.3308173556565233,0.392196660648335,0.0761814530890224,Toys,4,2
P45146,0.5874885495000711,0.4828403901052491,0.1340572302422034,0.3396183587004737,Toys,4,2
P64236,0.5850410236681018,0.4310460213803172,0.4733215510941231,0.5235363063099918,Furniture,3,4
P37891,0.5309418739606054,0.7308146451160576,0.7369017552163738,0.2366437051765359,Food,2,0
P42243,0.4621717301523266,0.371852207609,1.0,0.2628933800578732,Food,2,0
P32294,0.3066701824898394,0.5150850147627842,0.5929425738327133,0.0319640866080731,Clothing,0,1
P59188,0.575314891768941,0.7260725587678462,0.6718164099389653,0.2452934517168954,Furniture,3,4
P61624,0.4500321667398541,0.366759763688908,0.3960282453762707,0.4708494707861843,Food,2,0
P30738,0.4989376441543692,0.4006704709774137,0.2678895491420269,0.3610389871366671,Clothing,0,1
P55982,0.1060046045949092,0.3163218179476216,0.4659952188403629,0.3969143321868695,Furniture,3,4
P65988,0.4176485134653546,0.3585695565125728,0.6160465356388091,0.2707148380196291,Furniture,3,4
P82370,0.4038620972220163,0.5037546331635154,0.5393938789049553,0.376216857402621,Toys,4,2
P28343,0.5737100806543828,0.3423712765267553,0.6304485027007845,0.1304897913369522,Clothing,0,1
P88194,0.1718297553680374,0.3676646348264531,0.5146869220402129,0.2500257709406032,Toys,4,2
P72227,0.5423310244021522,0.1981533127395687,0.41219324840431,0.3169657985685933,Furniture,3,4
P62843,0.6874178184218329,0.6598172415560651,0.3010176076665388,0.5672670217637409,Furniture,3,4
P66675,0.2781077646299743,0.1162797769150957,0.4889404849897049,0.4307043386979446,Electronics,1,3
P10818,0.5619286789947068,0.4357259788263398,0.4478142920460495,0.2873590575338803,Toys,4,2
P84867,0.7630790289605709,0.5006349337266087,0.4739832840148376,0.4376680558889823,Furniture,3,4
P75725,0.5014258049521041,0.5147068168391112,0.2970021095603396,0.2438148132507246,Clothing,0,1
P90356,0.3689666936280764,0.3645803033402588,0.4015632390018216,0.6769198251332939,Food,2,0
P48404,0.314826384581375,0.2361003525253615,0.0647117305355562,0.4063050143155169,Furniture,3,4
P68738,0.3902319144154607,0.3508265553083673,0.4894301325317832,0.2325664719489066,Toys,4,2
P39582,0.6936133282578822,0.6432727170312735,0.6718471003464006,0.382851872118517,Toys,4,2
P05185,0.5007988877556223,0.3526128694492381,0.5479865011574241,0.4598886499548635,Clothing,0,1
P77317,0.3425905923854658,0.289523451265076,0.453108038452174,0.0553060206779415,Food,2,0
P73409,0.4177726143603158,0.1647539443355661,0.7081040144676612,0.2229042035508765,Clothing,0,1
P33703,0.6447941680135121,0.5624738970686138,0.5392570942814262,0.2617836959906904,Furniture,3,4
P19951,0.6047345571631038,0.5326607399692592,0.5172829876239696,0.4546746845416594,Electronics,1,3
P49269,0.4817029514728807,0.436782965672676,0.4079180938766139,0.0427624598679118,Electronics,1,3
P64277,0.4159639543847618,0.6619343202044025,0.4725660382168289,0.4530683424939456,Food,2,0
P16916,0.2574786171700185,0.134252622929287,0.3064462193689374,0.3225012941957149,Furniture,3,4
P52626,0.4123463223920331,0.2693327801548909,0.2846371293558757,0.0642476632083837,Food,2,0
P13847,0.3324991936437784,0.4722073296095064,0.3244281286786836,0.2426460817585664,Clothing,0,1
P14979,0.2377424679212455,0.52915999067611,0.4895257236219108,0.1047120679218751,Toys,4,2
P60074,0.6466215446897345,0.5310087297348728,0.6686184478782743,0.2637029193354683,Electronics,1,3
P03066,0.6582811665119961,0.2541442994144816,0.7535360721777599,0.2175618147166594,Electronics,1,3
P96084,0.523051271465911,0.4863356500046363,0.4713943618611489,0.2513690937119354,Toys,4,2
P83185,0.4001889269768067,0.4584491322327224,0.4016654372645226,0.2609856101627501,Furniture,3,4
P43403,0.4628801432020478,0.5261107435267016,0.5167275853083788,0.3711724538373455,Toys,4,2
P44440,0.4763867825771655,0.2709320840391557,0.3568003302806659,0.5462293119332372,Toys,4,2
P24926,0.5324021272911689,0.4205340073371653,0.3064394309776032,0.4121011186826439,Food,2,0
P05633,0.4718970437584968,0.3741497194221244,0.8078595890837988,0.1476315329339082,Toys,4,2
P18585,0.5509701191802068,0.334411745809175,0.2343454637614841,0.6625215684723372,Electronics,1,3
P48420,0.4988053442685973,0.6066474667860992,0.3143722604644196,0.4285506148915362,Toys,4,2
P83406,0.4401596698419429,0.3218869862249662,0.4363716053505093,0.3160727873074512,Electronics,1,3
P89827,0.2890058186984247,0.6377959743549888,0.5143780172705058,0.3410026930469593,Electronics,1,3
P34760,0.4542412172771652,0.4394499099108799,0.4709140827498786,0.3991797873368906,Electronics,1,3
P20852,0.528721861984503,0.286072532368388,0.6237573775270124,0.2111056691781088,Clothing,0,1
P82330,0.3992381513568252,0.3886786432140063,0.2983034664552031,0.1991936202111835,Food,2,0
P90492,0.3495859398934102,0.6064168378977625,0.4839831286669953,0.1349176397933463,Furniture,3,4
P60449,0.4797653584742745,0.3315250161441486,0.2752430615616583,0.171431697858399,Toys,4,2
P40117,0.4285575397579004,0.4352601069175596,0.5643400253056461,0.0718790416769235,Food,2,0
P70767,0.1861811231218104,0.5386135025212723,0.51181416197155,0.5255816292708397,Furniture,3,4
P44933,0.4535933027691294,0.4430817336731901,0.5166105777387843,0.3260469803662783,Furniture,3,4
P66433,0.1021808919404397,0.2654742233399056,0.4832176801545062,0.2564482491916529,Food,2,0
P35272,0.7652498059275508,0.5086013784045079,0.31316231368907,0.4254102422100315,Food,2,0
P77338,0.2506042898209872,0.3748072997966521,0.4627315973785445,0.2371397265143511,Furniture,3,4
P59401,0.5183285258081191,0.6056794861337644,0.4634609309789339,0.0079325550745126,Clothing,0,1
P15976,0.321183302226356,0.2276549269497602,0.3832299939623499,0.5398196227087637,Toys,4,2
P09636,0.313534006976096,0.0704351067597347,0.5215716615871389,0.1937973378518651,Food,2,0
P29908,0.3121899523281262,0.6243569534119996,0.3841360534448655,0.5009550869874201,Furniture,3,4
P65159,0.5097931188438067,0.4550652353727489,0.5635371515263549,0.2289319853901485,Food,2,0
P36704,0.4524729029099803,0.58035133299765,0.7801414938185292,0.0861595160387044,Toys,4,2
P94269,0.6182972270633527,0.132381048325054,0.5704887971331075,0.1974229590805156,Food,2,0
P91620,0.4126397711705956,0.5557545634203067,0.4657073420508736,0.1289407932928903,Furniture,3,4
P50628,0.732276177051832,0.5137524474540426,0.3235847223795178,0.3666118165824619,Furniture,3,4
P73153,0.2363190913626144,0.4770883418709033,0.5671761383235681,0.050404780042444,Clothing,0,1
P48032,0.3192762413159953,0.4163644088535451,0.3874277858246919,0.1115005676218718,Toys,4,2
P99907,0.33510689814781,0.3187045507287059,0.3646553039052999,0.4191523540426758,Clothing,0,1
P61597,0.5748896240987702,0.2965073464180439,0.2260339899164838,0.1746081110227759,Toys,4,2
P94931,0.405254483919555,0.6024189746617575,0.5696414814861575,0.5548262296044314,Toys,4,2
P32062,0.5337322505476702,0.2822739959896986,0.4802757916084794,0.1431176578318304,Clothing,0,1
P50616,0.3741932858479041,0.4087565101481775,0.5097531724469472,0.2332406688291328,Clothing,0,1
P43379,0.1821550394673207,0.3927151050641008,0.2953014897388769,0.2759575228369264,Electronics,1,3
P87273,0.4529669886200443,0.832044388199988,0.7362465160010048,0.6461250195055412,Electronics,1,3
P00170,0.3669782186868687,0.4326472943219404,0.5034124173831849,0.3663511885846833,Toys,4,2
P40836,0.4917208435614145,0.3656940199104946,0.7461279069199619,0.3235267946120674,Clothing,0,1
P69390,0.4395189101563712,0.3249163045041225,0.3408978083416154,0.3818769158463547,Furniture,3,4
P32575,0.4716937176560659,0.4626742757087796,0.5899879642271835,0.1646974864559175,Furniture,3,4
P72117,0.5846608851206649,0.5090093141327169,0.484109254646105,0.0695914785624357,Toys,4,2
P21179,0.6896047179186698,0.4620226521340222,0.5178005066617649,0.1270170043489816,Toys,4,2
P60599,0.3736290628550096,0.4469958848252835,0.3406595205369332,0.1695201126324551,Toys,4,2
P69083,0.4999596739188092,0.5203961693607229,0.5625332323757877,0.0065275303875346,Food,2,0
P00346,0.6502797605043313,0.5433255675015096,0.4470162136530321,0.3738698591074388,Furniture,3,4
P59556,0.6278907988622269,0.5041037018285998,0.4847858516303216,0.2867330679113548,Toys,4,2
P23424,0.4553189295231383,0.4271832075851834,0.3591764138492779,0.170193418971284,Toys,4,2
P69228,0.3246996993313595,0.2907073924713839,0.5951860279361034,0.3463338196062648,Toys,4,2
P83302,0.6535102379965042,0.3789916939473356,0.569658930745476,0.2865107945609727,Toys,4,2
P31288,0.4851411304689137,0.4806805215347961,0.3807395647466312,0.0673883419424027,Toys,4,2
P85366,0.3393053048877497,0.7355650547218695,0.4928238380803078,0.551785077837077,Toys,4,2
P27927,0.2519137391467054,0.7016671804779397,0.5694336198577625,0.1223123357540357,Electronics,1,3
P64737,0.3605231891952005,0.5638812842930673,0.4491126426125325,0.4081489730945905,Food,2,0
P41383,0.4718691846079249,0.4998573258355586,0.3847252222612117,0.4861682007859823,Food,2,0
P22880,0.4659579855924636,0.393713669032487,0.464962300722674,0.0578714290352537,Clothing,0,1
P78660,0.7446367890174056,0.5438482641407558,0.0815219509716099,0.3297705067034905,Furniture,3,4
P11601,0.2778088191126052,0.3471075809513317,0.7770289431632378,0.6001326721837202,Clothing,0,1
P26545,0.4503200492861839,0.4231238476487562,0.3803730355302562,0.1014228903284332,Furniture,3,4
P17348,0.6379198210203731,0.6850755644874083,0.5603090553770398,0.3000027192185497,Toys,4,2
P57547,0.5881900532031828,0.2603520516001407,0.6080587195640299,0.3141423639444127,Furniture,3,4
P22169,0.6588422175368431,0.2976775347228941,0.6182218268644706,0.4025577868405628,Food,2,0
P92254,0.4332076099871167,0.2805252873789193,0.612874837049515,0.3315857598506222,Electronics,1,3
P73349,0.6535921476507756,0.2536708536655588,0.5756219035251096,0.2412000705385326,Toys,4,2
P57492,0.2176647405346404,0.6395107951779682,0.6896656249801713,0.4100183819981471,Electronics,1,3
P58597,0.6295103601785974,0.5416541984363875,0.7836007475118242,0.3701192135591661,Food,2,0
P12300,0.3744408309002844,0.6945053250218782,0.6515730741448538,0.2125351094016126,Furniture,3,4
P99161,0.0540922467970501,0.4470646623912674,0.5258430046551551,0.2609856101627501,Furniture,3,4
P35481,0.5306882081877508,0.4357259788263398,0.4712692639007143,0.1114410469881672,Toys,4,2
P83699,0.5594482512992728,0.1689269433612223,0.5920096854091984,0.1538817491940576,Electronics,1,3
P55764,0.3102741251401815,0.4484550145101111,0.771276899825558,0.3224010976669779,Food,2,0
P02278,0.5233400900594948,0.5253632526951975,0.6407679458673755,0.2698465314284226,Furniture,3,4
P61449,0.4107591226803871,0.3195441292067951,0.6634730644068718,0.4538886325387731,Toys,4,2
P00869,0.4542412172771652,0.3217435542613822,0.0602973549812886,0.012121471254756,Electronics,1,3
P89731,0.4823426007899207,0.490821927192735,0.5123364924075391,0.366782272927861,Clothing,0,1
P65054,0.4109885365574302,0.5029182308470171,0.6191050894254115,0.4707404892259348,Clothing,0,1
P69578,0.0813050928210564,0.4010355040065675,0.4584245285095378,0.1432682730075342,Toys,4,2
P42896,0.0856058519221132,0.501881324174483,0.3638936653942775,0.1459354157688708,Furniture,3,4
P78808,0.3274360502033924,0.3170893810502004,0.4714058324495119,0.3427725707643891,Food,2,0
P51521,0.5393852867488639,0.4953367409479623,0.3676122743780884,0.2609856101627501,Furniture,3,4
P18106,0.7049404365741718,0.6712284780669778,0.3546361179449319,0.2972484062629005,Electronics,1,3
P75386,0.4907477947819783,0.4780793378489834,0.3543762976253209,0.1618450389061307,Toys,4,2
P82900,0.3055633605308989,0.2719107019326444,0.6094909966129252,0.247661193074836,Food,2,0
P08980,0.264201686623638,0.5831037428302563,0.361671476950716,0.4446753984404903,Food,2,0
P33132,0.3827666465817507,0.4707500884591265,0.5066763759065892,0.3532410075865609,Furniture,3,4
P21123,0.5499313893973877,0.2563083606913575,0.126515477998138,0.3285121475883052,Toys,4,2
P72049,0.3226946471477556,0.4227936630057131,0.2288751763538313,0.1343653797567953,Food,2,0
P51160,0.3552868184980882,0.5715466042574032,0.5107155820351063,0.0479785922035575,Food,2,0
P64954,0.4003657058201328,0.4690467124735904,0.6046582288481099,0.2198032451421561,Toys,4,2
P41174,0.5896705820328277,0.3385858468833054,0.8078585672478441,0.3257485772716639,Furniture,3,4
P05118,0.5017685741523277,0.1829867484127359,0.2643188997805333,0.0502802155227803,Food,2,0
P85106,0.256684126178673,0.4937308254338593,0.3288123949233202,0.3570268123025579,Electronics,1,3
P48715,0.4156596737623715,0.2649782098635678,0.356347959694591,0.1001588321588562,Food,2,0
P16199,0.5430150722962209,0.4920187558636144,0.481842034269579,0.3020144051341975,Furniture,3,4
P99225,0.6028465182821504,0.4357259788263398,0.2927006678086828,0.3594399622565963,Toys,4,2
P65993,0.3497491206158961,0.4555879569048266,0.5602063897234142,0.4200911216491208,Clothing,0,1
P70441,0.2268287532344242,0.5350706020276731,0.5597849240334398,0.2028133390752061,Clothing,0,1
P10589,0.5249158380657023,0.506669162569026,0.6598380045744152,0.1002792489404264,Electronics,1,3
P77084,0.7055411377064352,0.2879239616727029,0.7256219837946897,0.166960756854407,Furniture,3,4
P85101,0.4429187855248193,0.055251689798002,0.7150895387722913,0.2771886747869249,Toys,4,2
P13793,0.5507744131965203,0.4129487714138939,0.5022713607011927,0.4432442471613421,Food,2,0
P46547,0.4623710318514044,0.3453427786975068,0.5144098785254536,0.2053977392834432,Electronics,1,3
P78581,0.4328936099937324,0.2094387810254421,0.5302766076529593,0.47918707864033,Furniture,3,4
P90932,0.6143056136311025,0.3016299477001964,0.2965959895244429,0.2461315128440355,Furniture,3,4
P12619,0.2039184579196388,0.6863010399552882,0.527356455386905,0.4017003288123744,Food,2,0
P36088,0.5807473756598318,0.3465536232826794,0.7050744940415912,0.0389103121919972,Electronics,1,3
P77784,0.3317933487790572,0.3815621162771587,0.2578649769021357,0.0054979688960817,Electronics,1,3
P99734,0.3911760795918523,0.1953741776908968,0.7936505336186361,0.0028486891593905,Food,2,0
P24806,0.3098882938374361,0.3040357078145124,0.4715018601309049,0.2371430788459218,Toys,4,2
P22602,0.4793283073335983,0.4055043118857556,0.4939320912350135,0.1706232731531633,Food,2,0
P76448,0.5262276638794349,0.5043931722975082,0.3492426848473183,0.4605528112880158,Food,2,0
P18485,0.346285687130856,0.4441599986240219,0.188216151429205,0.031197873226386,Furniture,3,4
P40520,0.2975383262755283,0.3151665108413336,0.4824260186105884,0.4756225671804354,Food,2,0
P19307,0.3116815547613632,0.548556718935084,0.3486693077825562,0.3456974189828844,Clothing,0,1
P54855,0.3007538523521988,0.4134772524890316,0.3240165269187967,0.1253920641728023,Toys,4,2
P12949,0.5643952541365448,0.366354756456977,0.5951236560893371,0.3038416368701135,Furniture,3,4
P49399,0.7076947624582522,0.3620541027913431,0.5064509593646235,0.5301340082030056,Clothing,0,1
P69618,0.416456004500613,0.3651803123404042,0.507586899258655,0.3855269296878741,Clothing,0,1
P95812,0.4929384625624978,0.240959041937587,0.1867870586878989,0.0715966785138455,Clothing,0,1
P15116,0.4209177547008246,0.717287470057638,0.2614463713987824,0.1938898586015134,Furniture,3,4
P00308,0.4387824973262993,0.4112902575532985,0.4989828839381267,0.6691987559838335,Furniture,3,4
P30387,0.4210974065852987,0.6249600509919901,0.5743925297008944,0.094389279814883,Clothing,0,1
P46206,0.5258510203467934,0.5965698388194316,0.6375976694188813,0.4844888624045618,Food,2,0
P73696,0.4637348666706596,0.3408448784043061,0.5310240062487028,0.4814212471297401,Food,2,0
P44680,0.2418236740983979,0.4954250922760745,0.1943015933454013,0.2237467607452102,Clothing,0,1
P00848,0.4066798718089721,0.3987280993620295,0.140607401827899,0.4161272532260711,Food,2,0
P72531,0.5283574505409804,0.5142442737406068,0.638967263473353,0.010103223473748,Electronics,1,3
P64393,0.3218817369250095,0.3639457251297123,0.3129752678696895,0.2674723930285294,Food,2,0
P86624,0.6783755948684137,0.3325677352165684,0.5139229550404292,0.5339266580434339,Clothing,0,1
P03828,0.4043981318125167,0.4878156239904199,0.6616098337903235,0.2931907727443879,Electronics,1,3
P92607,0.4478479541793023,0.3921868612910917,0.4164692555984544,0.3612315474464542,Furniture,3,4
P60558,0.4484615855098647,0.7208419903311323,0.5682304878693198,0.0774801655561226,Food,2,0
P20999,0.6496478394827968,0.6903247516132361,0.4266264042006393,0.6707306573988998,Furniture,3,4
P26717,0.4387875896955799,0.4488349524695713,0.5279943780174342,0.0424020422652004,Food,2,0
P00228,0.341310397827528,0.0,0.4712692639007143,0.6274656144792122,Toys,4,2
P29861,0.3032062382234168,0.4081613726935588,0.5200605749505698,0.3002604133302095,Toys,4,2
P12497,0.277606701945068,0.5752192282183883,0.5638671803741965,0.0972036609238148,Furniture,3,4
P73164,0.2687647207379113,0.2563301465607845,0.4613704037367578,0.1550056478624972,Furniture,3,4
P40585,0.3423453440958041,0.2901713420361865,0.5937007423708865,0.5545644378585164,Clothing,0,1
P46783,0.4607907161643134,0.4722246674873055,0.4037064922202222,0.1631577654115825,Food,2,0
P64738,0.5729235524194985,0.3872964651507832,0.3457634934933333,0.1049541296697685,Clothing,0,1
P01968,0.5368694209754223,0.5988396932564166,0.5312690366706805,0.1375150708960243,Toys,4,2
P40490,0.4577154942143579,0.3720297788569159,0.5965886323479441,0.2829519943908005,Food,2,0
P98739,0.52397950421456,0.3903899046114822,0.4893560491339243,0.2126440510465336,Electronics,1,3
P79123,0.22503053328161,0.4232618252710506,0.4653120870837887,0.2292602615703559,Furniture,3,4
P59806,0.2645951407867873,0.3719002723278062,0.4693310505486464,0.2628933800578732,Food,2,0
P19907,0.5504828975847258,0.4068223119295808,0.557225417831847,0.1837384421116812,Furniture,3,4
P37906,0.5344145028629212,0.4467967959245942,0.6343942115443943,0.115607898466914,Electronics,1,3
P08931,0.3527747579129299,0.4627141087908031,0.0161011907246284,0.2724134600087566,Food,2,0
P48801,0.3279287867995261,0.4912253090972704,0.5897842482340065,0.6128290535064845,Toys,4,2
P57312,0.6960775170731897,0.4229909715989146,0.3927082667796628,0.3803795140044054,Toys,4,2
P45699,0.357009744349744,0.0705398391596128,0.4851986061084906,0.0162746202350985,Food,2,0
P44144,0.55000658064442,0.6000731307163896,0.7459997395586783,0.248327335319237,Toys,4,2
P19399,0.3818162196248303,0.381456455887643,0.259432996501225,0.2635975176839759,Electronics,1,3
P82543,0.483690078214623,0.2032829168128163,0.6764740776919732,0.519469009881538,Furniture,3,4
P05730,0.4413116616091372,0.368888968296563,0.7084196485781692,0.2247582608871625,Furniture,3,4
P04935,0.2175877284979646,0.2945637255430159,0.7783632206652354,0.4647386374476394,Clothing,0,1
P96550,0.5065358778581724,0.5042220224573323,0.4302532392448496,0.167848340051046,Clothing,0,1
P77816,0.4246033006112587,0.3904119408931208,0.8167966797772063,0.1697277732778079,Toys,4,2
P73616,0.6600876276498252,0.3213084905403352,0.6156672436244618,0.2812219271162415,Electronics,1,3
P42921,0.5359944639614274,0.2486771759664124,0.3856605327689698,0.1298248884944886,Food,2,0
P49439,0.3671525686940132,0.4976065617242314,0.5326925253798681,0.4644526209389703,Toys,4,2
P61659,0.5376375825131164,0.4227630769067014,0.4859698144699965,0.311553891185154,Food,2,0
P04065,0.6483107765262044,0.6105238362223621,0.6731849315438185,0.1875662816100926,Furniture,3,4
P58648,0.4888338132011389,0.3831367464383184,0.6404398938707268,0.5491351315986122,Clothing,0,1
P65065,0.4489775077131019,0.6391124426257252,0.5606558850048501,0.196930947389089,Clothing,0,1
P17393,0.5884440221711666,0.4021211991949924,0.7587229770732646,0.2525326015516148,Clothing,0,1
P14057,0.7898137364493475,0.3544741966726112,0.4123238331892859,0.1336198412782082,Food,2,0
P88864,0.3832337121809919,0.2535373833017963,0.6036916409631676,0.2438148132507246,Clothing,0,1
P11813,0.533595201401384,0.2268520132360834,0.7883884826157821,0.2786032069639532,Clothing,0,1
P86778,0.3853826674782076,0.5117272522986726,0.3735801252084179,0.1611930039496658,Toys,4,2
P48821,0.3983332120777553,0.490756422141157,0.3694663500331592,0.4279399499899882,Clothing,0,1
P80176,0.3423952357345468,0.2431988717677343,0.5097182880272524,0.0171490809734156,Furniture,3,4
P18585,0.5726496054092709,0.4227936630057131,0.4600206922829399,0.2832058081681075,Food,2,0
P99209,0.4431156077388484,0.3889856549176955,0.1473676470719085,0.7294674221545592,Clothing,0,1
P17101,0.5211684280186942,0.6474523739060607,0.4057941378589559,0.2541007878039813,Toys,4,2
P23357,0.35320211365732,0.3083222994685176,0.4350029011477327,0.4040368681281384,Furniture,3,4
P06115,0.7435770317708656,0.347355868813222,0.3744819212042196,0.3721308758705549,Food,2,0
P41828,0.4628801432020478,0.6139282037392407,0.380395501270332,0.1376289935206225,Toys,4,2
P43569,0.4669153241533712,0.399687324119048,0.5568426781899605,0.2944888697539104,Toys,4,2
P12824,0.621577132341992,0.4357070237766044,0.4677720160730227,0.2676615395890999,Toys,4,2
P81954,0.2525737699310562,0.3144900547110907,0.4708163595491975,0.3526226606893253,Electronics,1,3
P77684,0.5173789919422492,0.4156323603194237,0.6252123929172734,0.4171544741291272,Clothing,0,1
P78829,0.5006124361442857,0.3999589338864096,0.3265292182453577,0.2085257276228632,Furniture,3,4
P75143,0.362035565312046,0.3441311319194672,0.4216749780218894,0.2348951417052941,Furniture,3,4
P13560,0.3458408754943635,0.4025549766257124,0.4143075668482144,0.0759908136344236,Electronics,1,3
P41905,0.3285251192960625,0.6438440454920612,0.4177759431711851,0.1516271741918742,Furniture,3,4
P56332,0.2493695662938852,0.4045925050529011,0.6876444873091969,0.2850129055092646,Electronics,1,3
P95165,0.5154327166399305,0.3966450518871589,0.3538909746146998,0.0696869065429308,Clothing,0,1
P18851,0.328377228183724,0.431244517702301,0.5646984487356206,0.1734511797484047,Electronics,1,3
P91168,0.1435842350602944,0.4096257357867768,0.4889404849897049,0.2102484176869879,Electronics,1,3
P26706,0.2796382308155591,0.5075020530385099,0.2829399069159271,0.3508329822265723,Electronics,1,3
P34953,0.3372315350100996,0.6326099177380606,0.8096027442888,0.0441159479561718,Electronics,1,3
P61812,0.548151768236628,0.430766628528987,0.4889404849897049,0.0996611999459388,Electronics,1,3
P78189,0.3733695044738435,0.4066665128292192,0.4084461393874507,0.2609856101627501,Furniture,3,4
P71958,0.5466591205466985,0.4285626222568746,0.4630105388747362,0.1452187277420735,Electronics,1,3
P30748,0.3258345296291469,0.4112508006369245,0.4518646603208306,0.3937285807788651,Food,2,0
P31310,0.5960051716922208,0.5665194556980874,0.4496615020852367,0.6952360650852465,Clothing,0,1
P32936,0.6112492083908029,0.4935564239292316,0.3857157628570415,0.2438148132507246,Clothing,0,1
P93179,0.5920420532266278,0.4781778960523885,0.4273708199979699,0.2560326056827842,Food,2,0
P87695,0.5493675654555592,0.3327366281168273,0.5158213096178095,0.0431374722352285,Furniture,3,4
P44453,0.439866934501977,0.324350230387561,0.30142714856696,0.2710163287514707,Clothing,0,1
P81501,0.7990537443322994,0.612647220534968,0.351098130031799,0.3085082094098314,Electronics,1,3
P71800,0.6599978951687642,0.5068103440249845,0.6791669585763622,0.1836158413386922,Food,2,0
P85917,0.1928842415596396,0.4499739655064976,0.4659952188403629,0.2489357691914566,Furniture,3,4
P91279,0.5902568116507027,0.4277234082951754,0.3387310091082687,0.5331845645494281,Furniture,3,4
P79305,0.4914680933665498,0.4474923238557579,0.5324850958784669,0.3621441129155351,Toys,4,2
P15105,0.418589332174099,0.5635893240510153,0.4811151535667626,0.1984286545196789,Clothing,0,1
P63522,0.7824797039020331,0.2378971863555722,0.6081615522583708,0.0366450302883772,Clothing,0,1
P03213,0.4656011409267115,0.4258011309226295,0.6252339086502281,0.2706332734200441,Clothing,0,1
P12117,0.4234198553747617,0.5608550589359527,0.3926812331894043,0.5314211834016953,Furniture,3,4
P67773,0.4542412172771652,0.301663470914517,0.4552285092396419,0.0245090839556572,Electronics,1,3
P20880,0.6452965439420875,0.331677963128005,0.507586899258655,0.0888548141041189,Clothing,0,1
P11445,0.606647765848594,0.3450833735189346,0.6221741759853484,0.3678817973346386,Electronics,1,3
P83285,0.4154802568493855,0.3571089517850558,0.3914540011985298,0.1752055963089548,Clothing,0,1
P57579,0.3669964445873319,0.5541499584757251,0.4659952188403629,0.2773529848277477,Furniture,3,4
P87356,0.5163082814554567,0.3009036226578465,0.5743659304893098,0.2908913619593203,Food,2,0
P29190,0.7415057810831452,0.3895882407675804,0.6065251337886599,0.1673861250651251,Food,2,0
P14938,0.5116202503456797,0.3678357138090445,0.289701371227521,0.1384925043683067,Furniture,3,4
P06012,0.4702917059556459,0.4529232693019728,0.2355873949496943,0.2347946851371981,Clothing,0,1
P25356,0.379343899277183,0.4654365514601477,0.2615963285700335,0.2812219271162415,Electronics,1,3
P80682,0.4892615925427589,0.3416887871061022,0.398071558858961,0.152433593908276,Clothing,0,1
P47633,0.3831680622557885,0.361569594065024,0.369867071115921,0.262458106035789,Furniture,3,4
P23169,0.622420313191436,0.5068360797002955,0.3480509744382836,0.2902988112249769,Furniture,3,4
P62419,0.4893087792994726,0.5711461968275546,0.1443009176092085,0.2835924706452874,Clothing,0,1
P44853,0.4416193283655951,0.1786595538888362,0.3251248794112882,0.4389263645087275,Furniture,3,4
P68524,0.4601201083867623,0.5262110295521517,0.6858645672820192,0.289877285447076,Furniture,3,4
P29797,0.275114018638836,0.3168964522951508,0.4401555859818195,0.2790088825963425,Food,2,0
P12810,0.5217933817642842,0.2070793625328284,0.7629227375381111,0.4922589981156801,Food,2,0
P87497,0.3694549571481569,0.5170888196033915,0.6347962739746266,0.4185287971405266,Furniture,3,4
P24285,0.4244092368241813,0.5670613551509157,0.4935089422866689,0.2888513287259264,Electronics,1,3
P00010,0.3226873043921827,0.1789966306028693,0.2255354595576349,0.2869213289252055,Clothing,0,1
P02691,0.4023152081292889,0.4016431026986426,0.3983441350597389,0.2628933800578732,Food,2,0
P46724,0.2828636971846104,0.7160738132246566,0.4659952188403629,0.1961313463193198,Furniture,3,4
P33213,0.3426658950890523,0.4898680787586046,0.5748023786729275,0.2093524313016629,Clothing,0,1
P89107,0.4784000753591668,0.286770622955832,0.4889404849897049,0.3496461518399513,Electronics,1,3
P38974,0.3407472779776619,0.6356687260799198,0.3173397726916219,0.1037524910599147,Toys,4,2
P06892,0.5977793857289336,0.4558622511029249,0.5530728165879969,0.0393467727414108,Toys,4,2
P49127,0.461097746268399,0.2885819391344426,0.2799297836980205,0.4200745774167114,Food,2,0
P37845,0.4500321667398541,0.4047648352304283,0.7685497162196607,0.1611585977457877,Food,2,0
P46546,0.2068176557166205,0.471496379288111,0.5321227825433338,0.3840142121474693,Food,2,0
P83614,0.3913942925021656,0.4762964236046899,0.5696972985641452,0.327679417584361,Electronics,1,3
P54097,0.4863508623595161,0.55723430799321,0.4712692639007143,0.2166060438840098,Toys,4,2
P47336,0.3751893657130216,0.4980043127146218,0.4171889098514,0.300689586210568,Food,2,0
P71037,0.4530615132921448,0.6131027741008221,0.8119919572077707,0.1951153264827565,Toys,4,2
P47740,0.6016068121277446,0.673934767934138,0.5692827209475424,0.1295685041303028,Toys,4,2
P96155,0.4234203558335367,0.3020051663671402,0.7040921892181433,0.303290454906108,Furniture,3,4
P04868,0.2885457150298082,0.3107546756579907,0.3059025722993813,0.24964687391418,Food,2,0
P90920,0.7346350955899907,0.3411452502591778,0.5224367028354757,0.2629206490348058,Food,2,0
P26346,0.3480467434944884,0.392198221891703,0.2201914907678898,0.6080293797372193,Electronics,1,3
P82520,0.7322954498718046,0.4149502104996369,0.3600971489393514,0.4317354992808295,Food,2,0
P69350,0.7100691030176038,0.6182755328456366,0.5182557657772597,0.2711617117000027,Food,2,0
P37377,0.5802585813279822,0.4691731036327559,0.5480704919941022,0.4901718128475844,Clothing,0,1
P74340,0.5203547826583906,0.3736494797380161,0.6526542125988773,0.1361188400701695,Toys,4,2
P34986,0.6498109369381084,0.5817795819582048,0.4644724256867626,0.1868898306716981,Electronics,1,3
P28803,0.5596655954447,0.2908555539127073,0.4187847815427809,0.1630698489443599,Furniture,3,4
P93530,0.4907008832488776,0.4774268821543715,0.4422800561568074,0.147346315419813,Clothing,0,1
P80659,0.3359362075203631,0.3196660106111332,0.6524431482555683,0.4738642665552637,Furniture,3,4
P53064,0.5357299087665308,0.449953714007877,0.5634057997854015,0.1635600585882917,Food,2,0
P53049,0.5548482098129732,0.4177293577178819,0.5541015423790409,0.2201017656556702,Clothing,0,1
P37734,0.6420927605804285,0.6092151639667795,0.4226911713401209,0.1793108501373475,Furniture,3,4
P06466,0.6088896042200295,0.4220061555258712,0.7967354618964131,0.0958384356597324,Clothing,0,1
P20129,0.4644461513085764,0.5141269989099249,0.5845916588255051,0.3919252137730484,Clothing,0,1
P02542,0.2854697107357437,0.3264904654929083,0.3602527271817864,0.1862740864102193,Electronics,1,3
P01618,0.6155324456415712,0.4240815820648076,0.5185766779203305,0.2340129814355001,Electronics,1,3
P17286,0.4058133705742132,0.4876595783009562,0.4884431269900167,0.3279445663719713,Electronics,1,3
P70842,0.3689913823062464,0.4171996839655637,0.6472866732282665,0.1199287685666352,Electronics,1,3
P54883,0.3773285961530103,0.534516479388085,0.5307594172998387,0.4549972100894346,Electronics,1,3
P95399,0.4478479541793023,0.5932364211976346,0.5522288208466075,0.0598258017395684,Furniture,3,4
P25904,0.3652618791428199,0.4116732414727323,0.6854560892981639,0.2469236758715776,Electronics,1,3
P79609,0.4500321667398541,0.5677979157857334,0.4432478204671746,0.3884905894782677,Food,2,0
P90437,0.4288196658635131,0.2948357573899228,0.4328220516570888,0.0745583665867467,Electronics,1,3
P83238,0.6637102583875036,0.3026324553132517,0.3459903921688148,0.4045698117920904,Electronics,1,3
P80457,0.5541234810399921,0.496392660461867,0.5563636786108933,0.5223294832868574,Electronics,1,3
P01537,0.5206656924237648,0.5888007019026511,0.7907540541589749,0.2573731939540369,Furniture,3,4
P45839,0.6640021020509058,0.2775526498812084,0.2929994380680037,0.1827847689172606,Furniture,3,4
P64857,0.3790251705824947,0.4842241808399566,0.1861925934392867,0.1205717618178497,Furniture,3,4
P61049,0.8017567814449639,0.3080585746322048,0.5618732902656624,0.2348624703144214,Clothing,0,1
P38490,0.4962487166334026,0.2097637156286555,0.5172034119204163,0.4962068285766222,Toys,4,2
P93034,0.5553919002338703,0.4510359037520153,0.4038044756336495,0.1929869152886296,Electronics,1,3
P45015,0.3635619640395043,0.4550118367932413,0.0830791565114991,0.2918964148957967,Electronics,1,3
P91753,0.5725221230909632,0.4601308389270824,0.4721122277455788,0.4276947393650324,Toys,4,2
P18587,1.0,0.3783412360814647,0.3829171266138857,1.0,Toys,4,2
P01793,0.3566573387075236,0.5873695632905968,0.8164613847163023,0.3790426415313938,Toys,4,2
P21765,0.5990749236501672,0.3448391913913881,0.4711441659402797,0.331791783526337,Toys,4,2
P45641,0.672203532389343,0.3582825911326676,0.2924736866087105,0.2204347068594497,Food,2,0
P45258,0.4083113988571973,0.5766061146542004,0.4039218848947041,0.3293279395311727,Food,2,0
P17207,0.4656011409267115,0.589643937031805,0.2966506664982319,0.0610327195602456,Clothing,0,1
P03648,0.4373369426881299,0.503310656805167,0.4646182597542514,0.3814716391415356,Furniture,3,4
P49701,0.253805695427687,0.3206410076646683,0.4884001292069642,0.0205057471444156,Furniture,3,4
P53843,0.323920528911737,0.4003282743826783,0.3298635241470365,0.3689507519481239,Furniture,3,4
P84621,0.330849294741798,0.4254866698801531,0.6324869175586798,0.2782089427555893,Toys,4,2
P62143,0.4560527403477689,0.3729201285204113,0.493899515546174,0.0908980639563492,Clothing,0,1
P36635,0.4500321667398541,0.2763355952794705,0.2917424284764763,0.3511278064678288,Food,2,0
P09875,0.6117784452289771,0.3933433668935256,0.653954252758287,0.2711370927242857,Electronics,1,3
P87053,0.4577093262904612,0.4302016405288483,0.6742002385379773,0.2198441865922193,Electronics,1,3
P44901,0.3526333120929886,0.7750616934383461,0.3048226413671641,0.3259006996428596,Electronics,1,3
P37349,0.411650823373019,0.3993016913496496,0.5876196731805565,0.1069427896695846,Clothing,0,1
P08545,0.4489753653878318,0.5737191404006341,0.4335737062053682,0.077588242279839,Food,2,0
P25578,0.5277928011865566,0.5628925090134297,0.5040504827321146,0.0534386334458391,Toys,4,2
P41163,0.1596823180331862,0.3896561464161564,0.5490081600790794,0.1019405136404259,Electronics,1,3
P48003,1.0,0.5659395970125154,0.6164780919952658,1.0,Electronics,1,3
P00351,0.4656011409267115,0.2363883940002734,0.5932644242587032,0.5890868046456518,Clothing,0,1
P20780,0.3585988793242771,0.5345702251546693,0.4571776040723078,0.0528436832598059,Furniture,3,4
P88660,0.5308393892176527,0.3476611653414609,0.4340919972959363,0.0629458537094416,Electronics,1,3
P15487,0.4478479541793023,0.4268247797569161,0.7524495134213469,0.2144486295171597,Furniture,3,4
P29355,0.6102086186044147,0.238067376080678,0.3040407998840111,0.4500882086212757,Electronics,1,3
P91852,0.4991100013832124,0.3589932494837847,0.2617119021370757,0.1758507733680789,Toys,4,2
P08514,0.5756737503453269,0.5861800171739335,0.2590243061003819,0.2319631825824545,Clothing,0,1
P10635,0.5666070888874205,0.6336200297718662,0.6779780434515579,0.1644119887169138,Electronics,1,3
P69393,1.0,0.3676313867604186,0.490601715728318,1.0,Clothing,0,1
P53586,0.4331176393006553,0.5217618765497115,0.2706592338575868,0.093564353310839,Clothing,0,1
P93117,0.2501996882760256,0.2965947464206387,0.6657680297941624,0.5953224698752525,Electronics,1,3
P98217,0.4615060732138819,0.4018158292233471,0.3234550281743339,0.5314087826414718,Furniture,3,4
P55084,0.4628801432020478,0.3874158634324018,0.2652581974252455,0.0943319013756065,Toys,4,2
P16695,0.5791298611419186,0.621460142962765,0.296488740067787,0.379469556163366,Food,2,0
P72869,0.4498144235525463,0.2755364827827188,0.4687758194418724,0.7547156966589594,Clothing,0,1
P17401,0.612617952893668,0.4645689161301249,0.5498518959692881,0.2609856101627501,Furniture,3,4
P19549,0.471857813784168,0.4041756817610745,0.4077916685612314,0.347707800801748,Furniture,3,4
P13147,0.7048543553814346,0.4957813437822049,0.4936667746506131,0.5212508330538805,Toys,4,2
P02017,0.4566439981146409,0.2183409793759609,0.6233947692731359,0.3516214987937479,Toys,4,2
P45154,0.6262496414039662,0.3960668844214626,0.4233380035221833,0.3140649174080068,Toys,4,2
P96778,0.3069354079406149,0.6526238331292117,0.2380981711042944,0.1987475650783418,Clothing,0,1
P60229,0.6368112465837427,0.4227152207114371,0.4182841915556787,0.0406540692697357,Clothing,0,1
P69239,0.321434503749526,0.2994074212220698,0.201575939994221,0.2273466848965503,Toys,4,2
P08355,0.5883453939204686,0.2447921383494113,0.6186829560868212,0.1626444832897472,Food,2,0
P07299,0.6240836011681828,0.5982265968981327,0.2329521805207236,0.1942575618453449,Toys,4,2
P52374,0.3472901897113876,0.5022188361333049,0.1532127895131087,0.3581327119963302,Toys,4,2
P34750,0.3720942732216848,0.1659967933376641,0.2892360041228949,0.360662331416435,Electronics,1,3
P75720,0.5914953285435308,0.5099559199984687,0.4290736122350166,0.2382552007578244,Toys,4,2
P02700,0.5205811275239288,0.3312356208958619,0.7002920830392731,0.4644117193019538,Electronics,1,3
P14388,0.7340824209939544,0.3432530416838855,0.6973119144477397,0.2311347418387547,Clothing,0,1
P85346,0.329291394654096,0.282612324369348,0.6671979187809584,0.0463096978596798,Food,2,0
P34161,0.3357437494829876,0.7208110523423438,0.2311088652345434,0.1738230140339095,Electronics,1,3
P97686,0.2577676093425359,0.6773244830041304,0.6980318378285546,0.2720120299569331,Furniture,3,4
P76661,0.7833060598260249,0.5413866862200765,0.5920093928960044,0.2438148132507246,Clothing,0,1
P29314,0.5587946993250983,0.3691426671912633,0.1243318626423149,0.1385040659944422,Electronics,1,3
P26192,0.4361846289947816,0.3983959555945336,0.1820294356033874,0.1316897213973036,Clothing,0,1
P79473,0.4311186868383423,0.4298887305663479,0.5277034638495783,0.364834403610821,Electronics,1,3
P42090,0.3751448978620078,0.3829310819965817,0.6331502301792711,0.6743878418954083,Toys,4,2
P61623,0.3398600341687042,0.3050630188522774,0.3564033425307731,0.101287509289784,Furniture,3,4
P31197,0.528050658895539,0.4123749291002086,0.290117202223991,0.0789633748358188,Toys,4,2
P69341,0.4777678677352197,0.4382149764754796,0.6166329384499846,0.3946744229395605,Toys,4,2
P93818,0.5070442303841759,0.4671662732189583,0.4907779789571515,0.3746192489907786,Furniture,3,4
P37629,0.5193961418595978,0.5564079046390031,0.4640049642835704,0.3078991749466796,Food,2,0
P70137,0.3422619332625488,0.5719522412956474,0.3194883826997291,0.3550345998504238,Clothing,0,1
P51575,0.3637671538661501,0.4293957337823281,0.5026502816037506,0.4564830047060572,Food,2,0
P11139,0.3511379956279226,0.4009796509716852,0.5496671854062688,0.5464930315841648,Food,2,0
P38118,0.379586567129566,0.5368698912154704,0.363530433121922,0.3801711364875856,Electronics,1,3
P83413,0.6490712927203737,0.430256384438637,0.640258452767974,0.4674000243431378,Clothing,0,1
P85671,0.6940442571521133,0.3945649180920005,0.507586899258655,0.2447112121958592,Clothing,0,1
P25509,0.2198082104879935,0.2981915837267945,0.187381863378777,0.0299158821076372,Electronics,1,3
P51655,0.4483570574361283,0.3807099057606385,0.482313756792629,0.287017721387459,Toys,4,2
P96797,0.4845487194437373,0.6672984108564015,0.3208292192566858,0.3960748751965526,Toys,4,2
P31738,0.6359225508315964,0.4033353224612184,0.7432724751255376,0.176135848186567,Furniture,3,4
P14615,0.384948611977941,0.4909776689886092,0.6330828368314092,0.1744226124140703,Toys,4,2
P37750,0.5510013260476521,0.4664800269357491,0.2135333697033175,0.1094630746463171,Food,2,0
P90343,0.5665882615684267,0.353791048911163,0.4364008754733224,0.0519482823603969,Electronics,1,3
P70586,0.6347059932093219,0.4627647718795146,0.3114882156801709,0.0666874697095931,Toys,4,2
P72000,0.1726791344745792,0.3180736079788085,0.4414053705926445,0.3974804323740033,Toys,4,2
P57062,0.3885637351807237,0.5348666432078116,0.670245967524464,0.3408336245614837,Electronics,1,3
P26018,0.4565370031358513,0.6577450092381217,0.5403682433370585,0.3811439678737692,Furniture,3,4
P59839,0.2680598065854656,0.2234441091093422,0.5544057334386379,0.1603057597777895,Clothing,0,1
P76408,0.2792012760230253,0.4983555230227325,0.5571833529484564,0.3035470524939134,Furniture,3,4
P79885,0.5440936833183977,0.2565381375416364,0.6041654094207066,0.2500257709406032,Toys,4,2
P18361,0.40404641927574,0.5526098514478266,0.2547488601688091,0.1813887208792831,Food,2,0
P68040,0.1616777387248951,0.4734750260639573,0.5037199498475832,0.2783431908378463,Toys,4,2
P71465,0.3013454779221621,0.1171862095329256,0.6981934910875984,0.2049289960419064,Furniture,3,4
P55258,0.1652185444042666,0.3354258975573797,0.4057718862197047,0.427711857954575,Food,2,0
P32340,0.5124111569212669,0.5243090194844394,0.8497047668861838,0.0436927773736813,Furniture,3,4
P20110,0.574709092050706,0.4876187207721261,0.3440977069766314,0.2173574925394205,Clothing,0,1
P06205,0.5117022439530381,0.6244264157850569,0.4986686596025662,0.1154400604169127,Furniture,3,4
P24214,0.3385564898754322,0.2972162282562549,0.6333956324051723,0.3484126741391036,Furniture,3,4
P03864,0.4910764548389028,0.4203085537537875,0.2617230099733033,0.4868295942688815,Food,2,0
P28412,0.5855264431516234,0.5577565359701134,0.446428394573812,0.1369550714569841,Toys,4,2
P67393,0.3025308829175369,0.4479379047575051,0.3370875991025651,0.0136217864300835,Furniture,3,4
P94024,0.1418860420533415,0.3892220931370025,0.5270729444948979,0.2812005245806584,Furniture,3,4
P24736,0.396517408593349,0.3058223914743042,0.322512280816083,0.2701744474624172,Electronics,1,3
P13374,0.2118217812051832,0.5910518752004235,0.2750600349811128,0.4215162341931909,Toys,4,2
P23315,0.7481426165973077,0.4227936630057131,0.5994961074117294,0.4658811717323197,Food,2,0
P50788,0.4516729343338637,0.495210267355482,0.3561948176244652,0.4431467804998689,Food,2,0
P73933,0.4773040489874334,0.5833867387279752,0.397034350575397,0.2955401667087753,Clothing,0,1
P16802,0.2480919594055969,0.2323644197744981,0.4659952188403629,0.5146736064863071,Furniture,3,4
P72130,0.639653468530668,0.5670721187065698,0.4712692639007143,0.1239830619714948,Toys,4,2
P72333,0.7419022906081361,0.4525155547071503,0.1925807786406175,0.0378964090836993,Clothing,0,1
P41370,0.455882070536159,0.31287557771678,0.4751547296920577,0.2500257709406032,Toys,4,2
P07969,0.3457632740212858,0.5069711639232657,0.244884767194496,0.2543650502998293,Food,2,0
P39400,0.4020791003463508,0.4957148313278565,0.3177983008118418,0.0710016343482003,Furniture,3,4
P49229,0.4738561385704854,0.3466498380540728,0.6683754032003554,0.261308273867231,Clothing,0,1
P99393,0.4201747057022762,0.528529564116402,0.6645088814994858,0.3701003547779155,Food,2,0
P79114,0.3622106119961214,0.4074998122843432,0.4659952188403629,0.3955323958962146,Furniture,3,4
P28546,0.2564568814115626,0.4577663239718749,0.3056067778060995,0.0907469426218758,Food,2,0
P75395,0.4652442962609595,0.4657392974739043,0.3959391461018414,0.0232747549155671,Clothing,0,1
P27035,0.3733012140545091,0.3782888194951266,0.251887652594394,0.27057826632248,Clothing,0,1
P82780,0.2922198856920091,0.3759725542163388,0.3799162412848501,0.3749598512606273,Electronics,1,3
P42324,0.4456023137502518,0.375267521198979,0.2437438216178545,0.3124923675624728,Furniture,3,4
P39004,0.3111148249147802,0.5022898628393173,0.8569738488483124,0.4648671052987033,Toys,4,2
P33572,0.5941611335516889,0.5419886323799683,0.3074167656544167,0.2908278805755071,Food,2,0
P36905,0.6038460908726091,0.3733440753037121,0.6489390055395102,0.2625210700201997,Food,2,0
P13250,0.449368352786402,0.1999840103159561,0.7206112129813717,0.0273368740822778,Clothing,0,1
P04838,0.6599199246227725,0.3766135758492107,0.5520374515599874,0.1984855210219447,Clothing,0,1
P89311,0.4930615632877559,0.4348040419779822,0.8210893118409857,0.1070762819132708,Furniture,3,4
P52034,0.5113765589095547,0.5476898130740675,0.5373955939248145,0.1957682662470917,Clothing,0,1
P59601,0.0749807016544194,0.2042411842460601,0.5225463167763073,0.2453890925835713,Food,2,0
P12766,0.4770342645072675,0.5220797303199449,0.4867188906742447,0.2446335960393355,Furniture,3,4
P09557,0.491358682737559,0.4960442616478294,0.3896965835497527,0.4289556928628372,Clothing,0,1
P82351,0.3005468915377988,0.4273287249172249,0.414994507950852,0.3342965641305051,Toys,4,2
P81854,0.2165016517039632,0.4433567069296144,0.4889404849897049,0.255950339607742,Electronics,1,3
P87724,0.7402335178640123,0.4465971234597975,0.2313554100838434,0.7035399180094768,Electronics,1,3
P79585,0.6463128967986256,0.3903794299257904,0.7132868055084123,0.0671477608492395,Food,2,0
P14557,0.4735064927214411,0.504158827764569,0.4890537529575022,0.4386203508453675,Toys,4,2
P39087,0.4373823318040096,0.3866299504152028,0.5087228391526865,0.0170573201025408,Clothing,0,1
P66667,0.4353209341306643,0.1112367760368989,0.3160716556626627,0.0120935388687761,Toys,4,2
P09336,0.5967509496329065,0.4050898435357901,0.4600259343534524,0.5656285253043041,Toys,4,2
P21882,0.4735111215817502,0.4357259788263398,0.4967907823157188,0.2951518228041555,Toys,4,2
P82738,0.4409903354113333,0.4394499099108799,0.4548747534279368,0.277824653587109,Electronics,1,3
P61879,0.555478776654855,0.6378641073215008,0.3868928113527562,0.3921308798123691,Furniture,3,4
P60874,0.462908991199404,0.2760277931116519,0.5254163225385402,0.2118942095394508,Electronics,1,3
P32328,0.5335436707190467,0.3374443541935371,0.3560592950510026,0.0742785224743371,Electronics,1,3
P49026,0.0946721678686968,0.3499471442658958,0.4735869024272133,0.7309147501727987,Food,2,0
P97788,0.332737992611537,0.2700624102075843,0.2626588280624993,0.1906226203408618,Toys,4,2
P76832,0.3692815212244338,0.4259945147297128,0.3311146564194404,0.2560318639117304,Clothing,0,1
P36681,0.3952777969312249,0.4565770738883191,0.6123754183792396,0.106824184820489,Toys,4,2
P42410,0.5236785914273417,0.5051577375445927,0.5492286149219235,0.035220794814234,Electronics,1,3
P47194,0.4160038219736039,0.4383832756358056,0.7888809522938397,0.1519648761753646,Food,2,0
P88708,0.49201254342091,0.6874690204557113,0.6532003151031784,0.2579635990337463,Clothing,0,1
P54532,0.2657517046691758,0.5519438496872778,0.6420945814921806,0.3740194510671766,Electronics,1,3
P57829,0.5598185405594895,0.4493925800645612,0.4269120667418147,0.3414571849836788,Toys,4,2
P89395,0.4881222283214625,0.6367753250055449,0.507586899258655,0.3173211266426715,Clothing,0,1
P59755,0.411889813542603,0.6157234938624204,0.6213361353623579,0.1217482017889792,Furniture,3,4
P14419,0.4572693750275637,0.3473796075160473,0.5764328232403404,0.3303086734756483,Toys,4,2
P76887,0.5331609171462705,0.4377963308204413,0.6631145470269112,0.3827731180980473,Furniture,3,4
P39024,0.5164070787549475,0.2481223087136744,0.5108720607778534,0.5741898899942944,Clothing,0,1
P19126,0.2740567327629227,0.4250561745412545,0.8305802632791073,0.5363774174381232,Clothing,0,1
P23348,0.4759268650224677,0.5601712601861072,0.8461872685995012,0.4165239319336888,Food,2,0
P22914,0.388500582543253,0.6326730248159227,0.6180383567605868,0.4143236727562216,Electronics,1,3
P09053,0.2697245567226998,0.4274999240779091,0.4579832929721536,0.2055726804523522,Clothing,0,1
P50532,0.6619459148008767,0.2394169649318497,0.7422321425465057,0.1721726365309166,Toys,4,2
P27118,0.3293845157158613,0.4134516638164869,0.3342820637426199,0.3455165825327551,Toys,4,2
P58537,0.2320414686457382,0.6455299259965294,0.4230734111141435,0.1588572804530113,Toys,4,2
P00973,0.3868597547453603,0.5606164076959944,0.5008555625853125,0.2682598571946926,Electronics,1,3
P96507,0.6569632912483798,0.4488471017795413,0.4250359403362903,0.3679299604869497,Food,2,0
P36770,0.4853598662906531,0.646752751057463,0.5924906303727984,0.335449153776615,Food,2,0
P65442,0.4962156022598818,0.5490806480329101,0.2780960220030731,0.1702703278763769,Electronics,1,3
P97902,0.3083543283293805,0.3381768697873701,0.4546673847838028,0.6380570167603327,Clothing,0,1
P53256,0.5203350989812943,0.4209837622602678,0.2720104425219625,0.4524629473760218,Clothing,0,1
P68473,0.4208666109547547,0.3271497709729753,0.4279138504673325,0.538676286360305,Food,2,0
P74894,0.6678274972227567,0.4016792363371732,0.4375632399439544,0.013677839612767,Toys,4,2
P30238,0.564956485310756,0.3067014173902643,0.5174306065541234,0.2815388378642006,Electronics,1,3
P31700,0.3967205379633992,0.2046413752474482,0.5664929122924891,0.1640653754855814,Clothing,0,1
P80514,0.4666462200064227,0.2901853397704038,0.5948399998423186,0.2438148132507246,Clothing,0,1
P95505,0.4949291212592269,0.314968144689197,0.3476957348340942,0.2828067649134138,Food,2,0
P98695,0.529070148970098,0.3819609384249594,0.4168855906817543,0.2628933800578732,Food,2,0
P50511,0.2979944744741973,0.5510664838221124,0.6810811600798083,0.1874436562617661,Clothing,0,1
P57688,0.5322272187268539,0.4991871504719523,0.0760529748072043,0.4128548232506939,Toys,4,2
P31350,0.4671404263305069,0.4252067235020247,0.8503890872329708,0.1844949825137708,Food,2,0
P71436,0.6714204668405342,0.4937227829661455,0.5303878876533525,0.5381778052347668,Clothing,0,1
P21204,0.3661278678631956,0.5722654562695249,0.391326521696338,0.1029872567090426,Food,2,0
P41525,0.3600826967876269,0.3621397796775465,0.5875054339005793,0.0526180722656225,Toys,4,2
P52150,0.4632436128786973,0.4929355330498316,0.4793908206608181,0.1412160094735335,Furniture,3,4
P94332,0.2868902278583062,0.5584854219814994,0.148068198602399,0.3837230491305419,Toys,4,2
P03537,0.4656011409267115,0.3294901091300807,0.3118344847366165,0.4652606209726244,Clothing,0,1
P09746,0.3418787638465065,0.4309263158361468,0.6580888713728013,0.3657921586955372,Electronics,1,3
P05509,0.5584878823260041,0.5638486195662775,0.318822656235833,0.137249617791001,Furniture,3,4
P75422,0.5275068029878562,0.397460002188139,0.2961602744243166,0.2851957660534358,Electronics,1,3
P76500,0.5678718378914709,0.4969131870483396,0.2255791288737381,0.6457666670316982,Electronics,1,3
P41343,0.3663202192754699,0.4409929647925593,0.3867935163212854,0.2684124273099735,Clothing,0,1
P72002,0.4786982451185049,0.5175419851297698,0.4175634738457474,0.1859343989139928,Furniture,3,4
P87884,0.5728609296132903,0.5323237301480072,0.5288651543800723,0.2243876805910315,Furniture,3,4
P71267,0.3669798420599893,0.1800289782571228,0.4555106996011998,0.3261288632157741,Furniture,3,4
P59863,0.5953006751609511,0.5012522935776037,0.3930872477045316,0.3313250683933468,Clothing,0,1
P29778,0.5284129145056301,0.4227936630057131,0.3365311937211335,0.2359113540376482,Food,2,0
P82164,0.5194114888706971,0.3592734848466452,0.6218557348944864,0.2380542352011833,Electronics,1,3
P94177,0.6499973891812406,0.2884771805173087,0.1664707029375204,0.2642164619760821,Food,2,0
P54266,0.4636863904483336,0.4904179885630204,0.520145967471183,0.2611075923223659,Toys,4,2
P95351,0.4925051634067209,0.1889146923297738,0.7457133976531476,0.2168546928415637,Food,2,0
P81812,0.1982413087019672,0.5547055600918339,0.4887634085288512,0.1903509878417253,Furniture,3,4
P17320,0.7303813051146822,0.4718374201426493,0.3523528037103239,0.4485589470699289,Furniture,3,4
P79025,0.3464776030296234,0.449752460899719,0.4521281991641037,0.2630470330397016,Furniture,3,4
P81001,0.515863737068092,0.3406033709948795,0.3914785215741608,0.419429678822616,Clothing,0,1
P92987,0.6063258821749008,0.5284740266260662,0.5287189005350916,0.3752056563615106,Electronics,1,3
P75525,0.6758339224417272,0.3761258171835563,0.4218789735287768,0.2937896405595074,Toys,4,2
P74011,0.5639843558526652,0.5248019525255793,0.3672628373260166,0.477395229015,Toys,4,2
P18623,0.5428962251986699,0.4633711789861983,0.4776011123179338,0.5869733302468952,Furniture,3,4
P81362,0.6257348514688449,0.3589625812544265,0.3713734149362114,0.1478411722537765,Furniture,3,4
P08239,0.4910878019388253,0.4043309898408139,0.660641764210605,0.3650208180417725,Furniture,3,4
P32111,0.4478479541793023,0.2913575641454151,0.5114543495033277,0.4382268706718272,Furniture,3,4
P76092,0.2486688976074564,0.6787695050566496,0.4659952188403629,0.1100647899153883,Furniture,3,4
P97078,0.3531690968466091,0.476066139235843,0.5730060726337465,0.3637690371412658,Clothing,0,1
P07804,0.5426088304247314,0.2784957229419172,0.2624933740048956,0.1882167505156155,Food,2,0
P85442,0.5409323306345761,0.3935511626749556,0.7026647580819091,0.3031198017738868,Clothing,0,1
P12748,0.6855428294668758,0.4166660120520734,0.4685160286082953,0.4553820025713632,Food,2,0
P21135,0.3297816108913278,0.5646315239364255,0.5201256467067782,0.414508640113973,Food,2,0
P63474,0.5305380013168544,0.2934667480263599,0.2936296982255388,0.3605612305646508,Furniture,3,4
P08806,0.3433451162105756,0.3565976899838872,0.4576439972513406,0.2812219271162415,Electronics,1,3
P19538,0.5773458671893299,0.3665079882278751,0.6190111183484615,0.3013602186733615,Clothing,0,1
P72729,0.6180690153746995,0.4357259788263398,0.6458594197529454,0.3144705085018036,Toys,4,2
P73957,0.1775661536471856,0.2248800615241716,0.721684595773133,0.2165389372927881,Food,2,0
P26076,0.4718755820676566,1.0,0.2639877323356019,0.4253422826913755,Food,2,0
P65666,0.6639526094211847,0.5349889755560517,0.5589221180332227,0.3750233367403218,Toys,4,2
P84494,0.5590741771654433,0.3432249018022816,0.2018845564944123,0.4945878616988075,Toys,4,2
P25199,0.4648318566093602,0.5606348208871302,0.8160381426974468,0.0690574000267173,Toys,4,2
P88207,0.2890105864087658,0.4605829465791931,0.5511273262342175,0.1905216282627856,Furniture,3,4
P93340,0.5361583796459095,0.556733817033056,0.7248552347474307,0.3219609717666929,Toys,4,2
P57425,0.2778581243257679,0.3920245834862484,0.2342950680578843,0.3235160333086027,Clothing,0,1
P78846,0.2811147298592946,0.301214276805293,0.4535202655737846,0.5204264080050989,Furniture,3,4
P45582,0.426191059685727,0.6278642562481399,0.5483104405432835,0.2284758583865225,Electronics,1,3
P75421,0.6264788264647868,0.6380495697546011,0.1408484417054757,0.285627912096241,Clothing,0,1
P32627,0.2525803702767897,0.310022294253274,0.7356289366097604,0.180921696164507,Clothing,0,1
P78150,0.5126906787446874,0.0658213304671104,0.672305211576966,0.0133876221093836,Food,2,0
P54816,0.4583650076966555,0.553519849797626,0.3961424740029731,0.381163450665177,Toys,4,2
P58373,0.3684390342187973,0.6191597167823146,0.692069232048663,0.1485429964676874,Food,2,0
P62105,0.3950860293154171,0.6179124991600073,0.5268885550920773,0.5234363386567035,Toys,4,2
P00017,0.4094029011300414,0.4377351192328645,0.5523208870489197,0.3475978072807104,Clothing,0,1
P99036,0.4030146391898167,0.357655259566117,0.5988511975365611,0.2780959140432563,Toys,4,2
P31548,0.469765541240403,0.4238856976263457,0.4715942631143069,0.2822215002981096,Clothing,0,1
P99477,0.4038544309494049,0.8824721352453533,0.5633341139935121,0.4373361684557519,Electronics,1,3
P07269,0.4505369806828519,0.2183251461877745,0.3186435836084592,0.3095230636759452,Toys,4,2
P40550,0.2419149109129645,0.2767461636695513,0.4855349690435619,0.1784206394325035,Toys,4,2
P40455,0.5740062853573922,0.3375206316578479,0.6700459618537686,0.1977405254919748,Furniture,3,4
P27566,0.3510000497454379,0.3264647977612493,0.3091353164684935,0.0640509438346341,Furniture,3,4
P71206,0.2377898266503343,0.3974527209967272,0.7738705993401686,0.1883292873192557,Toys,4,2
P00602,0.5403678220832427,0.124924849253,0.472541560304821,0.4752517737999661,Clothing,0,1
P85553,0.5596438806245113,0.4295966213435848,0.7720214892631208,0.2299157502777723,Furniture,3,4
P76155,0.4876617934610487,0.3627804095511071,0.4164749238196905,0.5312340758317039,Food,2,0
P62579,0.3706417841654342,0.309717376324488,0.3180330156295388,0.2550488696043612,Food,2,0
P11847,0.5808059675948861,0.3956935693456021,0.4178637675944854,0.3694436160242644,Electronics,1,3
P47976,0.6060185649425186,0.129238350734462,0.4077194090880411,0.1751764163631816,Clothing,0,1
P65795,0.5909246027652563,0.4072430508135686,0.7135570457002915,0.1839934508710179,Food,2,0
P41992,0.4759111860905227,0.5276216124172315,0.6449112358031236,0.2500257709406032,Toys,4,2
P12393,0.3797901011936175,0.1152088397858379,0.5925392900163523,0.3648509016158731,Furniture,3,4
P87413,0.5444533280454346,0.6841633012337789,0.373188423019781,0.1827059801759034,Toys,4,2
P44451,0.5697386347430479,0.8593178129783586,0.0485128833993665,0.0979068304944113,Toys,4,2
P82473,0.312612474985059,0.683037670469782,0.3269112250435962,0.4372409860566387,Furniture,3,4
P20386,0.7324810054411849,0.6108888345225526,0.1753383383226538,0.3273953097480926,Electronics,1,3
P33687,0.651764827437339,0.3952804417721017,0.5130694706604502,0.3957201801862132,Electronics,1,3
P66003,0.5006355132275814,0.3158912528313906,0.5759650977129392,0.3990975999636912,Clothing,0,1
P81406,0.5464025298375867,0.2915686313751296,0.4357057952487387,0.1713775587757463,Toys,4,2
P81988,0.4500321667398541,0.2095195728279302,0.5080517841571991,0.3692888357375968,Food,2,0
P65819,0.4481729196891835,0.5969430766833025,0.5096020522975717,0.2593834263430587,Furniture,3,4
P21792,0.5967780465764667,0.5018710145623299,0.5353490182399894,0.0856806026003352,Food,2,0
P58442,0.3961714454867955,0.4066968888491137,0.6820066053484772,0.3676488727017659,Electronics,1,3
P44275,0.5782106383575109,0.2847018367769304,0.6368435187502984,0.5990068341495245,Food,2,0
P41554,0.281678039320313,0.5620066414129894,0.3964820248240099,0.3000565646183495,Toys,4,2
P70196,0.4170397745188216,0.6597417147469642,0.6019086508522049,0.0896389084942621,Furniture,3,4
P63460,0.4342788984373102,0.5157676402171809,0.3834394540305775,0.4279057285435993,Clothing,0,1
P07334,0.4993380508988829,0.4790789707827995,0.5044460252918899,0.3586018004346805,Toys,4,2
P45369,0.3699294194723344,0.5235601882466536,0.5601409459049568,0.3249017727446396,Electronics,1,3
P04252,0.3814365903744159,0.3000501738625772,0.5265602310925915,0.2522893398693099,Toys,4,2
P85585,0.4471428014609648,0.4377217613345248,0.4604449804494653,0.3322723065638918,Clothing,0,1
P47553,0.3364843993370831,0.3557894983749319,0.5064042366865483,0.0860744639818082,Furniture,3,4
P10835,0.3497406628026718,0.4975808269109447,0.4660536947484828,0.3520027023536827,Food,2,0
P59363,0.4597983107070186,0.4158305792759902,0.5125427274746687,0.2399763004439306,Toys,4,2
P80246,0.5772260780006712,0.465937844547106,0.3765537333516424,0.3798799788389503,Clothing,0,1
P93108,0.5173772813881443,0.5315604405920463,0.357554169130068,0.4890178783998843,Toys,4,2
P67486,0.5365680616546578,0.356390339818861,0.4866090893877748,0.1886891724228899,Toys,4,2
P70018,0.7430087675709813,0.623377027362943,0.211971184144371,0.1684255177006424,Clothing,0,1
P67921,0.3038485834699541,0.8864788988355394,0.4889404849897049,0.4338322102339669,Electronics,1,3
P36661,0.2321359901652259,0.4052897081899668,0.4719635627411854,0.1098112563300782,Toys,4,2
P04006,0.2394019236610019,0.4698506883270918,0.4755647677030765,0.2438148132507246,Clothing,0,1
P45256,0.7857150769741825,0.4238856976263457,0.2876714805564913,0.1836412778620787,Clothing,0,1
P95842,0.7566795051656813,0.562899576603351,0.4047884858643658,0.2581056576686293,Furniture,3,4
P86336,0.2243098119776179,0.5233242935490131,0.5923848924020698,0.2168645173576316,Toys,4,2
P56277,0.482211577683784,0.4649133117566764,0.1881301823870401,0.4701065076710103,Clothing,0,1
P42022,0.4478479541793023,0.611940647628551,0.2298534668341373,0.2421126245123042,Furniture,3,4
P88421,0.4054533533314417,0.6952191773840702,0.5801756529482994,0.3902870875038081,Clothing,0,1
P57071,0.3992344431725828,0.3417266708082921,0.7450516545811529,0.5253153520338891,Toys,4,2
P82464,0.5584889265518048,0.7316757982719043,0.5569120488395344,0.0557792007366969,Toys,4,2
P45553,0.4693649207621161,0.1247049279238085,0.7385404040341055,0.2127396574339327,Furniture,3,4
P02973,0.4478479541793023,0.4627462368783864,0.5965336049399648,0.2682476030759035,Furniture,3,4
P09665,0.3638831073143829,0.3866670581759259,0.5723164144769646,0.1032298891207711,Toys,4,2
P77070,0.4647531777104293,0.4017019712895471,0.4257435260724612,0.4124935550794065,Toys,4,2
P33883,0.4123933251455,0.3637316896695811,0.1651239684045733,0.2049003418191711,Food,2,0
P90588,0.6006440227350657,0.4441599986240219,0.7029555002884554,0.0880911190373396,Furniture,3,4
P97363,0.5141933678430756,0.4394499099108799,0.3527283293774886,0.071166505345083,Electronics,1,3
P16041,0.3100061990183267,0.37032578356143,0.1757038100129662,0.1590090632811304,Clothing,0,1
P93670,0.4378171820141878,0.3571493861458966,0.3265838633009568,0.7145362956143927,Toys,4,2
P26339,0.3797421362481307,0.63249768392266,0.5048568931356934,0.3120960946458191,Furniture,3,4
P54947,0.4121373215630562,0.3787918878318127,0.2756557021364165,0.0465763724466344,Toys,4,2
P84682,0.2351360787471269,0.5265901205479042,0.7997768890067479,0.3967642322750187,Toys,4,2
P49979,0.5779957710463248,0.616410573579666,0.2803669783914798,0.4645468275385771,Clothing,0,1
P13044,0.4226176344982029,0.3429729627519136,0.2024422102148849,0.1640444976143003,Clothing,0,1
P37338,0.4772621042857644,0.2438130516247045,0.5200415793216439,0.0927070597711705,Food,2,0
P78355,0.5803940442878555,0.4396450540066678,0.3596269410324397,0.3763673182696023,Food,2,0
P02692,0.5507029154602707,0.4889208147807922,0.3493509544367299,0.4288488418625167,Furniture,3,4
P89833,0.3493331354178094,0.2719500209973681,0.4664940740901869,0.182640096789891,Furniture,3,4
P74679,0.3699676538881829,0.5160160029934765,0.5885978553489825,0.1560081874355981,Electronics,1,3
P93505,0.2798202427195294,0.5717109760109435,0.75304354131637,0.2907148967756765,Furniture,3,4
P62900,0.4656011409267115,0.3973603330051402,0.6023504957794763,0.2438148132507246,Clothing,0,1
P19385,0.4285131399898967,0.29260089536383,0.8523287775570891,0.2206921463528731,Furniture,3,4
P90078,0.5179710943745509,0.4153912063589167,0.2966535633444888,0.1894612415352375,Food,2,0
P89616,0.7056606134483558,0.4319550567735882,0.1646860227227171,0.2241745303353211,Furniture,3,4
P83287,0.6595853363504296,0.2155495085906255,0.480038268479719,0.2750100116005059,Food,2,0
P14948,0.4736978922611226,0.4819338079204,0.3885162297004607,0.0234843014113899,Toys,4,2
P96209,0.5778386755335878,0.1219224168161437,0.7478902399211373,0.3303401112300256,Clothing,0,1
P32700,0.4941568109640882,0.4816338824093315,0.4220990379029531,0.3648628782677988,Clothing,0,1
P94938,0.4246751538499043,0.5316018378162181,0.4434145183702336,0.3276349637394999,Furniture,3,4
P92037,0.4943129339047173,0.348283286622129,0.6523089070349392,0.3313266923774413,Toys,4,2
P22692,0.4382397239708036,0.5415743039255235,0.4885249208454853,0.3715814332590382,Electronics,1,3
P49130,0.3132512791376218,0.7215963154999353,0.9854358925439628,0.2783336974086399,Clothing,0,1
P84774,0.432778430237749,0.5340272878558052,0.0987610143909185,0.1790856102855726,Furniture,3,4
P62322,0.7007961752777296,0.3255252299549405,0.5669619242337728,0.2688545572472814,Toys,4,2
P70038,0.4387570979185473,0.5243815933413827,0.3391386956334699,0.4009147310375474,Toys,4,2
P05836,0.4478479541793023,0.379295309556661,0.5044964630301592,0.0953513703981505,Furniture,3,4
P95658,0.2745741017275924,0.3133233421391043,0.7917240850119561,0.3048689088788083,Food,2,0
P23830,0.2814478458434736,0.4668683920754084,0.2937223924474745,0.3452093904092145,Electronics,1,3
P72330,0.5163856511133634,0.4357259788263398,0.126270879072195,0.0902975549380954,Toys,4,2
P90172,0.5148538083758526,0.5467909595513815,0.175951546004116,0.1126149851951823,Electronics,1,3
P60143,0.4629711042945915,0.5220980917758017,0.4396021362261759,0.2672392010055714,Furniture,3,4
P35777,0.2427842609779954,0.4146515404751266,0.3507203729013613,0.3183756027592337,Electronics,1,3
P17898,0.4750445217491567,0.5756570976345635,0.4151867812237436,0.3378264237219464,Clothing,0,1
P81427,0.4389601495444394,0.3154468811130737,0.507586899258655,0.2315310689041198,Clothing,0,1
P92910,0.4941644790228026,0.4009490179017775,0.6497834907000514,0.1063407684930005,Toys,4,2
P14726,0.1935273104041703,0.323869435875761,0.4079525117776139,0.2481439300496338,Electronics,1,3
P02436,0.4850001935112307,0.4406192840094593,0.4525137347620175,0.2588164026283662,Clothing,0,1
P93843,0.43859504542509,0.3991630148013792,0.4641533891836773,0.0744016505922178,Furniture,3,4
P91490,0.4088747010411032,0.6492280436021204,0.3029385864577862,0.2848104744518872,Electronics,1,3
P30230,0.2940302828816118,0.4679427169125394,0.349076075003524,0.180964011412338,Electronics,1,3
P98631,0.4628801432020478,0.3865294427464206,0.4877766692824698,0.1570931585187461,Toys,4,2
P26037,0.3674194761660119,0.8645245333486388,0.2534025452144101,0.1599076459518509,Food,2,0
P06330,0.5885604112456803,0.5306030998757613,0.2788690666263192,0.1606796513264256,Toys,4,2
P77975,0.5403055277803478,0.4357259788263398,0.5150963341779656,0.3858986148259271,Toys,4,2
P24616,0.5730282146711934,0.5172429241346923,0.3123706249922086,0.7581268141473305,Furniture,3,4
P90525,0.5357890599145361,0.2260183518345329,0.6414078313351264,0.3929519056128169,Clothing,0,1
P09868,0.4584279916209828,0.2021927607192776,0.6051758230532656,0.0779003124631962,Toys,4,2
P69918,0.3756606332078242,0.4238856976263457,0.4191405466805609,0.2038004638624937,Clothing,0,1
P70699,0.5791991405261169,0.3278303953408536,0.5254132413088942,0.2867801649737341,Food,2,0
P20173,0.4872248537758383,0.5238694869503363,0.6478219411970193,0.2210045074568953,Furniture,3,4
P70444,0.3494251656770653,0.5383536942912398,0.3345710005065617,0.2889434974767503,Clothing,0,1
P49888,0.6329151672559995,0.6648899568670595,0.7193957861721976,0.0869558708783006,Clothing,0,1
P96807,0.4503976862043127,0.3560208933913388,0.7481854719436438,0.3501854050715289,Furniture,3,4
P80693,0.333189325394661,0.4162221072905754,0.594124852677555,0.1368632227529228,Electronics,1,3
P88769,0.7011059112659135,0.409409755286617,0.5464462150424131,0.6272649686237423,Toys,4,2
P57230,0.6112574704691607,0.1594150671071279,0.5328690123692389,0.4204072917624041,Food,2,0
P74766,0.4967066850021316,0.5309509725621575,0.4215441609354156,0.1410944010460313,Clothing,0,1
P05400,0.4365201250145766,0.4443728804311822,0.761922045152727,0.4007981208375306,Clothing,0,1
P51586,0.4936440394967691,0.3512160620276116,0.4662959878830355,0.1651402386731631,Toys,4,2
P16332,0.3196287971309044,0.3437979302467265,0.4344893709213985,0.0416468825871601,Electronics,1,3
P39667,0.5785644139962008,0.5469780460616175,0.7702832463581263,0.3022149782541386,Electronics,1,3
P13671,0.583900199585816,0.1645552276493189,0.2411576902934497,0.2352194674857375,Food,2,0
P42538,0.5326152776458629,0.4928542366259341,0.637694708132282,0.2283621689580922,Food,2,0
P50611,0.6788182699092064,0.3423720415732172,0.3332522422990252,0.2958075302184098,Food,2,0
P63188,0.4049657421822132,0.3689185401217211,0.517035797298926,0.1700704449607775,Furniture,3,4
P89719,0.5222003521419838,0.5436851183380548,0.4145130214293843,0.0633937281895879,Toys,4,2
P92507,0.597147821226038,0.4441599986240219,0.3799362781595415,0.2807289459642706,Furniture,3,4
P91859,0.5546712957623567,0.3475004690533976,0.6991500947757471,0.5769888563736849,Clothing,0,1
P06281,0.4291131355548418,0.5951601961586234,0.6033959156167013,0.2628933800578732,Food,2,0
P12329,0.5336158551092258,0.4935629752418768,0.4499065067437504,0.22143393174755,Clothing,0,1
P96620,0.4995104865666371,0.7138813307722216,0.1803986337570078,0.2336294676732437,Food,2,0
P95422,0.5299077507552136,0.5027417489760332,0.53037765120738,0.3967834332327715,Clothing,0,1
P52906,0.2773529716781074,0.5702512781393434,0.5352322654387605,0.1047975145961491,Toys,4,2
P41994,0.5386763684775373,0.3815141449559855,0.2986251574944819,0.4306456164285381,Furniture,3,4
P75990,0.6072838723251057,0.4394499099108799,0.536632494842506,0.3195246326625637,Electronics,1,3
P82317,0.4500321667398541,0.3746385046711321,0.3516794307605283,0.2396399623079549,Food,2,0
P78224,0.5443631235194719,0.3729284507634727,0.6852041748384399,0.1191069484514565,Clothing,0,1
P79629,0.4807875524881587,0.2731119587079337,0.6426620799222077,0.1435759940560183,Food,2,0
P36701,0.5343955279335428,0.5509318400957501,0.7207266037077203,0.068485331153856,Furniture,3,4
P84526,0.4016975905041384,0.5143812326470064,0.4946306895433529,0.1583212217864505,Clothing,0,1
P92481,0.2320349572053005,0.297027076977457,0.4587079321063296,0.6441125681968867,Toys,4,2
P91527,0.5521417189474453,0.5722661257915852,0.2336254240104527,0.2628933800578732,Food,2,0
P61787,0.8705105549053687,0.3234545632294237,0.6657183730065956,0.3271529327701387,Furniture,3,4
P52624,0.672602739542754,0.3400176581080069,0.6395735504026027,0.1258107390285227,Toys,4,2
P28087,0.45033894921974,0.5283752396986466,0.32224638589039,0.3759541440565755,Toys,4,2
P31981,0.3844483753195502,0.4192794254859934,0.5509133034652235,0.3677116762480255,Food,2,0
P03178,0.4542412172771652,0.4814269882814028,0.4282452008230867,0.1538689123877648,Electronics,1,3
P73200,0.504223125226988,0.312881434179501,0.602201637146549,0.3643018189130659,Clothing,0,1
P33023,0.6903411078698769,0.4807492420486733,0.6897024038509934,0.177988016469416,Food,2,0
P79148,0.3861848339120934,0.463495324966016,0.649768417427378,0.3425395055742877,Electronics,1,3
P97913,0.3542832378573421,0.2998964578828523,0.1017438692898275,0.007759567133749,Toys,4,2
P64961,0.3241990653503769,0.5129743519633542,0.2580720142088785,0.3033270858631217,Toys,4,2
P51592,0.5172951312011406,0.4238856976263457,0.8086252851172979,0.1341332483589059,Clothing,0,1
P49590,0.4459422969626828,0.3556066758657484,0.5200219481751683,0.1141665882179163,Furniture,3,4
P49477,0.338179621609452,0.3645839952265394,0.3565249615121429,0.2431939557621075,Clothing,0,1
P90657,0.3703776220242841,0.1789982287842538,0.3653403237153436,0.0223192906660982,Furniture,3,4
P23894,0.3213710883383354,0.2872728461377677,0.4089882941241834,0.3205877110923718,Electronics,1,3
P55691,0.7233155919584499,0.6126514573971308,0.6405257560519206,0.5179763454667774,Furniture,3,4
P65298,0.2602631577698262,0.6522934421649108,0.5338163098361625,0.1794727496441193,Toys,4,2
P81924,0.4364073481844076,0.4636895764407859,0.6241403734836254,0.1140016011525728,Toys,4,2
P84729,0.4542912429136048,0.4094515735119514,0.5230911593446212,0.3921079924691596,Food,2,0
P46533,0.5377409661856993,0.578207212474417,0.2640808367536596,0.0550021479481731,Food,2,0
P05314,0.5089063977132748,0.479548053891664,0.6846445092176904,0.3126498460143499,Toys,4,2
P39822,0.4620738959557621,0.2322563760775505,0.3433088422952579,0.3095682575400829,Toys,4,2
P35444,0.5987089756820361,0.5361579051214722,0.3839532015195002,0.2141882111163748,Toys,4,2
P86395,0.6169943841196646,0.4078200415841536,0.5580755427339066,0.0,Food,2,0
P00634,0.552729021778086,0.2887544531983081,0.6011354511985717,0.0988122391738943,Electronics,1,3
P80322,0.4858123889746575,0.357587120472749,0.5322833504669616,0.4820639591550818,Toys,4,2
P30070,0.6061196939093215,0.5012683858401042,0.6154647107105192,0.258593921986794,Clothing,0,1
P94220,0.4441764750533892,0.3752002370339702,0.2359617015343961,0.362018345364009,Food,2,0
P16469,0.3727174544681693,0.2443298754968071,0.5824858693365682,0.2426092005173338,Furniture,3,4
P42607,0.3525048610069496,0.6425719681530913,0.6013273033476042,0.2500257709406032,Toys,4,2
P64182,0.5081039846457612,0.5026835829077015,0.5109884615616515,0.2327916923479735,Electronics,1,3
P09745,0.6937951132636896,0.5949250423291107,0.4466718057465793,0.1175831392053644,Toys,4,2
P84340,0.4209708549352952,0.5049684354098105,0.4455341582166169,0.4124453627928759,Furniture,3,4
P32275,0.6371023962661938,0.556842161780732,0.4335906836960581,0.3755723449206244,Electronics,1,3
P56634,0.4628801432020478,0.1497624253786474,0.38399990204573,0.529876399436861,Toys,4,2
P36079,0.6449534007184875,0.4410056024099121,0.4466625173877509,0.2675796225098499,Clothing,0,1
P89111,0.4273945537012051,0.3553722043612672,0.3435197073407587,0.0499695221657932,Clothing,0,1
P81275,0.281722605392048,0.1726104278225044,0.4983544404688028,0.3189351903565618,Furniture,3,4
P67257,0.7237539648421067,0.5453290785829814,0.5330537473399064,0.0425599239171404,Food,2,0
P03557,0.4500321667398541,0.4802459315630488,0.5386747890260682,0.027451169512294,Food,2,0
P62855,0.5439212626165306,0.4847840342849506,0.6414387123071457,0.4705333454491306,Food,2,0
P75122,0.6773439016255572,0.6126973994200379,0.6910583755534442,0.230212827229887,Clothing,0,1
P30988,0.3566898113228041,0.3910783467379038,0.7869569023492103,0.3404866077215884,Clothing,0,1
P45418,0.1293815811151068,0.0113916456431145,0.4682262772736439,0.2522688743297295,Clothing,0,1
P12972,0.5893448722847259,0.5843320049999855,0.6826192751007717,0.2468490769453639,Toys,4,2
P01175,0.3565488206094121,0.2358949840060321,0.4950353576584181,0.185578639102923,Food,2,0
P34665,0.5681500890398837,0.4970625273942094,0.4147569957806211,0.0007010861664773,Toys,4,2
P59153,0.3638806800668872,0.667328232557859,0.6716310070127246,0.4837640888518495,Electronics,1,3
P63762,0.4418757259532823,0.595603218336878,0.3628796371621253,0.333839763661765,Toys,4,2
P70694,0.7034224089926001,0.4589818515368258,0.2832000470154533,0.2149978147667346,Furniture,3,4
P68609,0.4047775963559761,0.6688221089599181,0.5616763224623128,0.4949808244926812,Furniture,3,4
P74540,0.5454640928034593,0.4821683702708965,0.5369340826043708,0.4338408145748005,Clothing,0,1
P08444,0.6660588991367968,0.4369766475846146,0.3988096647079781,0.4955192800750981,Clothing,0,1
P90610,0.2908374371415583,0.3758024359459841,0.7132986265129306,0.0040584245397374,Food,2,0
P34534,0.6059518036498652,0.2777400736615467,0.4807807654432001,0.2786093102196589,Furniture,3,4
P08494,0.4714879865759918,0.3554656236248194,0.4925646124665674,0.4173176810934368,Electronics,1,3
P46120,0.6099350442731484,0.5483308380988368,0.4591981301177353,0.01792116515554,Electronics,1,3
P65627,0.5050392259782032,0.6822719153448078,0.7436332062576506,0.3368598513550824,Clothing,0,1
P41838,0.4956256752180626,0.6001007217232298,0.503620308648651,0.1085170750172286,Furniture,3,4
P22893,0.6080678362807034,0.3675653208396677,0.5168656811139266,0.3878997710702965,Electronics,1,3
P11010,0.300121261545003,0.3420742714064929,0.2042052678834044,0.3266403088052901,Food,2,0
P98940,0.4542412172771652,0.4394499099108799,0.4889404849897049,0.3435854753586689,Electronics,1,3
P53410,0.4736550318095007,0.5135193498085031,0.2563013420949434,0.2500257709406032,Toys,4,2
P14559,0.4092670599385941,0.5312590931489297,0.507586899258655,0.40663501111974,Clothing,0,1
P99728,0.2494568527870123,0.4094052333846067,0.4206910895233159,0.2249473524929222,Electronics,1,3
P26318,0.2879054937107181,0.7060574536961163,0.5116296223842293,0.0443435003903311,Toys,4,2
P36495,0.6293783558178184,0.3576542659999164,0.3742425125242358,0.3456302401067262,Furniture,3,4
P60018,0.5301675973499008,0.5141256886408934,0.467177306060339,0.2043128273785236,Toys,4,2
P19215,0.4482293212660023,0.6099659159435288,0.246506936849137,0.3753887027427655,Furniture,3,4
P48179,0.3567233436245363,0.2694915312422257,0.359362627333324,0.3977964866315239,Clothing,0,1
P49489,0.4832679852945366,0.3829510903958733,0.32363885065312,0.3463285519259207,Furniture,3,4
P21048,0.4908883891531478,0.4762920995870155,0.5544637274865246,0.2859576743310122,Toys,4,2
P26701,0.4038028742632974,0.3394205125115307,0.4307573081956687,0.1969617185857924,Clothing,0,1
P24607,0.2798276424573906,0.3697012893618272,0.6468170581904708,0.0993305953683039,Electronics,1,3
P73820,0.784621183161837,0.3105116703809476,0.4071036082624078,0.0850398278518952,Food,2,0
P30645,0.3337402289052439,0.4394499099108799,0.2333604089868925,0.1306109035409262,Electronics,1,3
P95227,0.5371436066458366,0.2739787285189903,0.5035446955020907,0.1873784159609988,Toys,4,2
P09994,0.4799550451311343,0.3353088074996878,0.4659952188403629,0.0413085472342466,Furniture,3,4
P37150,0.5184516509125269,0.4599537325824676,0.8283149029250262,0.1464788577102314,Electronics,1,3
P48425,0.3426220546141308,0.5134428671842908,0.414618349632997,0.270822733153875,Electronics,1,3
P46162,0.3740232158457418,0.3494292113593645,0.6454640707084189,0.3407981713782107,Electronics,1,3
P79337,0.4744627187358221,0.5588893503490041,0.4708970611828063,0.2417424262520195,Clothing,0,1
P82330,0.4709142820370036,0.1862585685758938,0.4571168525316511,0.1631630149570329,Toys,4,2
P26549,0.6533668206575901,0.8154419055046829,0.8447127011475825,0.1920118677480935,Food,2,0
P54433,0.6881364464406698,0.4859267280767976,0.6974926593050326,0.1846608458423968,Electronics,1,3
P93056,0.3482541233584598,0.662283113215126,0.6719808177890148,0.3915908421812797,Electronics,1,3
P94931,0.4306351818835834,0.410422271052593,0.9400565701757554,0.3440502364125283,Electronics,1,3
P59859,0.3178941022673782,0.3070699745648866,0.4863498558345601,0.1541515377636814,Toys,4,2
P44681,0.2607451205510717,0.5418715332339474,0.21911109743097,0.2293880766507414,Electronics,1,3
P23689,0.3948122580342865,0.3963373114752245,0.523524469361817,0.2991825002664423,Clothing,0,1
P26911,0.4721629620786285,0.305327451974858,0.1328753468044246,0.169727673135056,Toys,4,2
P72666,0.5915626735284236,0.4329875488774732,0.409457718385155,0.0292098430370736,Clothing,0,1
P58708,0.437604350107294,0.3709416817171517,0.3635468193672996,0.1361445327050875,Toys,4,2
P33205,0.5118214283746484,0.3556091034384914,0.4068409881648775,0.228463882659017,Furniture,3,4
P86501,0.7509066123164613,0.3648571242427983,0.4825341494428004,0.2568099471396255,Food,2,0
P68484,0.5984026442838326,0.4730072995178701,0.4558636565083339,0.3453999193068147,Electronics,1,3
P93390,0.4121472235368908,0.2802820672624078,0.5492924146293053,0.3586223708711458,Furniture,3,4
P03091,0.5312748687024369,0.2384678665479261,0.6503246333719782,0.1710860118253512,Toys,4,2
P78549,0.5526142166941833,0.6080548071475137,0.379051949322496,0.4301837396658975,Electronics,1,3
P68111,0.6317509792379821,0.3968788656775414,0.4886740483084552,0.2540846913586327,Furniture,3,4
P41959,0.5509757154823872,0.4216936877373868,0.7662200803077667,0.2591348249440738,Furniture,3,4
P14010,0.525030349992706,0.2462933147071023,0.7418017070282201,0.010688077570248,Furniture,3,4
P72313,0.4577719452098101,0.35434768753319,0.4175439676097748,0.2343439078769849,Food,2,0
P47456,0.4990446741342185,0.592589924955078,0.6909277921841656,0.4509235592712218,Food,2,0
P14077,0.3804390565873881,0.431651718090822,0.5319519633990157,0.094888315847096,Food,2,0
P37234,0.4426776833725337,0.3139943707481659,0.3970741446628847,0.1606087503412954,Food,2,0
P60587,0.6775179310356599,0.3864772598904153,0.710752675743753,0.3573423599604698,Electronics,1,3
P95950,0.4934273299326095,0.3019259277846827,0.6053153940255167,0.0972882766108821,Food,2,0
P69100,0.4568794956953605,0.5719539097313654,0.7355100552959292,0.3586962267514355,Electronics,1,3
P94901,0.2222676632025574,0.6939529111929928,0.4494989735885384,0.1009702473400021,Toys,4,2
P11434,0.5816627337329936,0.4594682444520493,0.3772050982135874,0.4844885009109245,Electronics,1,3
P29736,0.7619832649092136,0.305862197124076,0.5579287526646347,0.1184010071923392,Toys,4,2
P69729,0.4873439120590797,0.8075551105459283,0.3377192258379435,0.2286674345154899,Electronics,1,3
P58119,0.3479155789156349,0.4357259788263398,0.6058467067768422,0.518569764194284,Toys,4,2
P62133,0.5147116285423315,0.4337891372915407,0.2363199239863132,0.2799860986249414,Toys,4,2
P78739,0.3322562184430643,0.7084480350080962,0.5353275100742768,0.3458346678310446,Toys,4,2
P79740,0.5792277966615039,0.5890012438090085,0.4190536548262396,0.3776581062493268,Toys,4,2
P86390,0.5836600861155785,0.8120513060079995,0.4098226204286987,0.1092503184150823,Electronics,1,3
P03913,0.3806479729947015,0.4227936630057131,0.5778134617298349,0.1528699931915504,Food,2,0
P26671,0.5056122973764257,0.6850825200998628,0.5749409808084522,0.5155569378630254,Furniture,3,4
P13280,0.2559774916119903,0.3274822094262979,0.4241042558012585,0.1302302396936425,Toys,4,2
P15992,0.2940565814269574,0.085703042486825,0.4662251717353954,0.1225505846847882,Toys,4,2
P69060,0.4261834318954586,0.4867747540692752,0.2664498132294704,0.2799576038629384,Furniture,3,4
P40412,0.4721199265734482,0.2809933085622792,0.2804010070778446,0.270574847081811,Clothing,0,1
P82990,0.4981855562930565,0.6569133318328658,0.507586899258655,0.3866998703116574,Clothing,0,1
P55116,0.3734715589544018,0.4357259788263398,0.1690252608101563,0.1920290264751163,Toys,4,2
P59237,0.9770974846647068,0.2944221850346952,0.553353009109591,0.2589996132141601,Furniture,3,4
P55539,0.3670323839634155,0.6100811852083222,0.5458318892850939,0.0453421919138665,Furniture,3,4
P05874,0.3876416970215626,0.5199332485590886,0.6002212326357779,0.3373327945004681,Food,2,0
P96758,0.3573321517753216,0.3465825100316506,0.5567774159529201,0.0452744359161942,Clothing,0,1
P45639,0.3489670874423653,0.5719161763382108,0.3672232360992983,0.4689710924308805,Electronics,1,3
P83221,0.4309669036110092,0.5147200363853116,0.5092079656576666,0.1608390176377981,Clothing,0,1
P85347,1.0,0.4631361518943402,0.5122100436155742,1.0,Toys,4,2
P24321,0.5583523759884405,0.5408136093879662,0.4712692639007143,0.3911547167709441,Toys,4,2
P69868,0.3474881081568112,0.5066949356591873,0.6088055275656794,0.4014773157637604,Toys,4,2
P13032,0.4956123030642548,0.4654225746920269,0.2880642809820581,0.2412791570874497,Clothing,0,1
P00464,0.4427865861061504,0.2096708600230111,0.4358683685717929,0.0561910561123176,Electronics,1,3
P25274,0.3933988860326445,0.4054045224036904,0.3676679462863502,0.3987107043474284,Furniture,3,4
P66981,0.5622251930815324,0.3215673134621085,0.5367687408230111,0.2057581562503193,Toys,4,2
P29690,0.4249961695692286,0.3098847471899122,0.2303369358094842,0.3210369876704806,Clothing,0,1
P11441,0.4704841072779084,0.668637757821755,0.5727371582861863,0.3430080044708971,Clothing,0,1
P82848,0.4478644217075309,0.6985666480254238,0.4156835786299812,0.1222819565291441,Toys,4,2
P82418,0.4819124002742717,0.4812427016844252,0.553253515622804,0.3743679517744711,Food,2,0
P68405,0.4544559189274021,0.5087168521112693,0.4216011992783934,0.2852614474250511,Electronics,1,3
P60314,0.4628801432020478,0.35579216209964,0.1554078588918819,0.3038484669570505,Toys,4,2
P61501,0.3884538683429467,0.4625997381000145,0.4725660382168289,0.1977197841806849,Food,2,0
P62471,0.6572776602167912,0.189416635364776,0.5901706576014896,0.2275431000528476,Food,2,0
P23308,0.3804976791655143,0.4083526751392,0.1662412079941465,0.1296579971558639,Furniture,3,4
P25864,0.3701895854875092,0.4840154133074338,0.4256034170598892,0.4898280752829732,Electronics,1,3
P98968,0.5356483835427984,0.3169295347591398,0.4149961289160196,0.0132029911699766,Toys,4,2
P05988,0.2366411542807696,0.5087667972382606,0.4273496693756783,0.3695213095165398,Furniture,3,4
P12329,0.700786488363023,0.3623132757694338,0.415217669349914,0.3853960612289868,Food,2,0
P17733,0.5502005936732858,0.5689383865598969,0.2960481591201337,0.2455719615730365,Food,2,0
P70831,0.3826092966573334,0.2703556964945303,0.4661852835901186,0.2438148132507246,Clothing,0,1
P06660,0.3578030080684491,0.5334225919571215,0.5132351547012163,0.2277856699287133,Clothing,0,1
P14782,0.6343294459642737,0.6260584618783157,0.5725434359745263,0.3626635508422407,Electronics,1,3
P30639,0.3766142802298282,0.4480951831960332,0.6779425910967236,0.2426265381544508,Clothing,0,1
P27292,0.3516555687828503,0.2775191006949262,0.5654014291932391,0.2609856101627501,Furniture,3,4
P70605,0.0,0.4455884326529227,0.3364438302183806,0.3720753791120866,Electronics,1,3
P23426,0.4132116581511229,0.3028211902315856,0.5636028599886168,0.194862389532803,Electronics,1,3
P53336,0.5612994165544565,0.5475150618032185,0.5317767933731624,0.0715464154433961,Electronics,1,3
P00350,0.4937670297264628,0.545022857038983,0.5492358251341515,0.33048553024728,Electronics,1,3
P66104,0.4957186177869289,0.4852092750140003,0.5107899833286873,0.1071913985529514,Clothing,0,1
P20939,0.4975585630399683,0.3875200651745348,0.3033331327746396,0.4436605660130474,Food,2,0
P47299,0.4848697438753195,0.4738160071858676,0.4664718782356317,0.3677239181074211,Toys,4,2
P41316,0.4361863488555187,0.5306589972032565,0.1491097887840662,0.2500257709406032,Toys,4,2
P63473,0.4632832378639753,0.7244405141717007,0.3234972965406152,0.2744510568101672,Electronics,1,3
P92737,0.6332412779897737,0.3942244758311506,0.5326142785519327,0.1743706856815222,Electronics,1,3
P43240,0.7015634818736727,0.1801206226927691,0.3758578102718348,0.415554217448522,Furniture,3,4
P65094,0.2741153872438695,0.4374847919226835,0.5343763619006588,0.2115613343202098,Food,2,0
P84174,0.6571123066346496,0.4375522979929475,0.3796913757316442,0.3994251602766268,Electronics,1,3
P83070,0.7062337877886328,0.4523892357382576,0.2742866965194263,0.2102455817039476,Clothing,0,1
P34950,0.2448601179626971,0.2893541361217076,0.6858559701833229,0.2903170947652764,Toys,4,2
P27317,0.2469951669095973,0.4313371578821864,0.6231494929587928,0.2821975531683351,Toys,4,2
P49644,0.5093497578553112,0.4691957990115636,0.507586899258655,0.2210093821081472,Clothing,0,1
P02040,0.1608584680548294,0.4238856976263457,0.6207196009648127,0.0625267917995043,Clothing,0,1
P22317,0.2185055157936291,0.3521448988848383,0.5238513250811664,0.2731555087896441,Furniture,3,4
P13666,0.5409610802763934,0.5410967442307217,0.7004256733509907,0.2693332760197665,Toys,4,2
P55840,0.3084795790170604,0.2538250435884035,0.1507903878029677,0.33371737642414,Electronics,1,3
P99959,0.5476574628919426,0.4441599986240219,0.5611789351221587,0.6202122840097521,Furniture,3,4
P34868,0.4199435073727086,0.4087438071528254,0.5433947103704307,0.2740522773820671,Toys,4,2
P14326,0.3568217316923874,0.1620987670438737,0.4008891805177504,0.3817625601902661,Food,2,0
P36721,0.4542412172771652,0.4402332665903377,0.5726757201560173,0.2647206100101743,Electronics,1,3
P93938,0.6405560689199744,0.5468738055157321,0.524247496111375,0.0744906351702518,Furniture,3,4
P62446,0.1498396217658899,0.653463797210173,0.6615892373613812,0.2783678283746248,Toys,4,2
P60412,0.409331534175602,0.3677359176033927,0.5647157411422606,0.5093116290287557,Clothing,0,1
P19301,0.3713836383268386,0.4238856976263457,0.5261215982549559,0.2372732135776869,Clothing,0,1
P81625,0.4969321920358143,0.4890202810469796,0.4633259932646879,0.1474607045959013,Toys,4,2
P21900,0.2954421878566382,0.3813848914464007,0.5432982415460659,0.168495103583236,Toys,4,2
P16260,0.3586474803519113,0.5331435125735894,0.688511362846152,0.2918255746768899,Toys,4,2
P67964,0.5915847464351752,0.5944947744540837,0.6857601223713149,0.3571246632283994,Toys,4,2
P08167,0.4625986745314746,0.4394499099108799,0.650964984578735,0.0112450803573979,Electronics,1,3
P36933,0.2581703874987835,0.3472104442242757,0.3307189679472115,0.1185540625413355,Furniture,3,4
P11472,0.471371641662035,0.5269397867190493,0.5694568446683326,0.2653405019337245,Food,2,0
P91631,0.3536747369265384,0.5247842558308519,0.7781944551342642,0.3368411839547692,Electronics,1,3
P27049,0.3564516819977627,0.5068720290218721,0.3638739554278478,0.2500257709406032,Toys,4,2
P18789,0.5033139327504951,0.4299438108768743,0.5616015090876768,0.2628933800578732,Food,2,0
P68088,0.4628801432020478,0.3885605706777632,0.3221657592066108,0.2218214038922934,Toys,4,2
P72987,0.4772794841209974,0.524289273058197,0.0,0.2484627438113423,Toys,4,2
P91790,0.5473492503131814,0.5568791152477739,0.6787027174965485,0.4441491918243742,Toys,4,2
P72402,0.4897215979656896,0.5255478404443091,0.0280730207936721,0.319905486814353,Clothing,0,1
P05087,0.2427394523605983,0.604576532045874,0.5757850990664135,0.2172756533822796,Clothing,0,1
P16875,0.4545949928919937,0.3459886686734784,0.5394210221872991,0.26343485749278,Electronics,1,3
P16604,0.407720926519362,0.5518075684521252,0.4857180200136661,0.0621931254880882,Food,2,0
P39416,1.0,0.4772899557731272,0.6317369602285744,1.0,Furniture,3,4
P80392,0.5206444740558127,0.5636349802714052,0.6026736163852756,0.1090275102538026,Food,2,0
P22058,0.3334011736643865,0.347218114178196,0.4725660382168289,0.1901739993798645,Food,2,0
P85087,0.3753606707206059,0.291034311427032,0.2251516688949246,0.2154159828181776,Toys,4,2
P83147,0.5452697400559856,0.4194743345637663,0.4655007138014935,0.4437421426802991,Furniture,3,4
P74069,0.3649579469710886,0.507970665373802,0.5390243906469623,0.3689546002140845,Electronics,1,3
P11180,0.5355805351166748,0.3024620359207736,0.0269654595056131,0.2986554572132129,Toys,4,2
P27225,0.4917192870583911,0.3818859546254274,0.6761780306049839,0.4113702164430963,Toys,4,2
P31507,0.5861535508219826,0.533539313431775,0.2655028249741625,0.3984690869233652,Toys,4,2
P50604,0.3704278815896003,0.6530477343738333,0.5444253517307672,0.3507268945696036,Toys,4,2
P24563,0.5305083220309107,0.2167941249065743,0.3170639498600962,0.1525299074972988,Toys,4,2
P44079,0.4529094043810445,0.4879465018507807,0.4653519382993897,0.2057740954980082,Food,2,0
P91379,0.4183981951715896,0.5014290400615047,0.6238795894023016,0.1072372206369647,Toys,4,2
P62000,0.2166147613268198,0.3013542191050175,0.2545952997704611,0.1459650038623219,Electronics,1,3
P56154,0.4879723548609133,0.8944491015181446,0.521396443992073,0.2158962859087482,Furniture,3,4
P17216,0.6620671737233971,0.5966044844501067,0.292488171787739,0.1424600910171053,Food,2,0
P94537,0.3632481227981351,0.4570712885776346,0.4754339078972534,0.2354618641323532,Electronics,1,3
P13285,0.5281297617633635,0.4620405841088446,0.6207006623697514,0.0286090761317824,Food,2,0
P74710,0.5142666560205014,0.5926883272811575,0.6136667090742801,0.531646764100929,Toys,4,2
