Product ID,Height (cm),Width (cm),Depth (cm),Avg Daily Demand,Product Category
P20106,35.43600154594432,22.622569382744683,33.657884701646566,49.12350782438044,Electronics
P41070,28.556395880760576,24.461528485801,44.91277935457518,16.094638115459496,Electronics
P29033,28.38714288333991,16.13805182254374,18.433577771733315,17.235752197138005,Food
P47714,23.283766320619485,24.27703268897948,26.857255941929058,6.472163266663273,Clothing
P14692,9.607678222398995,23.973593785892174,37.11603180582473,15.737615534958437,Food
P66892,32.598827942484235,11.500851774824962,28.8903665557074,69.11974049069218,Clothing
P27991,41.894704889246405,21.525084730120195,24.496715963300083,112.54138763693048,Electronics
P55994,35.43298029036388,28.18967636885585,16.27230652328793,31.88423206289136,Toys
P74441,27.182153911394927,26.79281688594515,29.32817283474006,2.4068707403666494,Toys
P82361,21.841897150345616,17.0654047054825,30.47421572516472,1.059946687487802,Electronics
P29514,35.70890510693167,28.856645354295782,35.65144300200935,31.749477059619878,Clothing
P95243,17.031680520441533,18.475975152017508,24.14658191847215,3.6669845525526696,Furniture
P84933,34.86501643826202,8.7584812255714,15.30988785276088,85.90732846284057,Food
P11540,28.85460154747382,20.26237596329269,45.44304770880517,70.12733744830625,Electronics
P72074,41.17295831588128,31.897969242687417,19.497532773502343,91.9845928091703,Toys
P77759,29.598420493556567,25.466631942488554,43.13747599414576,40.19980257472868,Food
P85981,33.46488475897993,16.06478041995036,25.6505106884586,63.76982005022873,Electronics
P71987,16.198985417851084,23.741545374123465,13.513260251154977,86.89971105316049,Food
P88033,43.80091354147452,36.7075421829594,28.539763450047914,89.84170666960902,Food
P91251,36.77925871339269,2.0941501334002237,26.414151270918467,22.11005803301592,Furniture
P73955,37.21672064043235,18.479687719988043,14.924084844551482,56.55977920271893,Furniture
P11982,45.86016816145352,20.26237596329269,5.628548098517378,0.7201488281935582,Electronics
P82065,25.538165667852205,22.430548764839006,28.201020537069063,44.90442926966808,Electronics
P91013,15.846292579495858,18.53682847116128,24.516233401285305,43.52118438949303,Food
P36692,28.036501509150217,19.49180340307716,21.5137423190247,96.2097193945966,Clothing
P17411,20.316555451363648,24.899750352108818,24.431892881998767,44.95222596537376,Toys
P08797,26.37161439560341,33.3959394667803,26.64250927539292,56.30909120665986,Food
P02770,27.24948302848356,24.74845377824689,24.17740398241797,95.86243551622724,Toys
P18583,41.48765700372103,12.596602991523302,16.44180343281491,31.26468634734268,Toys
P35638,31.70865438127942,14.805015693428592,19.40168675001057,138.06973706983337,Electronics
P19795,12.974163957621595,27.140778706394475,26.305573713634438,42.29164624634655,Toys
P88961,20.960923585352106,23.637927297129075,7.040213975934353,47.60274642012351,Furniture
P01414,43.99355436586002,24.56490397775625,17.228557555315593,71.09427626660012,Food
P54326,17.62184501173151,26.08044770951682,32.88810080952642,49.57188941151834,Food
P22255,32.24684725751886,6.760900510173631,24.69467296664882,97.71210705720917,Electronics
P02202,16.528737104703033,3.3270964840112924,16.89395755738768,2.8654294664635103,Electronics
P51024,46.283966231285376,26.83180781241779,25.43740292110462,52.968013610866514,Electronics
P55072,10.245334336461289,33.63284413004393,34.32672602865232,0.2340838135973584,Clothing
P89057,20.813480535158018,19.427205985135465,20.245326580033183,49.212176201904434,Furniture
P08578,29.652882302947567,22.39002326692549,23.251577812193325,84.38082725040245,Food
P17412,19.5308901731806,19.635902037590064,29.385747133404955,47.89338915447151,Food
P43915,22.27174785462428,22.65584264455212,10.090391130900036,121.65115978611315,Furniture
P85642,29.8148686400761,31.13972240051463,25.70719326747235,76.1223993376521,Clothing
P48227,32.54420843301213,17.570191769786682,47.60400896425981,41.86055065795108,Food
P06891,19.78767182869287,18.948219234626656,36.24554410635543,48.28876499441175,Food
P30456,17.63049289121918,18.50284587996361,18.63136694660177,8.217935834990108,Toys
P12076,26.835915503051982,7.611053609090026,15.282373108517364,24.917249893411206,Furniture
P78355,25.54497478599228,19.955231849367628,18.968963195911904,55.9518055153246,Food
P96889,39.68644990532889,-3.370803867956859,31.83741065935752,55.88722822000162,Clothing
P29400,31.391261223613213,20.191224346279643,-0.691639966139519,58.96393340965285,Clothing
P05309,30.56649924897107,26.54311726420023,22.95271366041933,52.04216807745863,Electronics
P47706,38.6960592010566,13.042695349802443,43.44830886207333,57.44975427547647,Electronics
P35407,33.07406697809101,26.95323673997517,8.9695742698093,20.99894327892021,Clothing
P52994,35.578103063518626,17.430057871056707,28.4509152826328,24.74535104395543,Food
P88811,22.031047445295236,28.96824533859577,27.8181892601184,82.13241501208415,Furniture
P41237,35.524899544171475,9.50224645254875,10.909167715549634,27.644966890479484,Clothing
P09603,29.295012219409088,19.60882253220716,35.98254606775946,16.55533437942757,Furniture
P89068,36.79597748934676,34.70546941436098,24.648824325602103,50.58032212435263,Food
P17016,5.761206733710434,31.626085306568275,38.02575129452626,49.40616966437876,Furniture
P92196,17.196956013291057,33.99667123364337,28.41237806853512,31.94166674194469,Toys
P85912,27.19324923133226,4.298994466619368,29.423550825221053,50.60319400607296,Toys
P92283,25.53485047932979,24.6935504118022,21.312820666334524,47.5185492831052,Furniture
P92557,13.075353702851809,23.507805910477817,30.36797023823577,63.08017325667739,Clothing
P99536,30.052436997181832,29.38499710069313,26.759335583979617,19.17789345421967,Electronics
P99063,33.08833012598964,29.647956132374528,20.545310676687343,54.09792186766257,Furniture
P01748,34.369381697463496,31.815475408946195,42.53508380310832,5.194706652405699,Clothing
P44974,31.391261223613213,19.39753496064114,33.81000602701101,1.057066900550069,Clothing
P76964,34.04981710960956,28.00836874053713,8.278886937415415,52.93439879279922,Food
P57938,28.482149049644168,17.526327383601092,22.028919154301946,71.92876929128649,Furniture
P55597,31.968612358691235,-2.9780977062531946,23.14049848273558,72.98728925121529,Furniture
P44186,27.969546139570078,19.925597430891084,38.19886773350743,49.33895407987189,Clothing
P15156,29.74973041254856,19.065872673638022,25.399229177640464,83.09652716160974,Clothing
P35409,1.0374462180631063,24.95769156772909,17.99046661461609,46.89239439782658,Toys
P18358,21.91506397106812,23.430532002644583,23.327388230265274,44.3521599474108,Furniture
P33172,33.95803533437409,4.96060491888764,26.631260463418453,62.19866102668022,Clothing
P75154,23.98632356048786,19.685541698978952,36.55686214553305,59.94943001377288,Toys
P88675,38.70067730688754,18.388067728419852,39.02910266047205,81.1581820762645,Electronics
P34603,26.513478655921407,22.976843780854903,30.702949222966527,107.00805272932894,Toys
P35158,34.90974951638251,6.884126699796527,21.934611637811248,87.33695481065767,Clothing
P26752,32.81191423969376,24.656212536677813,23.55431992427055,51.38019160209023,Furniture
P87321,36.33919022318011,7.069515132507297,26.705318390989724,78.73518893324803,Food
P18347,31.391261223613213,13.631793145572088,16.490438080515418,8.481152659672695,Clothing
P07348,51.89802933217672,6.532494462232398,29.553689981102785,29.558592947912786,Clothing
P98120,28.230527725059503,18.75281457650666,24.516233401285305,12.73260399352312,Food
P31278,15.816342670669684,19.018328531234207,28.78629667916631,26.086593013250575,Clothing
P29552,27.63181393259991,21.52399743823253,20.279966773636133,85.52769935588519,Food
P20972,20.778346758223748,12.783587565139918,18.528014936957327,65.05055135506365,Food
P48017,40.225704320096405,23.705650336792985,21.1050350477045,35.37099737135112,Toys
P77816,38.657551941701215,29.29502642086553,34.528556768954914,62.44318672366373,Electronics
P01014,31.50418905143577,24.79035511649528,39.66677918001519,34.670324894128186,Toys
P59475,32.504928503458764,24.63706538570861,32.577853259069144,42.54152438699968,Clothing
P94091,34.137990974514985,31.85330721970079,35.6066142081858,31.8848510752044,Toys
P74769,24.194765501952773,29.7846645367626,19.77985300611684,91.04238051465803,Toys
P71926,30.48860070325704,21.99446876513383,25.99481785726546,39.70382219470887,Electronics
P96297,40.47098302612154,20.43947288799879,18.80003011682135,78.57385911608509,Food
P78211,26.72337853402232,19.39753496064114,28.776489748217063,15.147142142813422,Clothing
P23112,34.979982912454496,18.28063175769012,14.242356127606795,90.8034770054094,Toys
P31646,26.62914028881961,17.601294429800955,19.189851351681444,37.39916818117513,Food
P96903,30.210038416327592,12.8704621966777,28.748014342913077,42.56742745280872,Electronics
P62766,32.08382807947552,19.889298031246103,9.797352658294646,37.66925190490481,Food
P04534,37.74634053429337,30.51931562867238,37.927018651353805,71.65710456314424,Food
P74114,42.13097699979184,16.07077002286316,6.803812240342474,59.24029706652023,Furniture
P58428,20.22444755201449,3.969101084745972,28.819545440749117,111.26533731604192,Food
P66653,27.80328112162488,21.604553577847543,35.80478492626485,56.284102509433175,Clothing
P93000,9.74857413342393,11.570540646829167,34.06699575875679,53.02776766328182,Electronics
P10893,35.7707212718054,20.001656519345577,31.18359216273025,12.234590530489342,Furniture
P85460,23.744372984904707,7.312133502096334,18.35748624704748,20.817064497199976,Toys
P46598,17.54261221288012,9.232162558026012,19.44122490759673,65.80693770997381,Toys
P06246,16.10427533236404,24.77782574602708,22.58218822021232,50.22088044270701,Toys
P32036,18.966333938261265,16.351033380206495,38.58217912064096,2.4166500089576672,Clothing
P62040,50.06092888159123,20.6198441481509,40.0963937902494,55.144079527711725,Food
P13828,36.09138120907177,14.027373227678089,20.286418275057205,45.072740449039046,Toys
P42731,29.178488216074317,25.45641652570096,19.77416527701444,79.28122158067839,Electronics
P17611,21.60782476777361,27.308677009865995,24.443281380941748,19.831958729316028,Toys
P59395,26.73976467832159,19.17422597654003,35.751329984623574,9.76805860095294,Clothing
P41929,25.655037725676845,35.96533991827172,16.964912360573045,42.28099998146631,Clothing
P88127,26.786141583470062,20.868477646212185,23.659276212094326,27.23704226193875,Furniture
P29355,25.06243416838688,11.104263793806693,26.018264113477205,8.720157674019696,Toys
P79904,18.16741487334225,10.163603244380663,29.198907803051146,82.89641354690761,Furniture
P80376,26.1468640313824,14.460632161009151,29.986519940043166,45.30111439588002,Clothing
P66702,27.083062502067232,11.04306053368791,25.30996910535257,33.47054589385252,Toys
P75259,23.48581996385552,20.68714405034664,20.672495894392185,65.13745443432171,Toys
P94210,45.00759790634311,22.24509123592109,21.50487755528957,9.554688637175296,Clothing
P82226,30.030460201534144,7.866859604633671,26.727079622857325,14.103262141499409,Clothing
P11096,26.066611876726395,21.414566977115182,23.82945735801742,38.080302423459145,Furniture
P86871,30.760053914124114,13.56547392272006,22.41885187835557,65.49933337807902,Furniture
P15644,28.912398515431423,26.347909764417704,8.854967519188989,29.38957700901508,Electronics
P72109,47.02214944635238,26.21925882211609,20.521847515217075,50.76155833916816,Toys
P01522,14.493365689338674,23.8778625383558,24.19689261200696,3.651879599697239,Toys
P47012,18.96791634278317,21.71770546536421,17.40108366535236,54.99967452079533,Food
P69224,38.89630795623437,15.061974507624615,23.886439483526477,43.38385312530388,Food
P41567,15.356251197901798,27.347635551539312,23.006380633430886,39.389427212989816,Clothing
P35191,10.403298761202244,15.73839328270471,26.53417393896914,40.899497975685975,Toys
P05950,42.62584103427182,39.29341340462737,25.011931198609663,38.180399562706384,Furniture
P34913,32.68592278863257,20.055452012752696,7.453944540210696,6.2032391186385,Toys
P08564,31.50393786476208,22.24128927055685,19.92447260747581,35.774654746881055,Toys
P05486,38.33528961608925,32.58415780171885,26.896016186828,13.006960849554346,Clothing
P85375,41.72729019259364,20.027004052777286,29.037721880630745,47.14568015669016,Toys
P44920,27.658630430508197,16.374175605381797,12.98066587810098,61.382161928153295,Food
P31726,4.089577078550903,20.524096747536888,31.44285470221864,3.946442182273224,Furniture
P27118,45.73986763290033,17.63928068609675,33.610328677470925,125.02701493802844,Food
P32652,20.621749600848773,18.06993876305166,18.907043753873214,46.140216609438326,Toys
P23156,29.75645407739017,22.939853323794438,8.333415415828071,72.60258390507292,Clothing
P27718,38.496020970210246,25.370720611603726,28.04221132991537,57.9280481493691,Electronics
P49520,34.40474737960399,31.450934254649468,20.537096451908656,65.71881536230204,Furniture
P44112,26.346784486878917,24.06614911739672,32.5569747798807,63.5288790432943,Electronics
P68946,34.73592430635182,28.239686540649288,38.45444404707912,75.13292664639768,Furniture
P98068,20.60120213672645,19.76589749052017,17.75530167232695,9.96168179269302,Clothing
P06196,23.902170956806177,19.45092763131625,36.55435173868205,50.022665223637865,Electronics
P65732,40.73631749859772,28.378541652971585,41.69952983314837,51.01708171047012,Toys
P90908,40.78680833431296,18.26386359660504,10.457018913305744,86.71846259438014,Toys
P85502,46.96456368290038,19.99433124338683,25.35502343416665,51.86994048857369,Electronics
P60938,21.646529467402427,15.261152354783572,27.920127439172653,66.67824354937527,Furniture
P01452,54.03415585238275,20.26237596329269,22.815711269572464,44.94845232581442,Electronics
P08145,25.123937759275066,16.19023301164273,30.76488641567296,71.28057543365952,Clothing
P55901,18.753579081621307,37.85040116954106,21.37231609841472,89.75828271311113,Toys
P86677,29.877532271530853,25.665715386052455,33.223944592470275,76.06317501772313,Furniture
P02753,35.839281853259635,18.15679428635386,5.234849610100483,90.53047257461,Furniture
P55148,38.949243769444415,8.805550601584468,8.265969055059482,61.94144649527787,Clothing
P26134,34.4426331148604,24.70842615816576,23.63457009780494,101.93508895301898,Electronics
P96702,29.29834288541353,15.219918442466868,26.62956468493974,31.84531293182008,Clothing
P60452,30.59630369920174,17.349532934533418,25.16215184840002,54.96210980899113,Electronics
P23804,41.792971840638266,18.654849451321684,13.366371875629635,90.53342269960146,Electronics
P74550,14.84255885002768,9.178637713251725,24.443281380941748,53.4230447667956,Toys
P28696,11.951178993354809,21.47079635802956,14.435080320319248,12.964640047328118,Food
P75268,19.07687235327421,18.585806695073742,12.772833862682733,70.92760911017598,Electronics
P09599,28.269281757161306,11.282935701260891,11.32980257418939,72.81518358752427,Toys
P76319,32.78994162223802,27.08185186391193,20.664106260158725,42.14725129336716,Food
P47891,12.39191188019224,20.746978994213208,19.798713008505604,51.227742461867685,Food
P02427,24.965243458838007,26.82218940097776,21.29656169894038,62.75963924990332,Electronics
P19187,32.67050265869259,26.7115240037569,21.554645293483283,4.698763640442436,Clothing
P15731,39.82690983945514,12.36848464482684,23.56573991068684,86.07729515675683,Electronics
P32224,16.795433869157236,27.885839965438905,18.590435222415607,49.212176201904434,Furniture
P45908,27.90676322848134,12.72253266414533,30.81405568403096,20.598130944781577,Food
P39972,30.260910502108334,-1.6258583439938974,30.429227505142546,83.11800640105722,Food
P80351,32.407531794885685,23.73336785572865,35.347048169908724,28.502795347276844,Clothing
P49813,15.933389031517777,27.37320089539568,11.732810811621048,62.71668447331958,Electronics
P38628,31.28104414910789,28.583824382128093,26.48638544349026,95.46334425056745,Clothing
P66913,21.027456285141685,21.86572905010801,11.0884319197834,14.409907186704366,Clothing
P94584,20.60664606181245,29.975133724277757,19.640185583345268,46.72929740109608,Food
P95876,29.108799604872114,17.254461796020717,39.29764235239236,28.15484297090553,Furniture
P74744,34.43819428146229,32.89822606390916,35.68061158159598,30.037331056116184,Clothing
P52455,36.45375949585147,36.59266135799979,9.01589421356438,63.42181811206927,Toys
P49478,23.773004801794063,30.723603568185155,22.407650134701317,44.89225259612284,Electronics
P83589,47.269638512334055,25.859936822238417,17.39361437416457,109.74111255250712,Toys
P14991,42.66911149186623,18.900411882978464,17.07038497004837,5.082270644640666,Electronics
P83303,20.269310591184443,25.450876083543584,35.75932585742931,3.8176333957588895,Food
P38848,27.35343166762044,27.986487185183684,33.77781212630181,75.84309576898414,Food
P32282,41.906462747863415,10.65776358985652,34.225982373235965,13.718427481019944,Clothing
P27396,45.23029856408026,19.973004340712382,41.989188916061714,62.38996736413392,Electronics
P81789,22.81555778747564,27.75565760421389,31.110381610533505,33.144737019449025,Toys
P47023,27.742236995134643,24.656781627748927,20.83154774123141,82.22999014310732,Food
P19344,45.93186626639397,20.17972714249637,42.07990315071379,70.67493371223007,Food
P44577,46.69021525289393,20.407101614848145,23.35687923058413,66.0924169967403,Electronics
P62769,34.770408272231215,8.411268682931647,18.65744407950205,34.00728793952501,Electronics
P14497,26.89733243406544,14.24677344606064,16.159267776604167,23.766930549802456,Clothing
P63303,31.940899928983075,9.388222973511336,24.465263368547557,14.626753569114555,Food
P73992,26.154444557701748,15.92829099434001,17.68837885956322,29.39853970990114,Clothing
P05253,28.659828333270823,9.053479689337516,36.654870263352606,70.57573455825258,Toys
P47765,9.61875464822146,0.4894627337885673,27.06167219385132,50.94187596598329,Electronics
P23978,30.996513650876413,20.542844084219222,25.654124718964077,82.88209722432195,Clothing
P25453,20.10395179741419,10.55349747752924,17.49109259057576,41.78812243499718,Clothing
P79269,31.20295631711899,10.448599948807557,22.99772592899561,58.03530913599,Electronics
P56250,70.19010106206532,24.825499448658743,21.26307608885256,188.5545773996444,Food
P31356,33.33662105286948,10.889335057753849,11.685001991742483,101.12306234177352,Furniture
P32011,31.391261223613213,22.58534171347825,29.081578412990208,65.02494773012634,Clothing
P71312,25.28961694381677,21.278851135979203,16.317651168243565,84.99111637007756,Furniture
P15112,51.439440893253256,26.3995352155364,13.4758998609778,58.72842093018456,Clothing
P11762,32.010990467149675,23.65824323692193,20.906847543600765,61.71098583186127,Furniture
P11130,26.078918468678424,1.0965405156652928,17.225053354692104,49.75660395164749,Clothing
P69884,33.74056569847572,18.79329830746644,15.175373450568078,9.320889654201082,Electronics
P15460,47.27543170100712,27.374412015818017,18.89221244835307,24.30954445156388,Clothing
P64784,28.273727000591805,39.41373189076418,33.391913838592004,39.0427706753046,Electronics
P81664,48.260097135469366,18.501367852749,18.011507735562997,59.63874412272164,Food
P80981,31.910990680199035,33.387616722388294,39.53300911638866,24.453800606620437,Furniture
P44757,8.76104275690193,10.125209024960624,26.91316627568993,24.42839701777689,Electronics
P69613,30.260910502108334,27.500561101012465,20.197597242047497,45.75411087986458,Food
P86372,28.13028697014554,4.57861936523512,21.97102669109644,42.04287378589393,Toys
P40783,34.93317900880889,27.095099120778404,25.93094316377296,37.625629643361904,Furniture
P20713,31.53725105945528,14.578040235801188,8.051648127472745,88.17710488785708,Electronics
P19659,31.292211819752275,15.89429146822732,31.61173790913397,65.58076236913664,Food
P07127,25.59955513303016,20.98563845427589,27.08301330273015,80.88239302865978,Toys
P52453,32.610552721798896,36.45996375769359,30.25189872710699,88.73821517047637,Clothing
P17327,28.92969640045442,2.914606288170436,34.798926887950046,44.12904406559296,Electronics
P88743,31.70416222375488,18.727638316799588,22.143845569817188,32.26165971890883,Toys
P88255,30.917607765355022,14.123267385615604,27.106220089178333,33.008162263558305,Toys
P36836,29.79098406035852,5.57488258995244,34.90739258580345,42.11759756940488,Food
P57425,25.881230338775325,13.445937122228017,24.70947450055477,16.354095577249176,Electronics
P85287,22.216952745976872,28.060109518695377,4.154705233280112,78.73796165647052,Electronics
P77764,15.915387036364404,9.65381633703069,17.46771366583348,73.12250628856361,Clothing
P59984,44.46977884353733,21.840566073531217,17.29151586331721,25.847144569084737,Toys
P57729,35.5979044793104,16.2847659015249,29.179328771919167,98.56362918982605,Toys
P63376,30.405916912038823,28.360707792678028,19.363162514352936,12.573773167150122,Food
P06506,27.79030400466777,20.71664545004199,12.969471050116624,42.92866265429994,Clothing
P25972,37.46253566027221,26.6378593430334,12.338664914522155,84.50802187694887,Electronics
P64503,16.401438590200808,9.60335010457922,36.92888898185571,4.053940542690711,Clothing
P44980,47.11708480142343,23.667093628411877,20.08562381064951,56.249675258767766,Electronics
P21702,32.23884024279131,18.47177789919865,33.05182468816485,74.50511034292944,Electronics
P08690,30.557249122886947,25.723050523529952,11.114786363113186,54.48793872556364,Food
P91870,16.64655641289899,14.57948278131476,22.059734081322723,69.77163031740258,Furniture
P44827,15.777462904023258,24.104683360778346,20.363034455725817,99.07393418407445,Food
P33199,23.534271157574736,25.800766294783976,38.771756789770166,43.36872609388848,Electronics
P32896,32.33785911790748,23.09058654249248,29.43687812663013,49.4631506897495,Clothing
P62611,19.7348470058894,29.356719939422188,27.018112700817625,14.287767929765296,Food
P63088,13.935536797424277,14.98626220328028,21.748204942294382,58.60322337147758,Furniture
P51944,24.81729781726353,20.49343879878377,14.94532184463698,73.52008337932244,Furniture
P02323,36.14166700043425,18.42129263754139,21.293589679327084,21.81610274042052,Clothing
P43151,35.639091200523595,10.139813481851927,22.78254937736907,71.49768019278955,Clothing
P15499,27.65846625276664,18.638523019800573,30.008978120803825,43.57796906816416,Clothing
P99095,25.393612290402125,12.012916486493667,35.43166658460308,46.98572838284885,Electronics
P61728,27.65412866624853,14.175976470166924,30.21871556765619,89.30575724242692,Electronics
P43517,50.56207129940322,19.07016765502433,28.15333194747704,70.17168012834148,Electronics
P89025,25.32298798688109,19.39753496064114,14.296907814305838,58.193553028809326,Clothing
P11952,30.268858389945308,4.642614750418749,18.028465269832765,38.46629363068725,Electronics
P72651,44.53534077157317,32.17052841537961,20.487380678029268,83.17499198884138,Electronics
P27107,33.31263431403564,31.94150855167617,14.1806542653152,33.87062726660551,Electronics
P49592,30.260910502108334,14.819665554918728,40.32855348926234,50.40351093857879,Food
P73907,24.26337993119764,11.108336344503744,21.759646581187155,58.190321524831575,Toys
P59181,37.42095372009307,-1.9800387418018768,19.532749411417235,5.636686284611429,Clothing
P14962,34.190190093660455,13.933743448899278,37.82046239122253,40.057058861554914,Clothing
P31151,25.55706739923888,7.569929871871485,28.02530466723606,26.99407885986343,Food
P82517,33.91804005402547,18.155802998557995,22.08338642311927,34.457929415748296,Furniture
P64583,22.998791850608267,19.6521844014891,10.495893768074549,47.14568015669016,Toys
P57783,39.84322398476584,20.05650526902541,16.28758817340779,39.58440514663212,Toys
P21002,51.6325472330546,10.813893689979054,18.3690687764714,83.55649832765978,Furniture
P78411,29.846901508270044,15.750285643139213,27.766632127477195,87.30217391561486,Clothing
P04096,38.35692112065142,14.442294951287534,27.9776617415402,64.97287448413249,Clothing
P65766,38.52433334796224,33.6849069806554,33.441239837595894,71.04484345774144,Electronics
P77398,10.33643410623998,22.01792317141342,14.804935438590295,24.178125098139848,Food
P30739,20.73069528421917,33.11971623497114,22.857006073191517,11.900042078183724,Furniture
P06506,32.19150327663939,32.30345534730042,26.96680638169851,34.292720347802515,Clothing
P37524,40.49552715319335,9.19140507033583,20.605535417936096,43.18681976657222,Toys
P09031,41.88393273448084,22.08224405266309,23.23347413750857,33.286082822833066,Furniture
P18015,12.750821674869671,19.338554513258405,19.74760606288596,44.66246372586806,Food
P74940,27.40408648636395,21.386733314963266,16.090379867031874,81.01643164772625,Food
P02308,31.798941511534785,25.433142203505565,27.505137711802025,21.46446888836132,Food
P08572,35.883172064845766,13.982748755275336,23.094997162619407,30.480205178948488,Food
P43713,26.208722590125127,23.318924002895283,8.422920043379282,60.150723258078784,Electronics
P35281,23.904877978407168,23.15037838573001,26.39044299035726,12.505389812319072,Furniture
P43892,48.31458765854354,19.123121568593355,24.319009561067528,46.27935837830009,Food
P85834,32.44966571108723,15.610200738072308,15.76267713100697,70.5676923889525,Furniture
P74981,26.484865159586917,27.40972321793274,33.13615799285183,58.67551019356176,Food
P68849,27.51308873816453,15.168154992246164,35.560980489692,86.81103791146617,Clothing
P48167,27.610519531335903,13.846861201701614,40.40836255616103,50.26350964694444,Food
P74018,28.790518513922184,30.109653421237347,20.84947241168843,99.59928911535592,Furniture
P04424,32.16458589581975,19.336854966114423,6.767729141997609,48.50359537615647,Food
P15633,32.24451818559972,10.034260988428924,24.799297446537523,13.027062825079994,Furniture
P71131,23.37376241054153,30.88526876670921,16.30901676829113,44.42226557153688,Clothing
P63615,28.843517176117597,33.29007371638296,19.72121857392458,4.6325820788348935,Electronics
P35005,23.99361310081195,16.089204625709808,20.411739761282057,48.40679594909268,Food
P46843,35.68983079185276,32.4332833657182,38.0794792843829,31.15568782492465,Furniture
P66910,30.715662372193925,22.61395811681856,34.615414003246144,4.622808334060487,Furniture
P63739,27.450227825791448,13.513139910317294,31.58242227317493,34.89291143276848,Furniture
P82622,17.69135683566045,11.459736685965815,22.59123018191086,34.969777749524226,Toys
P43850,70.19010106206532,24.80965399143292,36.98205155789563,188.5545773996444,Furniture
P02278,35.13267433113356,20.689151064371,26.29229142854644,17.604726566555392,Electronics
P55152,27.69065469791322,19.17396191880762,32.045863614537154,72.3983409380647,Electronics
P14499,25.30525614065048,20.70725509033478,34.74421948498366,69.73289528451122,Electronics
P71989,42.78451862607299,17.826759117391575,16.516977947873112,52.73280818767739,Clothing
P99987,34.71415556386404,21.147107738738008,30.3221431758256,22.85156501185801,Clothing
P49676,39.246336829127685,27.74547728426289,24.719168599548244,65.99621953697938,Clothing
P38593,34.62103474263271,9.439819910234354,37.19898520994946,73.47889478949554,Toys
P77606,43.92002286344599,17.583636004081086,20.41707973660779,39.74534539261593,Toys
P78210,33.09820710227027,15.954026365904507,32.6029693820353,101.66465293424584,Toys
P10793,30.48521627944827,25.27396534745924,29.50216422492913,27.973000340868865,Clothing
P58782,46.28615545571292,22.029917291956583,30.16369978903972,49.57188941151834,Food
P49890,10.017993154678924,21.690269538235786,19.69094719183398,41.69984684842564,Toys
P78279,24.2418175935532,20.055452012752696,24.443281380941748,47.14568015669016,Toys
P87221,21.60278157819224,27.71881306477966,44.48550461025943,79.81346643591317,Clothing
P86933,32.322536971610035,17.174669657514492,21.626601490403743,68.70221414839747,Food
P48206,22.074792615672997,19.16440625170023,25.11249389716525,65.56613541320365,Food
P89923,30.352635519717285,22.28443259886125,42.075598252958,19.10564454374465,Toys
P79206,22.64470057410233,15.868562848899426,14.908806339150471,56.1522601770389,Food
P88036,22.095255445546883,39.30092337290333,12.644264936670425,8.582038823010464,Food
P10727,36.2834550926428,20.15079698355878,32.51276193692394,18.48130034516597,Electronics
P57371,32.029230208513,11.765027934543427,20.932455652793102,48.61216348200973,Clothing
P77065,19.348863369246278,23.85653381868309,14.852535109422652,53.02776766328182,Electronics
P81212,29.641739608900483,22.348463457333036,26.820959167805217,74.26757808178158,Clothing
P85897,28.576205149787064,10.985860248721558,26.135601132957703,15.395227220456484,Food
P02770,20.14273953664456,12.75414159309905,23.85110786633629,73.69759166542556,Furniture
P83919,31.83342005738352,18.32622501004378,16.31915984580828,62.96650072277762,Food
P99934,36.45484181141075,26.491172435932736,30.27313781048184,43.84147941511246,Clothing
P05694,23.94285076996661,23.661492688428417,26.78125000607868,4.985703525109948,Furniture
P77292,52.70692857804396,1.630552374902095,13.993944823999923,17.922365187347594,Furniture
P23783,36.42722759867544,20.26237596329269,18.415314349823248,48.90230076971206,Electronics
P09646,41.950466289248425,7.751139979554223,22.63606431715449,44.67212015723783,Toys
P59174,46.449677135012834,19.850329948432822,18.546854657848574,5.838887809196251,Electronics
P79181,17.19570647503717,31.87292822828772,20.278896876096542,84.79519899165032,Furniture
P83088,15.973947282003063,17.18868611429014,17.288333213849807,26.79632467899709,Toys
P17303,41.85704154662997,15.44133657408993,17.08645495829211,45.440978530518834,Toys
P78931,70.19010106206532,32.897765026043395,43.77442344583402,188.5545773996444,Furniture
P04777,29.50536290347567,25.59062736162028,19.47109170313335,18.384935139069636,Food
P23438,20.21236284217693,11.425142135678756,34.06420002825844,16.347466914323363,Electronics
P10652,46.32411303931635,37.367541739982514,17.09509230538235,14.508314457968332,Furniture
P26320,15.981489372077192,14.654847315688048,21.777735582277124,73.15388531706984,Clothing
P08643,38.294055811834895,15.0587848365252,13.569450201591712,56.025352793471285,Electronics
P93695,24.89983601145253,19.39388570771632,35.317967833606545,39.62242012858488,Electronics
P24377,12.868654709091224,17.92963149866318,29.55030317652287,0.655155642055,Food
P91207,35.868570938002705,34.98638220974036,23.745425194030894,60.68758366118251,Food
P94074,14.806300340459869,24.08962079619985,28.3085785618874,33.95729987467031,Clothing
P97732,25.476936807509237,18.153069009241847,29.55616890375333,44.500978714214085,Clothing
P97181,26.118231814587716,37.75024186758508,6.429371627684908,13.169601066318286,Furniture
P88614,33.944521423782966,22.1004906320154,23.981847527358337,45.84463266178326,Electronics
P56628,22.30026768941358,10.791887331043943,44.76600827937519,56.068412228636575,Toys
P93007,20.18491348952049,14.060235314415614,16.753533094926475,19.6094679469127,Furniture
P59611,46.72572386837703,21.560199872225013,17.47544063109978,67.11263520082386,Electronics
P97219,24.55617275474817,17.022345791431576,8.172324702741214,85.40384521224583,Furniture
P55353,23.768594735752355,28.479491072372973,25.43740292110462,68.41312567369727,Electronics
P22039,23.2360769794073,13.893711166571348,27.799989920288755,58.80612589905922,Food
P12061,25.069990653411672,20.92020863317934,2.6097220911842847,38.003652839948856,Toys
P40727,34.21920754235285,23.70547836214068,25.02059142529153,75.94473315473034,Toys
P06721,22.322024348958717,17.143766393547125,12.193225672644942,85.79933017781377,Food
P10558,42.08366230593143,10.065915396147004,34.691633301919126,13.477886195091443,Toys
P98741,32.43800713771199,16.50588610209426,21.8550460550474,60.254756418649,Clothing
P26905,35.13785950912209,35.19905547916173,32.47172630676349,35.47644516245547,Furniture
P39848,37.14000494092092,29.501435107692508,36.97517413635136,69.96106805098489,Electronics
P72889,25.25054688839044,27.80158103825944,28.97176436529321,54.159355511302536,Food
P79904,14.160971765142769,9.29115360221401,30.11292884615781,35.53059287191091,Furniture
P91084,21.15197285973099,29.83184401991249,27.009437523282347,38.40375152306721,Clothing
P57232,30.260910502108334,17.184629457467928,26.82912359127428,67.73408353771798,Food
P42569,16.718139511015693,10.640665314317696,16.33540691243849,43.43401244793123,Clothing
P05401,19.62753845673544,19.78782992600752,32.33950920199836,71.34231738396485,Electronics
P91047,22.269902161445337,16.71348569636332,26.17958667594264,34.33605289940023,Clothing
P95352,24.53141058759608,21.97203822745604,18.44730611930211,12.239201126391052,Food
P37480,26.77320161157864,16.39989713603349,29.86817666704891,100.14042726312428,Food
P63512,13.86438602123259,15.323058154742403,26.218045131030618,22.680647384525304,Food
P66961,39.34319911239274,13.301900551602396,10.760409129884856,20.1693480310738,Clothing
P23651,12.36959844637266,29.81546579107446,35.77522231280705,43.06791567626959,Electronics
P08894,29.28398740585936,29.899505077473115,15.11241617339969,33.4046826395819,Toys
P48300,20.01645959261209,20.39818949744768,28.417908724368065,25.954172296863756,Food
P96901,31.86609123156358,22.724713731203973,26.48638544349026,9.278898996748588,Clothing
P92501,29.809837920973116,28.004658544343823,19.65569732738165,85.44703149257438,Electronics
P74468,28.09661321916392,12.945002790178258,24.56720343402305,143.38730603131523,Food
P76173,15.214780096325724,15.182303517105757,31.43148811572956,61.10635669825223,Toys
P49688,23.43105721028604,22.298631235224075,33.48509662726068,82.75416017223937,Electronics
P48885,19.299152336738477,22.10789772264848,33.22126358815666,43.34335186123194,Toys
P02878,27.54256935914056,18.21438196292156,17.700992227340397,77.23886940881147,Furniture
P38914,18.086965027973516,11.94765947776287,36.95776745423408,57.38250845949226,Toys
P05175,36.90143991711113,30.43472194302522,18.618811381325585,47.7238564794493,Toys
P16688,30.773683076476186,29.511306971797143,29.465792686269847,46.55593253722809,Clothing
P04641,17.232514241796906,13.53387422687259,22.834013429228083,22.453635004706253,Clothing
P85005,19.878956247398325,17.16767431247181,28.79391475182905,2.5333049976056685,Furniture
P74032,43.68631557532349,12.644923267308611,34.57546888804771,34.96297676629362,Furniture
P25841,38.711247034316926,23.12371879943112,5.2907046551930215,39.9426775439592,Electronics
P26917,34.72597482413043,25.846112952532195,23.901485810908504,112.04678124517471,Food
P48280,38.50221742113493,34.06896387356107,22.249428000385183,50.47046709414873,Toys
P91746,56.32382064837391,22.909055060999744,7.27969171825525,15.985089295809374,Electronics
P16961,38.9959987543325,17.447568514667054,40.08753724487383,64.58554374685816,Toys
P77538,46.69904504351406,22.82003974685504,32.65071399175798,49.57188941151834,Food
P32493,51.22156197012633,14.76739453498061,30.74794151778792,42.92250412063628,Food
P73495,24.537555517475173,14.256648874019184,27.043310309784,16.707225038115908,Food
P09248,14.297752801095436,11.313398968918516,29.24388142376385,73.50076131572094,Clothing
P30603,13.070431858046144,22.797200378397548,24.916402945889654,55.3886681789577,Food
P47200,23.54880245394876,15.767578581229644,31.23450479605173,50.42447794897275,Electronics
P50554,32.08863595004755,24.10880085255773,21.917057192280115,47.14568015669016,Toys
P68926,29.67246729784001,23.98577398797428,28.360137037402584,47.24129652187202,Clothing
P94392,27.59674601841865,8.60834278039884,47.36670925011002,38.93181682905613,Furniture
P89584,31.193709239495778,19.817055501608944,9.233540739234527,45.267590503055445,Toys
P47810,25.34270246429743,18.450724325762256,36.93216982787971,81.73442542462388,Electronics
P01563,24.359213692632714,7.147383194090565,18.046881261193832,48.198873749343065,Furniture
P98925,70.19010106206532,14.801878185213862,11.393049223931078,188.5545773996444,Toys
P59029,19.95859233247932,7.857010026553523,34.3247888594163,57.685118170828346,Food
P61663,30.970775493480403,11.422887904115145,8.638186971515609,31.59237183911617,Clothing
P78690,55.58199285668252,24.81694656313987,16.381879404863092,59.19168446220242,Electronics
P23996,20.241267470226678,8.390594479587529,36.27558370984735,35.99723564145678,Clothing
P96212,33.991361143520706,16.383277337335358,5.806639364606475,61.97952805157392,Toys
P47333,23.8659733645906,35.23309271658405,10.050249259895446,7.140240803963913,Food
P73918,21.053926977804963,27.10124340699069,32.29718781032539,20.63777491070702,Toys
P06071,21.53206281931595,22.266302972369136,33.036584830978924,6.691872134907051,Electronics
P41534,45.01333651955487,10.959445287677138,21.53551400430927,49.57188941151834,Food
P53158,10.86719755342202,5.06770706341552,12.42593633398308,21.932111037127225,Toys
P13505,41.43754043206929,16.39848588118871,15.403885612906976,94.34215695069332,Food
P20712,18.96410682784229,17.892414271342005,21.914090245981924,35.04098312634646,Electronics
P87155,56.01683114180395,32.16804981727504,27.669192446772747,74.28783307915657,Food
P65584,34.89374561227918,30.982787797412243,36.06293305867345,61.02531231621806,Furniture
P98287,29.37320902726828,5.815740254344949,20.701189756563952,57.20617531838669,Clothing
P19958,24.979457756473888,17.04378456933313,28.494808048811045,31.610501861879317,Clothing
P35335,39.92042349536523,41.544269311843976,12.709443362288654,42.852989748331474,Toys
P93750,34.040508568145384,12.373371133930302,28.252755855457927,42.38971767372857,Electronics
P44834,35.049872789804574,20.56041730490545,9.982606670096242,50.04857094070823,Toys
P96387,16.659745050817953,18.047356210606388,27.371957307593064,2.394001767371009,Electronics
P80518,40.889505969673664,28.687856929400255,16.109139931893257,45.11277207634167,Electronics
P17722,30.34083468259226,21.930575479334248,26.478652888335123,38.483757760076514,Food
P14338,35.72582781356159,22.720410356551124,28.245831022922157,45.97459367969226,Clothing
P93346,38.576596232020194,10.45090534594816,28.85485023137714,65.9307828468263,Toys
P55280,19.29107501938888,12.770385114158977,15.066971543226677,94.13104072451311,Food
P47504,35.17659020469123,32.93770059974899,16.043663663319585,79.16170897219166,Electronics
P38839,40.50654396007612,31.64657857717413,15.641741220758044,45.382843190759374,Food
P10669,45.615111967268525,31.106702225667583,12.105958392343126,24.974454538021288,Electronics
P77064,14.29499396376823,25.854965634306364,19.73583111924007,51.43475959354049,Food
P38364,23.610382523104978,24.08633670822076,25.774997814330803,46.072225846216206,Clothing
P00681,35.863640187550935,-3.929087767205786,25.89898258968292,84.97749560765669,Toys
P19391,45.32738913002578,26.486466185278257,9.813900876003608,25.21664024856374,Toys
P75321,24.463506946528177,28.44845447252841,25.169371447665387,48.45431214426062,Toys
P29619,57.20169166589619,16.547037498255612,29.640652795995607,57.53949944714307,Electronics
P66559,30.97676098548832,11.272268558278414,28.60433247855696,54.40805895160064,Electronics
P27581,35.65509645631544,12.408667833401305,36.40886360069177,65.92682942647848,Electronics
P81280,31.0537550614596,11.866534971388022,28.562189638387725,52.05114697902976,Clothing
P49692,26.907876241487852,13.57456839455724,26.83950128442679,60.80492551837301,Clothing
P27128,23.94384460263136,22.337541826610984,27.65751946558781,25.47775596756981,Electronics
P21785,31.92049116490032,19.505886401118968,24.386889173488424,50.87571511806702,Clothing
P34299,42.55756125573521,24.276045187844403,30.894780257995208,27.230879032899654,Furniture
P09741,11.292080789741444,31.38198508879952,27.019056911002743,49.38318327948478,Food
P33158,41.08703580582908,28.28199467779002,32.646507896645915,15.339031965840633,Food
P90019,26.78364948782617,19.57503477585964,40.108072060353095,99.30624527361589,Clothing
P11004,19.189366724001022,36.194476986294816,35.963752405788306,66.68066290526872,Furniture
P93828,32.356145581085656,24.92616919816913,17.512405742549937,51.23862366762318,Clothing
P56337,36.4084286126701,17.761918652033323,22.117319759170226,30.44974633530753,Toys
P81061,19.93982618500298,21.34923737573382,34.93489608984632,48.12055333634535,Food
P86075,25.718848390340877,27.974870187726463,6.932888253294912,55.80138355772477,Electronics
P97144,37.12998430172388,32.267469610370604,17.345182491276603,8.651463109548487,Toys
P80113,28.61544016016226,13.40388670777861,35.69737140778307,25.623626896340426,Electronics
P49459,22.457241499806425,25.58322618031222,41.188525165161806,78.57434470858416,Furniture
P97167,42.36093175210438,18.428267332575224,33.36468986311734,1.2985241017626947,Electronics
P79916,44.41568620657901,21.218838976269776,15.303615307137177,25.615292289903053,Electronics
P07790,41.69295590445672,14.799808524744815,26.48638544349026,54.480257331796416,Clothing
P26617,49.094166404701305,18.843850634275856,19.354178986438274,36.39757674848438,Clothing
P73785,27.558433647093512,33.59965899661104,24.00268695748821,26.52204207744233,Food
P49988,26.36387787786144,36.79777431333213,23.36695837677235,34.582981200534704,Furniture
P76297,23.22284630247894,2.9554681615423952,32.37932727371711,71.46479290308456,Food
P31769,47.55340842443204,25.98328204894027,24.30501059299259,59.15729379594059,Food
P73829,25.70594458874747,28.727843401487736,15.188124338805132,49.57188941151834,Food
P63606,35.43360192379935,22.21901550366553,2.560562617029301,27.94649597826236,Food
P27630,30.602302099410263,27.064878217177277,22.292262275732565,93.25835017405667,Clothing
P63635,32.48220586300336,10.234300592686733,13.358431373163135,119.74019917558454,Furniture
P20579,28.250402433045917,22.79840019654326,16.232903384052683,37.6844455181081,Clothing
P94749,39.960476858058165,7.862610426626567,23.873430144551524,23.18761942748857,Clothing
P64271,29.653151126132187,19.39753496064114,16.268881656583208,26.84777556209653,Clothing
P34897,36.21809962217196,11.30203248909758,9.06038302220718,37.705962686194006,Furniture
P30492,33.41755975777159,13.52317184062683,17.654044799122317,26.84684127821375,Furniture
P08632,29.90881003355797,13.33555154399393,31.58759952258861,39.16972330242291,Clothing
P51182,30.56649924897107,18.188127209201344,21.297160535955975,64.89200353201824,Electronics
P58750,31.10922589709866,28.709988957633488,21.50331302335292,84.32879205679816,Furniture
P52972,45.23124077269657,22.811585660332664,29.603496178256755,30.27882338015827,Electronics
P34626,29.614915304992927,17.53213769235344,27.69682919053613,44.07138596612103,Toys
P50583,30.961207769409835,16.928229824381187,14.044455770015686,75.73696475874029,Food
P28675,23.002744920074143,24.168979427034703,26.41024355421872,46.29967807861669,Toys
P01864,32.93072473298681,22.70787074769353,15.653105612404248,71.10320399416682,Clothing
P34738,32.436872114919126,4.945207636018887,22.8158685086917,52.270848200152805,Food
P18276,14.070062664683308,22.67087973254828,3.517631168238946,101.33086427572364,Food
P17503,24.565752288662352,29.12119230817013,27.811403894199145,50.480758468854816,Furniture
P00935,22.432049114305396,26.004633340174124,32.62193893496423,38.36105093277644,Toys
P62014,40.666746895891535,8.027765959279368,17.80053543968259,53.08575733797002,Clothing
P58252,17.204230332642986,24.675303843779872,29.69151914512433,24.72702109621021,Food
P58317,34.59180079228437,17.987688911644035,17.032761824881998,90.90129540615018,Furniture
P64942,15.519156585026758,30.125662726917604,22.440538153541414,15.346339591942908,Food
P96543,18.894241545341718,19.39753496064114,25.65877291901525,10.95236051590006,Clothing
P32479,27.097254558113487,5.713068064527111,26.13640962610661,42.25474585905697,Clothing
P19101,25.12088591854297,3.03439877891947,26.585708402524237,91.77367824449205,Electronics
P43710,23.070948022040927,32.258941797424924,20.157570173588752,18.915692840744097,Toys
P61884,40.32465260551147,5.354936825148345,34.523064925784354,37.79344266486876,Clothing
P58952,36.206720975506784,23.70073034283161,24.225372764881964,52.368921370042536,Furniture
P60784,55.26932425873622,12.289928590315114,27.715300080115615,32.4075455333368,Clothing
P36259,55.733598032498605,9.918681878619358,26.3442713404407,23.921390390340687,Food
P50951,33.772118750645205,19.50247186400551,29.162352616601687,49.39703744691045,Toys
P93913,19.323795706174057,7.432990783452006,31.138625410563684,35.104047935540926,Toys
P73918,38.77362290575671,19.63671025654209,20.066197316499046,62.85026151982175,Clothing
P21193,37.0810867668859,10.374393156886844,35.4344293897047,63.71972843260296,Electronics
P75649,19.18451996385605,24.129426296919668,24.14658191847215,52.08109407974208,Furniture
P09576,24.28821010217203,26.32297516841369,39.790403402240806,15.831474094600722,Clothing
P87122,31.193709239495778,20.009643802897795,27.906770532559012,81.45447953151778,Toys
P19446,35.41462728204788,11.16109765549984,22.758353398122637,68.36996642007536,Clothing
P99899,14.236078430157503,15.481807966632465,50.331890000252976,64.06934234445403,Toys
P34230,36.73181351269958,11.149651900706926,30.95846651282626,111.61456070259788,Clothing
P44418,38.27183249036024,17.42143624630928,18.228082863822685,21.120469642430717,Furniture
P47365,26.12298440064016,32.269821679332,18.443845404876917,5.0765999418275385,Furniture
P13733,27.753668500029757,7.715423014343154,18.55560907351744,35.06982429712882,Food
P02636,37.43264094022715,18.550206614255178,8.922620811807821,22.13623755642624,Electronics
P18381,70.19010106206532,23.41755489497348,23.767040595017875,188.5545773996444,Clothing
P41985,24.77139972846732,16.903202380204792,29.38804267378047,56.53407019246178,Electronics
P86986,30.768218910602556,17.602586815945703,11.161736831957422,39.6780812988732,Furniture
P31869,30.56649924897107,17.76893284679395,24.8211372816852,51.0115716470316,Electronics
P12779,53.19329539981695,17.95056198003696,19.614061774770576,63.56203514779013,Food
P95739,48.00940432910816,20.303502683580817,7.993156371134624,57.48253063055125,Electronics
P63210,29.423812029664145,20.655964451308485,7.989908459353515,40.21962512549453,Food
P28253,8.471094070475171,21.45141296091177,30.45045609368181,52.83863134008074,Furniture
P11796,14.743436854299052,10.95837020260861,32.93032048732032,63.04823115103696,Toys
P95316,31.958452550976816,14.522961393919967,32.722127757719306,104.2282552330779,Clothing
P62045,17.791563500289776,7.242375461865636,29.02185250722428,30.872373737721084,Furniture
P31763,34.446026682201406,22.16045886713137,28.486343325696907,32.23277465561556,Clothing
P18754,37.22381357827771,22.11216065066936,14.249293542105685,20.04677441369845,Toys
P19899,21.38715798671736,25.66643077760851,20.182149586891068,67.00315178552539,Toys
P94391,29.623652975751515,16.23966281792399,34.11373668679664,60.81180185054241,Clothing
P16203,42.01213922163944,22.122898795197028,33.62547237857838,72.3095532662052,Food
P41353,24.69742381627559,15.234709647652064,-1.365038210020412,59.80566201831312,Toys
P86573,34.241659464019165,13.188748525917491,24.20717880373834,4.913881739528321,Clothing
P80856,38.30335816544245,16.37401272781589,36.156256057974055,52.53555427445982,Electronics
P80790,43.55637858804951,29.003478275318155,25.006145370617343,52.34353205708049,Food
P54855,29.22898290585896,16.865934807649424,13.145812720480736,64.40781504217775,Food
P43730,21.416422198187867,-0.8337108530170738,27.496226157682084,1.1898523739975388,Toys
P08084,23.10812181910432,17.96035365157042,26.78812008592666,57.763094157317646,Toys
P85541,24.29253706250524,22.090004249870848,23.638307017907294,76.84731668080475,Toys
P20368,27.86011155774491,14.717430884212424,22.207230651535863,73.12406659963914,Electronics
P32485,23.75181422304321,35.81152467612388,27.8951068723885,72.52618338203996,Furniture
P17464,17.55345296688583,25.107135404867066,24.516233401285305,51.38237664899454,Food
P17174,21.83064329012764,20.554754696290004,28.416756835473688,59.344725763933695,Furniture
P68201,32.89168643907818,16.169300351932765,34.81775503543328,41.75593085741936,Electronics
P38205,34.082527557144715,4.239169458305316,6.833609220502257,18.31907600099997,Toys
P27330,29.10264305712773,26.953248515114183,19.525961432997168,9.019751926779833,Food
P29681,18.709482287827708,17.14043661751658,21.45823129627244,36.610384542969655,Toys
P46765,23.31909546356951,21.470676130580035,21.187612764446406,58.8569772512181,Electronics
P80633,31.980847607678548,30.253150360030148,26.44440661576132,44.47562552950394,Furniture
P80294,46.13711269058647,20.26237596329269,34.63328644206937,54.54209143855198,Electronics
P94038,12.412605135768857,35.66677963376475,34.91190661962186,45.702232539074224,Clothing
P45854,42.77664895788425,22.13701320809187,29.78805578939749,27.829140259303013,Furniture
P91577,30.464365481561487,30.723688414322783,22.101746609571475,50.18819468553255,Food
P40696,34.300416471910694,14.9945817000303,24.14658191847215,28.28105808596638,Furniture
P26831,33.19781934142537,18.924025724786137,3.1624713651831264,18.585272939292064,Furniture
P28616,20.50601111168057,9.980852444695048,18.769747036606933,25.469528101845988,Clothing
P16543,24.357524013426115,20.57629489026996,19.696009917153745,20.050796741268357,Food
P70204,25.60268941725825,34.361690847298576,28.781723886054923,87.01172835008579,Clothing
P19650,34.13434903223701,10.484704857061375,32.039170013783135,62.00707566580326,Clothing
P85908,24.88784323568815,24.37695292140168,16.468965544579124,29.49097153140837,Electronics
P27708,32.11017467202618,9.99673812824226,12.076814285183252,53.21509745778789,Electronics
P23121,16.55549488965723,17.64826441868654,23.17728195641653,33.83717487961713,Clothing
P91452,30.642800190954627,15.712292439087616,17.378341304871718,56.31802517892925,Clothing
P35344,47.52270443423623,21.477924631165795,23.64781310081566,5.590554486927076,Furniture
P62348,29.920273586833822,26.40327620182146,22.05684414151206,12.980687932570769,Furniture
P04216,30.455718399038137,19.84464315289814,15.362328231840053,49.212176201904434,Furniture
P83201,37.604146561442974,25.543348984252887,15.55310050981053,82.96950072325893,Furniture
P19228,19.756123586657104,7.184273504822652,35.554811607407004,61.52606216017689,Toys
P70288,30.260910502108334,34.967721402974256,29.14244462484073,44.82112597127496,Food
P77219,18.745109527016236,11.982500353748218,28.562378029863307,7.872813012152335,Toys
P73856,28.49944412967473,13.21892857104732,28.431786510383063,34.990908704282205,Toys
P05188,30.56649924897107,26.562752100899647,29.442041839008624,40.43460933515807,Electronics
P41391,20.103718634296627,22.68046423267294,20.691172856304803,33.074114604185404,Food
P28890,16.95530499495147,24.972575118848408,31.25862227095269,102.44411207362506,Clothing
P73023,30.56649924897107,28.14129173474802,11.50885635587439,28.717065280145725,Electronics
P77465,32.715788371953735,20.682545140520197,27.314790733203345,5.115235605060505,Clothing
P87854,31.713682811899705,34.17801277335795,26.41275664871591,108.355852228308,Toys
P34642,24.691312270796796,12.342792680839658,24.443281380941748,47.14568015669016,Toys
P13528,29.01110346808857,13.212570926473482,11.255489290693172,46.81417729880741,Food
P52685,37.08356447299353,26.60837737153205,13.005003422683153,85.51962329590668,Toys
P02078,28.60410371844826,10.48266672727711,32.975720697263164,79.10948605364844,Food
P78046,33.32314011979592,5.591538126778088,20.04896245357115,11.842429966618312,Electronics
P68880,29.80362201073319,28.65413382138263,34.87570168789338,38.0030002967205,Food
P77908,19.91913689082596,18.925766702509566,34.66886211444005,98.22734919198533,Food
P14840,39.278401280812375,20.26237596329269,30.480148206291688,23.194547224421598,Electronics
P81831,33.686733088729014,14.226099573301973,19.994931279152976,14.367042802474195,Toys
P45146,40.24062525811463,22.67341133795918,5.472903240468682,64.03851266395556,Toys
P64236,40.0629280921444,19.79540550246405,24.55873593245767,98.71654978433456,Furniture
P37891,36.13517972730416,36.45234851863633,39.38684300886708,44.62246923929265,Food
P42243,31.1422764866204,16.506242111675235,54.1878367263526,49.57188941151834,Food
P32294,19.85243269307133,24.46511611614805,31.28819932165339,6.02978427973715,Clothing
P59188,39.35678393147461,36.18884975383712,35.72536747396359,46.25339343949798,Furniture
P61624,30.260910502108334,16.223275378422983,20.210482931855296,88.7823586855462,Food
P30738,33.81158384882778,18.10755770224843,13.001844806999742,68.07740803935022,Clothing
P55982,5.283554998727105,13.420640540942395,24.14658191847215,74.84176444679927,Furniture
P65988,27.909767427139748,15.768178335487878,32.587947990909164,51.046638412682256,Furniture
P82370,26.908835357974983,23.83553214468851,28.275735677674643,70.93922090390292,Toys
P28343,39.24027019206901,14.868104727645523,33.39815265106962,24.606970956230644,Clothing
P88194,10.062643574285444,16.273555447054697,26.885808072365148,47.14568015669016,Toys
P72227,36.96206364813418,6.854489510766662,21.119869873824108,59.767334503612105,Furniture
P62843,47.4957674318694,32.50730687065686,14.865514351800549,106.96204944065715,Furniture
P66675,17.778721911080545,2.3051047093639454,25.43740292110462,81.21292677934517,Electronics
P10818,38.38490774451642,20.055452012752696,23.12378610513633,54.18493388442376,Toys
P84867,52.9889812361925,23.662182929215085,24.595962728897167,82.52594732130629,Furniture
P75725,33.992231226052795,24.444101170737987,14.639616371024175,45.97459367969226,Clothing
P90356,24.37533224105732,16.10217148709158,20.52186245453313,127.63726920592052,Food
P48404,20.444595593995743,8.963054681688556,1.571766209554312,76.6123932933886,Furniture
P68738,25.919246269784487,15.337930739107344,25.46494879165972,43.85370008405848,Toys
P39582,47.94557863517788,31.587993839143408,35.72709400972216,72.19026404353501,Toys
P05185,33.94671529822981,15.437189068690556,28.759126770154605,86.7156775562778,Clothing
P77317,22.46035411133324,11.931562527390335,23.421593896911784,10.430945050924675,Food
P73409,27.918777496427246,4.998620242834043,37.76678210633233,42.031863191416846,Clothing
P33703,44.40117215449473,27.09832669813394,28.268040649700712,49.36265662171274,Furniture
P19951,41.49273326285676,25.441728843603595,27.03185370800579,85.73257564320431,Electronics
P49269,32.56029734313876,20.114184542691472,20.8793645243576,8.065835647271086,Electronics
P64277,27.78746376414228,32.624944460497474,24.516233401285305,85.42969715917016,Food
P16916,16.280988570686436,3.30378385118345,15.170909196862896,60.81106147714584,Furniture
P52626,27.52481364448495,10.809647718730751,13.944005518608137,12.11690672904308,Food
P13847,21.72769056447677,22.08257471016977,16.18250897754874,45.75422739899155,Clothing
P14979,14.848089378014478,25.247206212238087,25.47032641447735,19.74653802357951,Toys
P60074,44.53384477117701,25.3499332447401,35.54546123244543,49.72452939844583,Electronics
P03066,45.38036566465969,9.965684614646005,40.32263192316645,41.02454682717696,Electronics
P96084,35.5623000940066,22.86762894567696,24.45031895782861,47.39896591555374,Toys
P83185,26.64215300709872,21.318086729892133,20.5276117739382,49.212176201904434,Furniture
P43403,31.193709239495778,25.07777174849416,27.000608702207685,69.98809016130569,Toys
P44440,32.17432873179723,10.898514636601467,18.003656636386843,102.995354009829,Toys
P24926,36.24119817052155,19.211294941725907,15.170527305537192,77.70525848142105,Food
P05633,31.84836123694874,16.633905650551576,43.37868436129369,27.83907505011312,Toys
P18585,37.58928589786765,14.425825452563402,11.114771035813902,124.92245379259562,Electronics
P48420,33.801978510059634,29.55287522437898,15.616800747964811,80.80683854773743,Toys
P83406,29.544139836445023,13.729874675308828,22.48006028312968,59.59895573435489,Electronics
P89827,18.569950872695166,31.28367316162803,26.86843016260563,64.29953122401673,Electronics
P34760,30.56649924897107,20.26237596329269,24.42330012266155,75.26891981041709,Electronics
P20852,35.97400069849858,11.739808771779684,33.0217331818278,39.80722977057428,Clothing
P82330,26.573124059196516,17.441219813961247,14.712826191336442,37.561192982844105,Food
P90492,22.96823574874113,29.5400600998238,25.15851926740292,25.44184920019764,Furniture
P60449,32.41962271566034,14.26542143517756,13.41552788274175,32.32663601656619,Toys
P40117,28.701793002665735,20.029565374782777,29.67911925575877,13.555815923340704,Food
P70767,11.104592690544692,25.77250004100915,26.724196565746805,99.1021988549192,Furniture
P44933,30.519458858072998,20.46418187846716,26.994026262617897,61.479606544324746,Furniture
P66433,5.005942851264269,10.595243155001189,25.115457791893167,48.356649189835245,Food
P35272,53.146585666735085,24.104846385408663,15.54873334358069,80.21471601790007,Food
P77338,15.781893332581562,16.670444760917967,23.962981907030223,44.71599489347065,Furniture
P59401,35.21941565616898,29.49908841251801,24.00401168298404,1.4985987515595696,Clothing
P15976,20.90612545205261,8.493776173461066,19.49049774560661,101.78679636906898,Toys
P09636,20.350765394198955,-0.2423001819706378,27.27311961396961,36.54371490416416,Food
P29908,20.253183297726785,30.536920538718924,19.54146950605834,94.45882305309608,Furniture
P65159,34.59972142939117,21.130057120699707,29.63395236468735,43.16841155492742,Food
P36704,30.43811471979109,28.09170428326685,41.81936056489468,16.24842328684757,Toys
P94269,42.477420726737336,3.199787938787008,30.02502780890535,37.22733186045228,Food
P91620,27.546118839971296,26.724960212036425,24.13038696986599,24.314904780147497,Furniture
P50628,50.75260872625265,24.39107068253892,16.13506186764686,69.12817436693626,Furniture
P73153,14.74474829075261,22.35379303210795,29.838669126548915,9.50680791856307,Clothing
P48032,20.76766753889096,18.97960703697973,19.726650940140203,21.026521014081226,Toys
P99907,21.917017146448487,13.55303946803049,18.445550178340483,79.03478072075612,Clothing
P61597,39.325908318730896,12.31962963776429,10.647196376530008,32.925554039823986,Toys
P94931,27.009926495341325,29.31791483565737,29.977360772671226,104.61631723825448,Toys
P32062,36.33776880932098,11.528739303547196,24.949957357167364,26.987976337990983,Clothing
P50616,24.754797337202262,18.55686654590074,26.60825245129428,43.98082103523704,Clothing
P43379,10.812287847009586,17.665509848675647,14.543945404788726,52.03515541750813,Electronics
P87273,30.47398671316414,42.07728031128862,39.34998152574277,121.83085701747352,Electronics
P00170,24.23096344337597,19.88438183297377,26.25154358788076,69.07903252135213,Toys
P40836,33.2876241030348,16.164056260806053,39.90587426851566,61.00442129856327,Clothing
P69390,29.49761890550863,13.898201771470289,17.109035969093398,72.00643440517598,Furniture
P32575,31.83359919779156,21.552861047626863,31.12198324429022,31.0568891755045,Furniture
P72117,40.03532897892024,24.1275137416328,25.165614677050943,13.12449206598751,Toys
P21179,47.65454240281097,21.516652932789945,27.06096753213406,23.95217115205003,Toys
P60599,24.713833182502437,20.68167559707121,17.0956307245888,31.966203419934597,Toys
P69083,33.885786045309644,24.76023572668452,29.57747535910098,1.2336789931381702,Food
P00346,44.79944138890026,26.034330638508592,23.078888985846056,70.49669044366424,Furniture
P59556,43.173940656343255,23.85492849374793,25.20367767409182,54.06690249244127,Toys
P23424,30.644744148101204,19.580764395380243,18.13732684768061,32.09315645804086,Toys
P69228,21.16142563798867,11.997349403155402,31.41440825975198,65.30472406745551,Toys
P83302,45.0339830176715,16.902954801683883,29.97834240741288,54.02499247987531,Toys
P31288,32.809918677350325,22.553396083353444,19.35039484523945,12.7090869655947,Toys
P85366,22.221833124091248,36.71630977355819,25.65586688213964,104.04290297799464,Toys
P27927,15.876962986647085,34.832740530673505,29.965667199198283,23.06509800723112,Electronics
P64737,23.76231039304195,27.176529575097057,23.196826799852523,76.96007481017523,Food
P41383,31.846338585323043,23.618974369997872,19.574614097944345,91.67073088888284,Food
P22880,31.41716913639905,17.720996053042633,24.088473531686205,10.914657094257642,Clothing
P78660,51.65002344901084,26.06337479938896,2.5174508425635445,62.181683672842425,Furniture
P11601,17.757017637106344,15.131282214082397,41.64425927247743,113.15892288374936,Clothing
P26545,30.28181157369128,19.355202005625912,19.32977518419495,19.126358078319,Furniture
P17348,43.90207549017313,33.91081081482665,29.45235088397529,56.56891747567925,Toys
P57547,40.29155637325644,10.31062456575375,32.13858119396809,59.23497117541655,Furniture
P22169,45.42109952567876,12.384652319822116,32.710322322183,75.90584727564564,Food
P92254,29.0394010027535,11.43157056280761,32.409519241099346,62.52395269463885,Electronics
P73349,45.039929885826886,9.93937712868307,30.31379855126317,45.48157956110201,Toys
P57492,13.390390664840089,31.378958893588063,36.72950233584457,77.3125549905671,Electronics
P58597,43.29152530132431,25.941459346877775,42.01396616640204,69.78949994247111,Food
P12300,24.772769794809605,34.43478487829395,34.58654769142948,40.07675311930842,Furniture
P99161,1.5145737936992454,20.685497291226877,27.513410543948734,49.212176201904434,Furniture
P35481,36.11676288840868,20.055452012752696,24.443281380941748,21.01529829888749,Toys
P83699,38.204821811973645,5.230497102095249,31.23571825813693,29.01756379630137,Electronics
P55764,20.114088928490823,20.762753595530462,41.3206692866388,60.79216925380365,Food
P02278,35.58326912521722,25.03623667377449,33.9786886922822,50.88291775032656,Furniture
P61449,27.409578541792968,13.599691484818829,35.25599982422922,85.58436422126897,Toys
P00869,30.56649924897107,13.721904734978374,1.3234287685384274,2.288425914599955,Electronics
P89731,32.60673765823907,23.11691341896723,26.75358106243124,69.16031419640903,Clothing
P65054,27.426234625766547,23.789056614491635,32.76001160698279,88.76181002979568,Clothing
P69578,3.490301916069882,18.127841127144148,23.720681167535083,27.016375081679872,Toys
P42896,3.8025489591025554,23.73143985946821,18.40270304028409,27.519269317316677,Furniture
P78808,21.36009230320184,13.463290951454477,24.45096425330155,64.63324463253015,Food
P51521,36.74819492166604,23.36778355511512,18.611899069898183,49.212176201904434,Furniture
P18106,48.76795812558066,33.141383626047705,17.88190556499202,56.04958715387764,Electronics
P75386,33.216978061960134,22.408858713533935,17.867288975963085,30.51905541158357,Toys
P82900,19.772074348015945,10.952892517392677,32.219156127563075,46.69983503896846,Food
P08980,16.76910206592502,28.24464468499246,18.27769043436849,83.84719349806512,Food
P33132,25.377247112949576,22.001601650013555,26.435162561237163,66.6070859320338,Furniture
P21123,37.51387123371789,10.08593284117222,5.048630445813419,61.94441795367612,Toys
P72049,21.01585328651642,19.336854966114423,10.807031660281025,25.337719645162174,Food
P51160,23.38213535231612,27.602460735788604,26.66239427302975,9.049346137200942,Food
P64954,26.65498764159052,21.90695186187828,31.94728139353008,41.44717228873958,Toys
P41174,40.39904687396076,14.65776354824891,43.37862687635092,61.42334214095155,Furniture
P05118,34.01711722098941,6.011744214094554,12.800972471989397,9.483321069710506,Food
P85106,16.22330632042909,23.2785492554281,16.429152573350827,67.32090575319984,Electronics
P48715,27.76537214674149,10.56768167072158,17.978207837942836,18.888017792900115,Food
P16199,37.01172742310898,23.183416399574472,25.03806873094737,56.94822422504276,Furniture
P99225,41.35565640180599,20.055452012752696,14.397632193612573,67.77590921953285,Toys
P65993,22.980083121932445,21.15910266477513,29.446575270779675,79.21178692557103,Clothing
P70441,14.055723412056327,25.575635236085887,29.4228650744818,38.24369703839401,Clothing
P10589,35.69767280232204,23.99748088242347,35.05150397976959,18.91072257878689,Electronics
P77084,48.8115706944059,11.842685290463075,38.752282234490494,31.48363260056115,Furniture
P85101,29.744459290085548,-1.085981912135022,38.15976344845873,52.26729118010113,Toys
P13793,37.57507710047305,18.789813730771908,26.18735170094761,83.57734752692288,Food
P46547,31.156746342928585,15.033219213991073,26.87022256617982,38.73099002703393,Electronics
P78581,29.016603732052506,7.481577829103559,27.76282965417614,90.35442861357244,Furniture
P90932,42.18761851697317,12.604272094963566,14.616769467941277,46.41141126893686,Furniture
P12619,12.392372408441824,33.97890558332446,27.598552027088527,75.74417212802048,Food
P36088,39.75119733417751,15.100501002876497,37.59635180631214,7.33950674987512,Electronics
P77784,21.676444268957717,17.045782886030374,12.437897180267631,1.0395534492074816,Electronics
P99734,25.98779528114164,6.700064095714605,42.57933223773911,0.5400273167916083,Food
P24806,20.086076505436928,12.737950558824636,24.456366437227825,44.71662698120412,Toys
P22602,32.387891590265134,18.37615490083474,25.7182133565286,32.17420618412419,Food
P76448,35.792914996010886,23.87101320950432,17.57848974608715,86.84090628824404,Food
P18485,22.72862824175132,20.524096747536888,8.519696094954849,5.885313463062481,Furniture
P40520,19.189434595917376,13.356444747547478,25.07092166225255,89.68233400655407,Food
P19307,20.21627222384968,26.32500479330215,17.546233543312887,65.18472966382137,Clothing
P54855,19.422890710441,18.81917930961065,16.159353691707885,23.6457859597382,Toys
P12949,38.56398794323472,16.200770747019803,31.41089943622146,57.292751829820965,Furniture
P49399,48.96792982653948,15.96180063017426,26.422481409281183,99.96055752870592,Clothing
P69618,27.8231879677278,16.135511586532484,26.48638544349026,72.69465062948295,Clothing
P95812,33.37602662075202,9.23303261221428,8.439300299448224,13.502575875928711,Clothing
P15116,28.14712341122292,35.70069752424636,12.639373999272255,36.56115984650074,Furniture
P00308,29.44415329089545,18.697656751421647,26.00235341656047,126.18144868348584,Furniture
P30387,28.160166636473207,30.5704322581841,30.24463824856478,17.800159033313136,Clothing
P46206,35.765569630557664,28.992901759888102,33.8003399471758,91.35408882384512,Food
P73696,31.25576453471542,14.783288891255514,27.80487570404301,90.77568482492076,Food
P44680,15.14439626963028,23.372692884915644,8.862041927188809,42.19072876185688,Clothing
P00848,27.113413610798617,17.999627883208376,5.84139315026669,78.4643928941486,Food
P72531,35.94754341665286,24.418399501436184,33.87738855315344,1.9078819145303496,Electronics
P64393,20.95683374895592,16.066910514943622,15.5382107952459,50.43526997787962,Food
P86624,46.83927691457869,14.32336116200662,26.842829941616056,100.67566800955038,Clothing
P03828,26.947752956453325,22.94986517854016,35.15118093928212,55.28451355663076,Electronics
P92607,30.10233061019587,17.636157455766718,21.36042319134435,68.11371560833683,Furniture
P60558,30.14688194729197,35.89820799384646,29.897983171063125,14.611917213743835,Food
P20999,44.75356216949552,34.202487140876094,21.93182910388528,126.47029126153168,Furniture
P26717,29.44452301103381,20.78386522776716,27.63443933927668,7.997878304509726,Food
P00228,22.36740843457483,-4.156097246566603,24.443281380941748,118.31259494159912,Toys
P29861,19.60094072874469,18.523797138753203,27.18811112661604,56.61750613212082,Toys
P12497,17.742343369976588,27.806533754757677,29.652518641735337,18.33081530604211,Furniture
P73164,17.10039100258946,10.087143394768791,23.886405879102192,29.22947677298617,Furniture
P40585,22.442548405071552,11.967563225263918,31.33085125108578,104.56695596600974,Clothing
P46783,31.04201103951876,22.08353810666845,20.642434438761367,30.766572193260657,Food
P64738,39.183166060023126,17.364417709223268,17.382762521017245,19.79217917164568,Clothing
P01968,36.5655360863383,29.119028489032363,27.81866026478482,25.931599185813692,Toys
P40490,30.818741393863224,16.516109035441254,31.49331391381609,53.35397474610165,Food
P98739,35.62969236690571,17.536307762887677,25.46078111692977,40.097294248956885,Electronics
P79123,13.925167654387725,19.36286887003428,24.108151297828577,43.23030857863245,Furniture
P59806,16.797667929793576,16.508912875787452,24.3342442276506,49.57188941151834,Food
P19907,37.55391225825756,18.44939088981757,29.27887614273961,34.647093261730895,Furniture
P37906,36.38730222029184,20.67061302343489,33.62012453025615,21.800965125498006,Electronics
P08931,23.199752784215093,21.555074412618687,-1.1628939738947714,51.36691643425695,Food
P48801,21.39586634716048,23.139327737430136,31.110522889860096,115.55284685108336,Toys
P57312,48.12448557996929,19.34781861518683,20.02371246369428,71.72409677943492,Toys
P45699,23.50722454933993,-0.2364806215544241,25.226897807860738,3.071509112181964,Food
P44144,37.51933032686775,29.18756567357404,39.89866401779466,46.82543727506906,Toys
P19399,25.308243478952956,17.039911760942978,12.526108518409018,49.70465574048851,Electronics
P82543,32.704568257798385,7.139521085048207,35.987391689317434,97.949654229231,Furniture
P05730,29.627777634901584,16.34158675930568,37.78453858543957,42.38144880808295,Furniture
P04935,13.3847993773104,12.21163040236425,41.71932109183959,87.63015082272018,Clothing
P96550,34.36323669674032,23.8615030976737,22.135862250316418,31.650987899163223,Clothing
P77816,28.4147042697303,17.537532230888928,43.88145405219189,32.00535818248815,Toys
P73616,45.51151975522523,13.697729984734089,32.56661033916594,53.02776766328182,Electronics
P42921,36.50201177958661,9.66189843915505,19.62723141951033,24.481602411441568,Food
P49439,24.243621737622263,23.49390841386808,27.89874079690287,87.57622193087693,Toys
P61659,36.62130674521047,19.33515541897044,25.27028331247674,58.746910300459184,Food
P04065,44.65648768921554,29.768269564202825,35.802355747649464,35.368838811537664,Furniture
P58648,33.07801768892059,17.13327878383022,33.960233626018265,103.54325117555284,Clothing
P65065,30.18433933065393,31.356824036109096,29.471862314568373,37.1345622318178,Clothing
P17393,40.30999522495951,18.188168864787787,40.61442918253128,47.61834726782892,Clothing
P14057,54.92999517432791,15.54061557513343,21.127216120408217,25.197147116101505,Food
P88864,25.4111573713106,9.931960714597324,31.892904515325533,45.97459367969226,Clothing
P11813,36.32781866106285,8.449161470931665,42.28330751929835,52.53400359169842,Clothing
P86778,25.567177488084894,24.27853869076728,18.94762963594297,30.396113128255784,Toys
P48821,26.507422956815716,23.11327356534343,18.716202928500557,80.69169665756718,Clothing
P80176,22.44617067646677,9.35749099408808,26.606289974968508,3.236390149284752,Furniture
P18585,39.16327674702482,19.336854966114423,23.810475799200653,53.40183175900068,Food
P99209,29.758749128899968,17.45827922595013,6.221701074660238,137.54520665180277,Clothing
P17101,35.42560043585965,31.82024064844209,20.75987813363909,47.91403141273192,Toys
P23357,23.230779996940413,12.976139305947513,22.40306173711865,76.18473053016903,Furniture
P06115,51.57308213265503,15.145078577142597,18.998361547435927,70.16880224121206,Food
P41828,31.193709239495778,29.95743664589429,19.331039028725705,25.95307948752441,Toys
P43569,31.48667457202112,18.05292816499985,29.257344539441934,55.52927192234311,Toys
P12824,42.71555094994159,20.054398756479983,24.246538361357093,50.47093387873275,Toys
P81954,15.924883052821787,13.318856786959817,24.417802554707333,66.49049558870779,Electronics
P77684,35.15047686306048,18.93893002893941,33.10358729555557,78.65807711621616,Clothing
P78829,33.93317839394372,18.06802043303377,16.300708981132164,39.32077746842502,Furniture
P75143,23.872113095156138,14.96589285045769,21.65327905949201,44.29277466760353,Furniture
P13560,22.696333682828637,18.21227214102518,21.238814088106984,14.331097413951142,Electronics
P41905,21.439161740911327,31.619740275765963,21.43393289708416,28.592459902784725,Furniture
P56332,15.69224897881952,18.325489443365107,36.61580014830293,53.74256298991804,Electronics
P95165,35.009171876243805,17.883881269515115,17.83998638853206,13.142485171570442,Clothing
P18851,21.42842443583717,19.80643514887267,29.699282913405423,32.70741270995468,Electronics
P91168,8.011940433799182,18.605165936777315,25.43740292110462,39.64559356585919,Electronics
P26706,17.889838002375434,24.04376127333301,13.848525677260218,66.15304871649357,Electronics
P34953,22.07127167737656,30.99550474536654,43.47674822051496,8.321038093670289,Electronics
P61812,37.38466579995411,19.77988075959491,25.43740292110462,18.794188405523062,Electronics
P78189,24.694988523894725,18.440733757178556,20.909070531309,49.212176201904434,Furniture
P71958,37.2762954363698,19.6574129495074,23.97867418706073,27.38413658927116,Electronics
P30748,21.24381746615243,18.695464288449887,23.35164576052035,74.24108568206213,Food
P31310,40.85895565831578,27.32312220448129,23.227703728027997,131.0908269321525,Clothing
P32936,41.965715016644914,23.26885846161414,19.63033847249443,45.97459367969226,Clothing
P93179,40.57122226218915,22.41433519855573,21.973707351870356,48.27827890995373,Food
P87695,37.472936051232615,14.332745864716298,26.94962477864157,8.136544857347843,Furniture
P44453,29.5228864385802,13.866747297733216,14.888553700843618,51.10348499522704,Clothing
P81501,55.60084538268795,29.886257534577236,17.68287064965883,58.17264189960829,Electronics
P71800,45.50500492814077,24.00532577104968,36.13888381760798,34.6239766806035,Food
P85917,11.591257686683548,20.847155624921875,24.14658191847215,46.94015850092204,Furniture
P91279,40.44160877069072,19.61078118743639,16.987139367821154,100.53574503810356,Furniture
P79305,33.269273737641626,20.7092607276915,27.88707153339416,68.28578135625804,Toys
P15105,27.97807347566106,27.160306512608923,24.997176946494022,37.41695742024348,Clothing
P63522,54.39752406339273,9.062897548318034,32.14436620429434,6.912384052156469,Clothing
P03213,31.391261223613213,19.503967925071745,33.104797695984324,51.03125927079381,Clothing
P12117,28.328782862135885,27.008374340238355,20.022191647772807,100.20325656868955,Furniture
P67773,30.56649924897107,12.606134845853564,23.540884220681274,4.624131041033735,Electronics
P20880,44.4376460407326,14.273920087113986,26.48638544349026,16.75662625223392,Clothing
P11445,41.63163752154959,15.018805106124384,32.93266776031214,69.3676313652258,Electronics
P83285,27.75234598107317,15.687018374808172,19.95315183718126,33.03821089143796,Clothing
P57579,24.232286694316677,26.63579873545399,24.14658191847215,52.298272113549785,Furniture
P87356,35.07274031107298,12.56391311846072,30.24314186927925,54.85095580114259,Food
P29190,51.42270358611864,17.491762510620816,32.052306983187464,31.563836489267157,Food
P14938,34.73237624573545,16.283061621612855,14.228902182163196,26.11589590440514,Furniture
P06012,31.73180925851182,21.01103663637129,11.184637772208765,44.2738334134046,Clothing
P25356,25.12874616235304,21.70634965898351,12.647810069043093,53.02776766328182,Electronics
P80682,33.10907565598005,14.830181521249576,20.32543265356486,28.74451169122335,Clothing
P47633,25.40639100459756,15.934878418821512,18.738746105226426,49.48981776548507,Furniture
P23169,42.77676821898509,24.006755799555656,17.51144825635129,54.73922936754355,Furniture
P62419,33.112501545435364,27.580211696982865,6.049177523437081,53.47473761680838,Clothing
P44853,29.650115095030383,5.771299327947865,16.22170575449575,82.76320351947278,Furniture
P68524,30.993323054292254,25.08334424167381,36.51566802784143,54.659749975982045,Furniture
P29797,17.56136764608715,13.452570672463988,22.69293389464757,52.6104944117716,Food
P12810,35.470973811700375,7.350474383742933,40.850693123806366,92.8191609286765,Food
P87497,24.410781527284115,24.57645953371315,33.64274316653324,78.91720802227587,Furniture
P24285,28.40061470036573,27.35323338888001,25.69440846595945,54.46630411753073,Electronics
P00010,21.015320182089628,5.790029332268386,10.61915078954646,54.10239942197692,Clothing
P02691,26.7965269180568,18.16160295539845,20.340766844177068,49.57188941151834,Food
P46724,18.124015809704872,35.63325947000229,24.14658191847215,36.983796110624326,Furniture
P33213,22.465821296538167,23.063911877927428,30.26769492864704,39.47665383195338,Clothing
P89107,32.32049937357636,11.778598872592337,25.43740292110462,65.92926985892271,Electronics
P38974,22.326524371119504,31.16547048631965,15.783742682022584,19.565608198777586,Toys
P06892,40.9877685198719,21.174344095884397,29.04526521549076,7.421802117624018,Toys
P49127,31.06430227691897,11.87924646537705,13.67918659682001,79.20866748283541,Food
P37845,30.260910502108334,18.335065141819683,41.16724740634267,30.38962578087743,Food
P46546,12.602862212219003,22.043070045394536,27.866689043189872,72.4094252031413,Food
P83614,26.003638143853976,22.309789302600187,29.98050084766984,61.78740531644649,Electronics
P54097,32.89774856896413,26.807183697343778,24.443281380941748,40.84433463557745,Toys
P47336,24.82711549899628,23.51600984496181,21.40090844081977,56.69842739766112,Food
P71037,30.48084946661382,29.911570823515497,43.61115704347197,36.79222386840799,Toys
P47740,41.26565029547757,33.29176132582415,29.95717815046297,24.43326071008028,Toys
P96155,28.328819196831457,12.625121494997494,37.541090747719885,57.18882554716994,Furniture
P04868,18.53654606981312,13.111296718611436,15.140325500389938,47.0742384876313,Food
P90920,50.92387275685461,14.799979353412322,27.32178383099063,49.57703102279985,Food
P26346,22.85648581973632,17.636788718887765,10.31851766085149,114.64786032149426,Electronics
P82520,50.75400798645439,18.901025692804826,18.18912420685666,81.40735383464418,Food
P69350,49.14031353866786,30.19900033022978,27.086578829213632,51.130897193717686,Food
P37377,39.71570950954356,21.913974912889195,28.76385180299175,92.4256186499327,Clothing
P74340,35.36652752527286,16.606109332815652,34.64736878690617,25.66833752463852,Toys
P34986,44.76540349725896,28.171066363435187,24.06091486311797,35.24129285391551,Electronics
P28803,38.2206015999449,12.005582141640714,21.49068664096499,30.74999539608853,Furniture
P93530,33.21357215450273,22.372604361126093,22.8124492100722,27.785296810035245,Clothing
P80659,21.97722730778381,13.606463946797971,34.635495039812675,89.35080347817984,Furniture
P53064,36.48280433843859,20.846030330171843,29.626562971822985,30.842425245649096,Food
P53049,37.87084603742452,19.05545178407137,29.103137756536324,41.50345883164302,Clothing
P37734,44.20504247989855,29.69555188309121,21.710446567132607,33.812263377886055,Furniture
P06466,41.79440120721287,19.29309632635732,42.75287959110827,18.07339979547953,Clothing
P20129,31.307405772860918,24.41188300832374,30.81840583953193,73.90105781212226,Clothing
P02542,18.31321962380468,13.985671599238524,18.197876498574733,35.125193241921366,Electronics
P01618,42.27668992473292,19.40841947513286,27.104632232106383,44.12644187094256,Electronics
P17286,27.05050321707972,22.94119434393137,25.409423286976768,61.83739956452658,Electronics
P70842,24.377124707590276,19.02601993293373,34.34540965917385,22.61567242110461,Electronics
P54883,24.98242956415464,25.54484485810515,27.78999084849,85.79338837553084,Electronics
P95399,30.10233061019587,28.80767707998857,28.997784945616047,11.28315734161344,Furniture
P25904,24.106352430557884,18.71893763546688,36.49268847479369,46.56077493480823,Electronics
P79609,30.260910502108334,27.39416111630264,22.86689226988635,73.25345364767259,Food
P90437,28.720824085192334,12.226746123669711,22.280374717156405,14.061007123482147,Electronics
P83238,45.77453279763475,12.659977431885892,17.395527052658533,76.28521795079226,Electronics
P80457,37.8182287177731,23.426456777661187,29.230397686313815,98.4890012816575,Electronics
P01537,35.38910043684659,28.56120190653142,42.41638636054206,48.53104907424649,Furniture
P45839,45.79572145730712,11.266392990885484,14.414439971006974,34.46727658333341,Furniture
P64857,25.10560557481778,22.750303052399083,8.405857748673288,22.7369098757608,Furniture
P61049,55.79709337654319,12.961485171983565,29.54034930744715,44.2866144221235,Clothing
P38490,33.61636025047634,7.499633144907658,27.027377055227944,93.5635309754768,Toys
P93034,37.91031947043047,20.90616328430212,20.647946645381168,36.39090837224951,Electronics
P45015,23.98293387770603,21.127089975289632,2.6050538192830928,55.040460215975855,Electronics
P91753,39.15402117702074,21.4115324422178,24.490703599900936,80.64546178345591,Toys
P18587,70.19010106206532,16.86681146062567,19.472896914925155,188.5545773996444,Toys
P01793,23.48163892197841,28.48167925999104,43.86259151628244,71.47202723512521,Toys
P21765,41.08182816737517,15.005236882294207,24.43624380405489,62.5627988038249,Toys
P45641,46.39116805444068,15.752232817504284,14.384863019429975,41.56623545335741,Food
P45258,27.231867001110796,27.883597484921747,20.654551682737736,62.09823689111515,Food
P17207,31.391261223613213,28.608057108788785,14.619845404636363,11.510723718526007,Clothing
P03648,29.339202013526837,23.810862154849755,24.069118981387444,71.93001880356444,Furniture
P49701,16.01432426180859,13.660640632000309,25.407004380999844,3.869295178900451,Furniture
P53843,21.104855703744768,18.088543206642445,16.48828545372897,69.56918454830691,Furniture
P84621,21.607903326609936,19.486494583132018,33.51282679315731,52.45966441474158,Toys
P62143,30.69802084990019,16.565582203861922,25.71638076138433,17.141884434715863,Clothing
P36635,30.260910502108334,11.19876613622644,14.343724975996963,66.20863832107086,Food
P09875,42.00413907944426,17.700419844797157,34.72050453225379,51.12625524460464,Electronics
P87053,30.81829358547565,19.74848663700179,35.85947339377523,41.45489186773396,Electronics
P44901,23.18948342525119,38.91097995695489,15.0795723358973,61.45202506887528,Electronics
P37349,27.4743184860684,18.03150009496041,30.98875141322601,20.167144346006232,Clothing
P08545,30.18418379189552,27.723179876729365,22.32266019213535,14.632295261050238,Food
P25578,35.90654830692309,27.121587288998292,26.28743892891057,10.078846060072216,Toys
P41163,9.18070592116278,17.495535755814764,28.81660175366606,19.22395682091571,Electronics
P48003,70.19010106206532,27.29090177739777,32.61222585306636,188.5545773996444,Electronics
P00351,31.391261223613213,8.979059993966102,31.30630550908525,111.07620605545378,Clothing
P20780,23.62260015748684,25.54783129531195,23.650533528288012,9.966667205837496,Furniture
P88660,36.1277390506257,15.1620426836943,22.35181744927188,11.871448367231515,Electronics
P15487,30.10233061019587,19.560847995069707,40.26150590029779,40.43755054261601,Furniture
P29355,41.89016531107552,9.072354310395726,15.035588648777937,84.86778792517,Electronics
P91852,33.82409746184051,15.791721258659358,12.65431183662845,33.15986010673382,Toys
P08514,39.382838059759976,28.415580941783347,12.5031170155191,43.739948863386026,Clothing
P10635,38.72457328280144,31.05163262952389,36.07199958085709,31.00305809855069,Electronics
P69393,70.19010106206532,16.27170798505406,25.530857994306377,188.5545773996444,Clothing
P53586,29.032868881296075,24.83612261084293,13.157657652152436,17.644617759062086,Clothing
P93117,15.752518137865431,12.324486106212165,35.385106608301726,112.25195118045625,Electronics
P98217,31.093947946048928,18.17120067727985,16.12776572198956,100.20091838457571,Furniture
P55084,31.193709239495778,17.371052194008122,12.85381409603621,17.789340232467424,Toys
P16695,39.63376129244322,30.375956372488872,14.61073598590314,71.55252270414923,Food
P72869,30.245101742589423,11.154362652112514,24.303008853466057,142.3058111054151,Clothing
P17401,42.06508966508357,21.658138635191552,28.864067405215607,49.212176201904434,Furniture
P19549,31.84551303197037,18.302328240790786,20.87225227509024,65.56379052355163,Furniture
P13147,48.76170839215887,23.39248835571272,25.70328756672683,98.28561997327918,Toys
P02017,30.740947804197752,7.976237372838774,33.00133410051903,66.30172483615429,Toys
P45154,43.05478807154329,17.851754816753342,21.74683509975413,59.2203685012391,Toys
P96778,19.87168879665576,32.107597945937044,11.325885320708418,37.47708854031704,Clothing
P60229,43.82158991037527,19.332496241677116,21.46252518644739,7.668295068017542,Clothing
P69239,20.924363379584022,12.480775191129084,9.271271411545646,42.86950049117047,Toys
P08355,40.30283454031842,9.44602244320986,32.736263851092005,30.669791989340474,Food
P07299,42.897527540827454,29.084961177463555,11.03638975846964,36.63049090910016,Toys
P52374,22.801557916052914,23.75019404860019,6.550528492802698,67.5294249930593,Toys
P34750,24.602403196906387,5.06768038911507,14.202722244712229,68.00638897232832,Electronics
P75720,40.53152853332904,24.18011284212606,22.06950053066347,44.92631943071551,Toys
P02700,35.38296079049633,14.249340899130155,37.32730996888766,87.5685098586992,Electronics
P14388,50.88374704780728,14.917100889394966,37.15965603171826,43.58374497336084,Clothing
P85346,21.494795457907,11.547538857917978,35.46554719781487,8.734673312937723,Food
P34161,21.96325432030269,35.89648889359553,10.932691240858718,32.77752268738191,Electronics
P97686,16.301970204209223,33.480114229668075,37.20015642139313,51.29122612551163,Furniture
P76661,54.45751979616826,25.92659476336101,31.235701802360303,45.97459367969226,Clothing
P29314,38.15737212539297,16.355683791809035,4.925787827879869,26.11807586838098,Electronics
P26192,29.255540842338327,17.9811719829897,8.171652944210525,24.83321977922791,Clothing
P79473,28.887739386513,19.731099482370297,27.61807351831005,68.79304017361832,Electronics
P42090,24.823887009638284,17.121850833687315,33.55014245802681,127.15985952484908,Toys
P61623,22.26210800896427,12.79503412281705,17.98132348400525,19.100831756691928,Furniture
P31197,35.92526949201183,18.75792760940201,14.252295390169396,14.891578808096751,Toys
P69341,32.27459934604129,20.193755653382063,32.62093697694844,74.41942580593224,Toys
P93818,34.40014450053332,21.80246337632753,25.540773951536472,70.63798916154285,Furniture
P37629,35.29692754356731,26.76126376947457,24.034617107701525,58.05780743132894,Food
P70137,22.436492547156966,27.62500036300869,15.90461602063978,66.94527075800367,Clothing
P51575,23.997831228412053,19.703705623612706,26.208668475230137,86.07353743949217,Food
P11139,23.08091930118756,18.124737597469423,28.853676230295186,103.0450787917935,Food
P38118,25.146364521708964,25.67561453711232,18.382268853862428,71.68480684956536,Electronics
P83413,44.711703274936085,19.751528537032783,33.950026379580166,88.131959780211,Clothing
P85671,47.97686526849522,17.768296557345533,26.48638544349026,46.14361120244129,Clothing
P25509,13.54601253043108,12.413215966206394,8.472761946066424,5.643591890036035,Electronics
P51655,30.139292919129463,16.998428957408503,25.06460620217148,54.12057438221108,Toys
P96797,32.766907993300194,32.923005515755534,15.980046829659477,74.68348342502007,Toys
P31738,43.75706813311619,18.25563283686101,39.745237590438464,33.21361144131593,Furniture
P14615,25.53566385449472,23.125567367425152,33.54635114228039,32.89057796640601,Toys
P37750,37.59155160302647,21.76433141611093,9.943954888195831,20.64234830034037,Food
P90343,38.72320636720679,15.502655787373584,22.481706918606942,9.797837866281952,Electronics
P70586,43.66874267444525,21.5578895577502,15.454554402430592,12.576936332000116,Toys
P72000,10.124310853991071,13.517980503884951,22.76324243732996,74.94850358541211,Toys
P57062,25.798131829041427,25.56430206052622,35.63701983663965,64.26765307785747,Electronics
P26018,30.73317967188404,32.3921612119615,28.3305500374206,71.8682358371135,Furniture
P59839,17.04921227936384,8.25979787398048,29.12025048933206,30.22882175334065,Clothing
P76408,17.85811387212268,23.535525196555277,29.276509718458435,57.23720745220188,Furniture
P79885,37.09003757588512,10.098700621381616,31.919557083720072,47.14568015669016,Toys
P18361,26.922217650469992,26.550221150038887,12.262595272682312,34.20404938711871,Food
P68040,9.325578999601234,22.153015529960857,26.26884429650854,52.484977115543,Toys
P71465,19.46584436826344,2.3554715432074467,37.20925047245184,38.64260770360538,Furniture
P55258,9.582651315757094,14.48217780748661,20.758626333677324,80.64868952219116,Food
P32340,34.78979825746392,24.977657152347216,45.7327487689431,8.241248571448061,Furniture
P20110,39.31280119116199,22.938924054529423,17.289051155558866,40.98602153837889,Clothing
P06205,34.73832920911788,30.54078028486368,25.98467624649673,21.769318980008627,Furniture
P24214,22.167467076637628,12.359019365205176,33.56394793516638,65.696695572111,Furniture
P03864,33.24083969394795,19.198767388160377,12.654936724925806,91.79543773804718,Food
P28412,40.09817089342634,26.836201816532927,23.04582032548418,25.82601035347386,Toys
P67393,19.551908059789664,20.734019875586984,16.894686827175445,2.5713128542299017,Furniture
P94024,7.88864690992115,17.4714171517836,27.58260268871538,53.02373217934419,Furniture
P24736,26.37559058596868,12.837229421095806,16.074730029037205,50.94474686785988,Electronics
P13374,12.966175606448452,28.686290599514777,13.40523144282816,79.48049428309824,Toys
P23315,51.90455625809979,19.336854966114423,31.656878365522044,87.84557757606548,Food
P50788,30.380034781682003,23.36075592361473,17.96959259681997,83.55897002462635,Food
P73933,32.24092481810417,28.26036963473326,20.267082916943167,55.72749572431132,Clothing
P16802,15.599491174057055,8.755463846570864,24.14658191847215,97.04547288581978,Furniture
P72130,44.02794310936099,27.353831476601627,24.443281380941748,23.380116234326863,Toys
P72333,51.45149127773388,20.98838156764466,8.765234866938716,7.148333620319164,Clothing
P41370,30.685629748060272,13.22914676007301,24.66186419518467,47.14568015669016,Toys
P07969,22.69069960058081,24.01426188934036,11.707675652212888,47.96385854901554,Food
P39400,26.779384837943244,23.38879252474769,15.809537881957295,13.390379301680724,Furniture
P49229,31.990596955734706,15.105847272757718,35.531788382769435,49.27301498390924,Clothing
P99393,28.093175992366533,25.212175930716047,35.31427129727859,69.78594408767415,Food
P79114,23.88482197008052,18.487036873783733,24.14658191847215,74.58119804418219,Furniture
P28546,16.20680771985473,21.2801458068223,15.123685129260402,17.113390253943045,Food
P75395,31.365353310827373,21.723172043650305,20.205470516047868,4.391396232781716,Clothing
P27035,24.690030449981823,16.863898880646964,12.101633669277591,51.02088759040043,Clothing
P82780,18.80330105373856,16.735193286718236,19.30407752603687,70.70221029009838,Electronics
P42324,29.939290884601068,16.696017422852528,11.643490015680984,58.9238615935345,Furniture
P39004,20.175126064616904,23.75414071846821,46.14168208030682,87.65437365124711,Toys
P33572,40.72507337309802,25.96004250301825,15.225508760937226,54.83898627988086,Food
P36905,41.42822814515021,16.589139230355652,34.43836413774907,49.50168973022273,Food
P13250,30.212715767360617,6.956214050278879,38.47039366701383,5.157315606510679,Clothing
P04838,45.4993440501754,16.770812294064026,28.987019174026376,37.42767969450823,Clothing
P89311,33.38496407494414,20.004223670852777,44.12294262715265,20.19231453217892,Furniture
P52034,34.71468357135996,26.27683430318419,28.163319103169812,36.91533675477545,Clothing
P59601,3.0311335705842843,7.192768172187876,27.32795033069849,46.27142668512691,Food
P12766,32.22133771633713,24.853784473089465,25.312423738773056,46.128976546106486,Furniture
P09557,33.26133022242118,23.407097649544287,19.854285622395448,80.88321667781122,Clothing
P82351,19.407864781110483,19.58885021129211,21.277459009333214,63.03507938273917,Toys
P81854,13.305947188786284,20.479461042130627,25.43740292110462,48.262767503692736,Electronics
P87724,51.330333746562665,20.659518023476025,10.946560998023266,132.65653231159706,Electronics
P79585,44.51143607795042,17.53572572651407,38.05834793451291,12.663724997458315,Food
P14557,31.965211697014706,23.857991621445255,25.443774983682005,82.7055041306134,Toys
P39087,29.34249738927012,17.327382152160475,26.550289477699337,3.2190884833638838,Clothing
P66667,29.192834198914177,2.0248853281231582,15.712402821150086,2.2831592164312298,Toys
P09336,40.91310120594269,18.35312455295728,23.810770699886078,106.6531081884277,Toys
P21882,31.965547765115748,20.055452012752696,25.879033390735017,55.654272830543086,Toys
P82738,29.60444846143345,20.26237596329269,23.52098314703148,52.38720604826497,Electronics
P61879,37.91662693962936,31.28745903797016,19.696555133896243,73.93983648836709,Furniture
P60874,31.19580368414153,11.181662801308612,27.489406889600627,39.95591037666495,Electronics
P32328,36.32407739055521,14.594335366707108,17.961968567400667,14.008242047293592,Electronics
P49026,4.460788650980451,15.289065386090432,24.573663677100075,137.8181027741999,Food
P97788,21.745028032074885,10.850190341434706,12.70758260126105,35.94511659919053,Toys
P76832,24.398189598030307,19.514713489483032,16.55866981117241,48.27813904777892,Clothing
P36681,26.285591340042085,21.214063937989923,32.38142368079936,20.14478120302288,Toys
P42410,35.60784526368234,23.91349704118131,28.82900377765755,6.643842067633237,Electronics
P47194,27.79035826170336,20.20310736433928,42.31101215342458,28.656134177488852,Food
P88708,33.30880232214457,34.04380558652392,34.67809061761208,48.64237094106991,Clothing
P54532,16.881637676498404,26.513214096946133,34.05332060616775,70.52489625826864,Electronics
P57829,38.231705839619146,20.814850362095893,21.94789948656965,64.38522644004826,Toys
P89395,33.02635465239033,31.226959761001524,26.48638544349026,59.834332207223696,Clothing
P59755,27.491669835449528,30.057193734900583,32.885522504721095,22.95872960308477,Furniture
P14419,30.786351903160902,15.146397641877629,30.359418078753315,62.28315591926757,Toys
P76887,36.29628841923612,20.170493189375534,35.23583088128257,72.17541484104703,Furniture
P39024,35.079913269125434,9.631066686000844,26.67119722376865,108.26736784268898,Clothing
P19126,17.48460575809556,19.46257367960516,44.65687060042411,101.1377627989213,Clothing
P23348,32.14093744130204,26.97037837965795,45.534866528849584,78.5391873289845,Food
P22914,25.79354677234641,30.99901135318548,32.70000093118641,78.12432477520775,Electronics
P09053,17.170077758114303,19.59836306366604,23.69585878826712,38.76397547749247,Clothing
P50532,45.64643655814006,9.14734556301276,39.68671209180198,32.466341244486856,Toys
P27118,21.50155630535208,18.817757449460228,16.736857149250827,65.150632648213,Toys
P58537,14.43418101340249,31.7134179100195,21.731950049599902,29.955708550167,Toys
P00973,25.67441812180379,26.99511344570182,26.10770381490563,50.58374766556649,Electronics
P96507,45.28468426412532,20.78454031631156,21.842355129311727,69.37671260827678,Food
P36770,32.825799504882994,31.781365406007858,31.262774551844068,63.25240209132672,Food
P65442,33.61395605508414,26.35411743697462,13.576025531079708,32.10765776093361,Electronics
P97902,19.97470635362191,14.63503832738684,23.50931730714131,120.30962158437876,Clothing
P53256,35.365098435704034,19.236286023287416,13.233671959921324,85.31554889553017,Clothing
P68473,28.143410233361827,14.022306566817411,22.0042563605574,101.57121838525464,Food
P74894,46.07345576019993,18.163610757117223,22.54709750774372,2.5818817757249306,Toys
P30238,38.60473488359745,12.886073374173408,27.040158236451376,53.08752171569712,Electronics
P31700,26.3903383418092,7.215005184930019,29.800233202349045,30.93770359313789,Clothing
P80514,31.467136864333227,11.968341023348012,31.39494192068007,45.97459367969226,Clothing
P95505,33.520553965142966,13.345422334156442,17.491463709688375,53.326591484852536,Food
P98695,35.99928729996205,17.067943837055587,21.383844757525296,49.57188941151834,Food
P50511,19.222552220706937,26.46446238624916,36.24657014767,35.34571759668921,Clothing
P57688,36.228499323474985,23.58173540648222,2.209785233022832,77.84737074032974,Toys
P31350,31.503017614618777,19.47093908299342,45.771246255545,34.78974022189833,Food
P71436,46.33431532301096,23.278102367675977,27.769089880610025,101.47722893398084,Clothing
P21204,24.169225614310616,27.642404465902025,19.94598028302437,19.42132198000316,Food
P41525,23.730329422122324,15.966561351938628,30.98232470799799,9.924127874941597,Toys
P52150,31.220098146453616,23.234358039693586,24.900171964462583,26.62941735440043,Furniture
P94332,18.41635310807457,26.876703095838412,6.261111671299116,72.35452592854452,Toys
P03537,31.391261223613213,14.152349794276214,15.474034297225126,87.7285716907808,Clothing
P09746,22.40867338446302,19.788753944328583,34.953103819215784,68.97362649926902,Electronics
P05509,38.13509636000639,27.17471452692425,15.86716456132733,25.88154755817557,Furniture
P75422,35.8857840442061,17.929164797041345,14.592257649305289,53.77704165184877,Electronics
P76500,38.816397569494505,23.45538035739153,10.621607473641111,121.76328905821978,Electronics
P41343,24.18319086051356,20.348117349147728,19.69096914019953,50.61251501638755,Clothing
P72002,32.342147325365204,24.60164012885253,21.42198011057451,35.06114459546474,Furniture
P87884,39.17861947054776,25.423002556247265,27.68342619391473,42.31157527245283,Furniture
P71267,24.231081304768512,5.847392760887054,23.556759270596523,61.49504569276701,Furniture
P59863,40.807807255546216,23.696487146015173,20.04503261462361,62.47479888366029,Clothing
P29778,35.95157025436914,19.336854966114423,16.863385392375996,44.48438320522371,Food
P82164,35.298041779152825,15.80729281652326,32.914753370236625,44.88842703835412,Electronics
P94177,44.77894044741516,11.873425448172824,7.29637266771563,49.82135872361812,Food
P54266,31.252245026479077,23.09446816551362,27.19291501332443,49.23517614244401,Toys
P95351,33.34456789987025,6.341136339256426,39.88255541643056,40.89121781305997,Food
P81812,11.9801956241998,26.66667129424245,25.427441214264785,35.89389983644066,Furniture
P17320,50.61503576636397,22.062020321142004,17.753454234314113,84.57944309785077,Furniture
P79025,22.742561868465344,20.834847500185703,23.366471540779,49.60086093864094,Furniture
P81001,35.040465155178445,14.769869290809442,19.95453126837421,79.0870707725872,Clothing
P92987,41.6082678737852,25.209089934589255,27.675198460421115,70.74855725364165,Electronics
P75525,46.65474444462576,16.743709496585755,21.664755138392955,55.3974310863925,Toys
P74011,38.53415558780308,25.005047469168005,18.59224095466969,90.01657236501718,Toys
P18623,37.00309879408992,21.59158517437196,24.79948918734658,110.67770691708444,Furniture
P81362,43.01741289398798,15.790017147860633,18.82348777820424,27.87860289506124,Furniture
P08239,33.24166352488442,18.310958089378445,35.09672070607424,68.82818892685493,Furniture
P32111,30.10233061019587,12.033476841678167,26.70395476563137,82.63131278473598,Furniture
P76092,15.641378488205609,33.560408323446026,24.14658191847215,20.75580272231474,Furniture
P97078,23.228382884878883,22.296993321614597,30.16664098804601,68.59216354108607,Clothing
P07804,36.982233136135896,11.318795787537615,12.698274730472562,35.491485813336894,Food
P85442,36.86051459998439,17.711966224959113,37.460788428345154,57.15664861321218,Clothing
P12748,47.359638031652494,18.9963659199768,24.288393923218997,85.86594164260129,Food
P21135,21.530386516816723,27.218217390293177,27.191771837677106,78.15920068036834,Food
P63474,36.10585745283823,12.150675750882549,14.44989621907024,67.98732623736068,Furniture
P08806,22.515134634434464,15.658609602127823,23.67677118912235,53.02776766328182,Electronics
P19538,39.5042383818605,16.209285223432673,32.754725120481496,56.824876271961614,Clothing
P72729,42.46085192497629,20.055452012752696,34.26511733438522,59.29684338141904,Toys
P73957,10.479122004774982,8.339588004280555,38.53077845586099,40.8316815753859,Food
P26076,31.846803058649083,51.40990165149061,12.782342141422586,80.20190213681195,Food
P65666,45.79212815507391,25.571099579653723,29.37432660475873,70.71418058364539,Toys
P84494,38.17766299200287,14.915537268764773,9.288633104263132,93.25827205857804,Toys
P25199,31.33540904782282,26.99613659306018,43.83878138988951,13.023790663391594,Toys
P88207,18.57029702169377,21.436654255516785,28.935818683350647,35.92607437368773,Furniture
P93340,36.51391251305798,26.779373417203374,38.70914759541032,60.709182778007786,Toys
P57425,17.760597332377436,17.627140327441612,11.111935948514168,61.00239223676771,Clothing
P78846,17.997035929442237,12.581174926475407,23.444784363431825,98.1301732492579,Furniture
P45582,28.52997998371512,30.73180732424705,28.777350475215396,43.08240804429161,Electronics
P75421,43.07142754282428,31.297764443323437,5.854953216836542,53.858523512149,Clothing
P32627,15.925362256234449,13.070601214283991,39.315238653560655,34.11599109478975,Clothing
P78150,34.810092317367136,-0.498669270362484,35.75286575689244,2.527160779290803,Food
P54816,30.865897874729,26.60078611734108,20.216909037767063,71.87190935007094,Toys
P58373,24.33702270397228,30.248130893880905,36.86472092367403,28.01093302628723,Food
P62105,26.27166847908233,30.178828000854143,27.5722295811526,98.69770071584162,Toys
P00017,27.31111309445169,20.16709190636769,29.00296427048435,65.54305106089927,Clothing
P99036,26.847307553596544,15.717374512368618,31.62059797521172,52.43835266168596,Toys
P31548,31.69360824036078,19.39753496064114,24.461564708230867,53.21623886120401,Clothing
P99477,26.908278765313607,44.87934844804289,29.622530178079867,82.46336938979422,Electronics
P07269,30.29756139495745,7.975357585921456,15.857090557090196,58.36399437156382,Toys
P40550,15.151020315500965,11.221579778937247,25.245820418662948,33.64441265821034,Toys
P40455,39.26177547531641,14.598573800204948,35.6257682120693,37.2872095393189,Furniture
P27566,23.07090404739346,13.984245346089448,15.32218846255686,12.079814961579087,Furniture
P71206,14.851527753141356,17.928760210367383,41.46658181544478,35.51270481618447,Toys
P00602,36.81952971294964,2.7854767893655605,24.514856358948347,89.61242029351502,Clothing
P85553,38.21902504375224,19.71486814162013,41.36255730302042,43.353902072487855,Furniture
P76155,32.99292580406492,16.002158590786955,21.360742065789797,100.16797712292583,Food
P62579,24.4969484615458,13.053658144989068,15.822742122620287,48.092793824416354,Food
P11847,39.75545127122359,17.83101119165945,21.438873594193627,69.66211489550712,Electronics
P47976,41.58595579007404,3.0251608079312438,20.868187208029077,33.032708963780294,Clothing
P65795,40.49009225836889,18.47276966618161,38.07355070937561,34.695175590493484,Food
P41992,32.13979910734222,25.16172468760045,34.2117757976681,47.14568015669016,Toys
P12393,25.161141659456785,2.245597018019719,31.2655119744336,68.79615090010827,Furniture
P87413,37.1161487808889,33.86011999588074,18.925593830885028,34.45242083416393,Toys
P44451,38.95193220027733,43.592755402469805,0.6604753155750238,18.46339910652492,Toys
P82473,20.283859614893487,33.79757319808887,16.322199357190797,82.44542258899224,Furniture
P20386,50.76747983560841,29.788551059349015,7.795235044134188,61.73383630798179,Electronics
P33687,44.90726136849952,17.808055345365567,26.794815873880903,74.61660508663691,Electronics
P66003,33.934853854217494,13.39671576016836,30.333105464625977,75.25342324352039,Clothing
P81406,37.25766623898692,12.0452050031319,22.442604118640823,32.316428001838446,Toys
P81988,30.260910502108334,7.486067106311589,26.512538253701383,69.63293081316863,Food
P65819,30.12592400781795,29.013641094620667,26.599750956412283,48.91008175872975,Furniture
P21792,40.91506851922462,23.730866995570675,28.04818586129521,16.158123355769185,Food
P58442,26.350472704571143,18.442421631066548,36.298632485139066,69.32371303550326,Electronics
P44275,39.56702316794584,11.663644702055176,33.75791404913565,112.9466442364024,Food
P41554,18.03793375919329,27.0723631708884,20.23601098796466,56.579070116013085,Toys
P70196,27.86557129069792,32.50311014806558,31.792599682610284,16.904468563007192,Furniture
P63460,29.11717951648745,24.50304688139484,19.502281241754407,80.68524414652292,Clothing
P07334,33.840654489393074,22.46440431603282,26.309690779914167,67.6178724039253,Toys
P45369,24.44522880839745,24.93604759661358,29.44289362878836,61.26367572881759,Electronics
P04252,25.280681342105662,12.516490383643236,27.55375921295351,47.57247987011935,Toys
P85585,30.051134566424608,20.166349661403263,23.834344778229035,62.65340222752613,Clothing
P47553,22.017027554615463,15.613701628075193,26.419852953643925,16.232386579040927,Furniture
P10835,22.979469061226474,23.492478433261343,24.149871570021972,66.37360140597067,Food
P59363,30.969959649927183,18.949944263261564,26.765183131215167,45.25083565971008,Toys
P80246,39.495541354413234,21.734204510101037,19.11491450506981,71.62990858716907,Clothing
P93108,35.1503526720866,25.38058960962185,18.046064992562584,92.20804237675252,Toys
P67486,36.54365656354058,15.64708798308646,25.30624669965009,35.58056175535276,Toys
P70018,51.53182457511557,30.482469968956867,9.856071752895827,31.759815711880293,Clothing
P67921,19.647576775806257,45.10198826927995,25.43740292110462,81.80269219725997,Electronics
P36661,14.441043537963727,18.364230232111023,24.482340222950832,20.70799854008608,Toys
P04006,14.96857046881894,21.951625583268,24.68493150994388,45.97459367969226,Clothing
P45256,54.63242112485286,19.39753496064114,14.114707581230752,34.62877277969919,Clothing
P95842,52.52435805344309,27.12198000669207,20.7033036442648,48.66915633465315,Furniture
P86336,13.872841288103483,24.92293987210443,31.256826100755998,40.89307024202255,Toys
P56277,32.59722501721482,21.677275322197005,8.514859775145766,88.64227174557132,Clothing
P42022,30.10233061019587,29.84699610523788,10.86206688586679,45.65364314156339,Furniture
P88421,27.02436496640008,34.47445079786488,30.569976682208384,73.59218635987449,Clothing
P57071,26.572854834732304,14.832286567003717,39.84532804891529,99.0519918358256,Toys
P82464,38.135172173696695,36.50019935394516,29.261247091317056,10.520163943672344,Toys
P45553,31.66452208213056,2.773256641030045,39.47902770160936,40.115320993460415,Furniture
P02973,30.10233061019587,21.55685964189794,31.490218262910236,50.58143713094076,Furniture
P09665,24.006249770462272,17.32944408195192,30.127843214787823,19.467070727691407,Toys
P77070,31.32969674146876,18.16487404745578,21.882161445937903,77.7792530214385,Toys
P33883,27.528226174794032,16.055017420801825,7.220610059045761,38.6372049019072,Food
P90588,41.195749114345766,20.524096747536888,37.47714457536559,16.612630268053778,Furniture
P97363,34.919191715065054,20.26237596329269,17.77458000444242,13.421466004334183,Electronics
P16041,20.09463674869312,16.42142483472999,7.815795212434367,29.98432745667484,Clothing
P93670,29.37406872100477,15.689265150458096,16.303783122220715,134.7299177300914,Toys
P26339,25.157659271337486,30.98926836130366,26.332804778184485,58.84914367126465,Furniture
P54947,27.509639604436217,16.891852375288913,13.438741608700276,8.784955253040195,Toys
P84682,14.658858292643778,25.104408811526056,42.923979719842606,74.81346285697305,Toys
P49979,39.551423205012384,30.095372005711933,13.703781652239446,87.5939847430473,Clothing
P13044,28.27053940076577,14.901538023769644,9.320004766282524,30.9337670355333,Clothing
P37338,32.237879516388986,9.391618511343694,27.1870424984896,17.48297362602291,Food
P78355,39.7255444962673,20.2732193399042,18.162671942677417,70.96759055242367,Food
P02692,37.56988616645352,23.01127620878013,17.584580617252005,80.86306974270443,Furniture
P89833,22.94988144241591,10.95507732049979,24.174645782693865,34.439998411363696,Furniture
P74679,24.448004733068014,24.5168474071488,31.04378054556148,29.4185072889446,Electronics
P93505,17.903052571588923,27.61159421646469,40.29492384707839,54.81768299515279,Furniture
P62900,31.391261223613213,17.923626579328662,31.817456344037367,45.97459367969226,Clothing
P19385,28.698569456323156,12.10256378279053,45.88036649815534,41.614776101104,Furniture
P90078,35.193465142411725,18.925530068235616,14.620008371148296,35.726136679852964,Food
P89616,48.82024496475034,19.845916962124843,7.195972755626709,42.27138543467018,Furniture
P83287,45.47505201330061,7.821126510256871,24.93659513067501,51.85650058661405,Food
P14948,31.97910783462648,22.62303619327486,19.78788301327828,4.43090657560056,Toys
P96209,39.54001763493203,2.6186436318877107,40.00501700396023,62.28908356051981,Clothing
P32700,33.46448209496975,22.60637053265733,21.677135195972983,68.79840911789212,Clothing
P94938,28.419921014210107,25.38288988773456,22.876270115101256,61.77902346952904,Furniture
P92037,33.47581705361671,15.19661147409036,34.62794309485465,62.47510508858181,Toys
P22692,29.404746439382,25.93701992857514,25.414024725279468,70.06520391638654,Electronics
P49130,20.33023856870787,35.94012282534494,53.368510610608766,52.48318711356277,Clothing
P84774,29.00824136220617,25.517662441961555,3.48726069277506,33.76979402651302,Furniture
P62322,48.46707325736034,13.932037322399443,29.82661818565471,50.69587935672124,Toys
P70038,29.44230922342294,24.98168979120215,17.010074396153133,75.59604635154663,Toys
P05836,30.10233061019587,16.91982550629709,26.31252823193845,17.981562824478488,Furniture
P95658,17.522168180351507,13.254027237470469,42.47095692817374,57.48644568794231,Food
P23830,18.02122107411152,21.78591131303328,14.455110874141944,65.09271105871241,Electronics
P72330,35.07835756289624,20.055452012752696,5.034870159540269,17.028657453353816,Toys
P90172,34.96714153011233,26.226888609333106,7.829731979103482,21.236646314396754,Electronics
P60143,31.20031326718261,24.854804745725367,22.661798733092382,50.39130123130857,Furniture
P35777,15.214137542201584,18.884429794552005,17.66161934515491,60.03315544545565,Electronics
P17898,32.076876871631114,27.830864406254364,21.28827563605168,63.700640321911976,Clothing
P81427,29.45705133482188,13.372023801758033,26.48638544349026,43.65847310546093,Clothing
P92910,33.46503881730716,18.12303544034069,34.485871940645886,20.05363224465784,Toys
P14726,11.637946268967037,13.840031470420342,20.881300755961465,46.7908559042456,Electronics
P02436,32.799686263198204,20.32735340316577,23.388160434854598,48.80316848744864,Clothing
P93843,29.430543762789327,18.023794394032027,24.042966977218164,14.031458060183724,Furniture
P91490,27.272764302523296,31.91890750881666,14.97358194854206,53.70439427493783,Electronics
P30230,18.934740912583298,21.845607245749463,17.56911685478072,34.123969705654616,Electronics
P98631,31.193709239495778,17.321797343147672,25.371930690435565,29.623080404211347,Toys
P26037,24.26299996061421,43.88207202082728,12.186856268044693,30.153756724541243,Food
P06330,40.31844539468635,25.32739401643569,13.61951433740531,30.299319631177603,Toys
P77975,36.81500697372624,20.055452012752696,26.908840177667575,72.76473248490828,Toys
P24616,39.190764829877686,24.5850225059296,15.504195686409744,142.94898302213772,Furniture
P90525,36.48709887589643,8.40283824241176,34.01468642687704,74.09464227842065,Clothing
P09868,30.87047068238171,7.078945472755924,31.97639944631305,14.691136616900955,Toys
P69918,24.861330826633065,19.39753496064114,21.51070075232295,38.42982107066455,Clothing
P70699,39.63879116794909,14.060126139692928,27.48923355031944,54.07578272244971,Food
P20173,32.96120277064576,24.953234088041583,34.37552197652966,41.673672310533455,Furniture
P70444,22.95656309457241,25.758063537185457,16.75311172833922,54.48368268989928,Clothing
P49888,43.53872374165413,32.789177364037734,38.4020179749546,16.398577325903837,Clothing
P96807,30.287448229348172,15.626559323301876,40.02162573243698,66.0309469590915,Furniture
P80693,21.777796044335687,18.971699908488556,31.354710224336184,25.808692126458507,Electronics
P88769,48.48956094945345,18.59316476454343,28.6724756215308,118.27476282942912,Toys
P57230,41.966314866456514,4.701960196641785,27.90866934212385,79.27140133007751,Food
P74766,33.64961002466225,25.346723909744647,21.645919744432227,26.60648788167694,Clothing
P05400,29.27989878419666,20.535925737798976,40.794397644825175,75.57405930298852,Clothing
P51586,33.42725346377704,15.359574069039656,24.163502140477707,31.14037084776289,Toys
P16332,20.793264069206337,14.94737816667735,22.374172309673167,7.855491682174794,Electronics
P39667,39.59270826085207,26.23728425815472,41.26476979274096,56.98604262280695,Electronics
P13671,39.98010109859652,4.987578351665007,11.498003246977577,44.35392683681537,Food
P42538,36.25667347765006,23.22984072269288,33.805799008252315,43.060971712109016,Food
P50611,46.871416350725646,14.868147238216382,16.6789229705971,55.77790756193915,Food
P63188,26.988963044107116,16.343229947309826,27.017947638617137,32.06996950235428,Furniture
P89719,35.50052099024552,26.054309439895857,21.25037224946084,11.955895850740625,Toys
P92507,40.94191518470949,20.524096747536888,19.30520473103465,52.93481524123768,Furniture
P91859,37.85800158650832,15.153113433928851,37.26306567441207,108.79511764234024,Clothing
P06281,28.74213079900352,28.914573557350977,31.876268034155736,49.57188941151834,Food
P12329,36.32931817755511,23.269222491845365,23.241486839406782,41.75464097990624,Clothing
P96620,33.85317379728837,35.51143199246628,8.079909694830128,44.0541297086084,Food
P95422,36.06009951345639,23.779250223043015,27.768514013702767,74.8170832297227,Clothing
P52906,17.723921848630077,27.53048464613987,28.041617754089064,19.76264913715381,Toys
P41994,36.69672548830039,17.043117311650928,14.730923412225357,81.20185459707727,Furniture
P75990,41.67782061659807,20.26237596329269,28.12038979844428,60.24980695857879,Electronics
P82317,30.260910502108334,16.661065491159324,17.715572610255215,45.18741854073957,Food
P78224,37.10959968203491,16.566044637610705,36.478516641991135,22.46071686167792,Clothing
P79629,32.49383683710755,11.019641550044687,34.08524609736372,27.074396400864607,Food
P36701,36.38592458777374,26.456980773098483,38.47688514861664,12.91592611908613,Furniture
P84526,26.75168616491377,24.42600975987827,25.757514071671267,29.85463379058363,Clothing
P92481,14.433708264760964,12.34850898545593,23.73662446985197,121.45140595197638,Toys
P91527,37.67434729152909,27.64244166856409,11.07426409955471,49.57188941151834,Food
P61787,60.78880808455238,13.816978657411129,35.38231308985233,61.68813572275963,Furniture
P52624,46.42015160136369,14.737323569182903,33.9114961506336,23.724727805146696,Toys
P28087,30.283183761304613,25.20360074028911,16.059771703762443,70.8896858624097,Toys
P31981,25.499345285207564,19.14158284796617,28.92377850550041,69.33555474935875,Food
P03178,30.56649924897107,22.594874253772826,22.022896981051986,29.015143394970703,Electronics
P73200,34.19532443907028,13.229472180274112,31.80908207421826,68.69262043667285,Clothing
P33023,47.7080063563551,22.557214607351817,36.73157138741283,33.56284087379195,Food
P79148,25.625416996765896,21.59848346974971,34.48502397066295,64.58929980050665,Electronics
P97913,23.30927261340084,12.507949001683231,3.6550657522699694,1.465981585539886,Toys
P64961,21.125078221979,24.347835029360745,12.449544380266644,57.1957323754789,Toys
P51592,35.14438834058749,19.39753496064114,43.421759761476025,25.29395088122452,Clothing
P49590,29.963974609094315,15.60354291273136,27.185938118352475,21.52920366357237,Furniture
P49477,22.140105394920504,16.10237663044058,17.988165345609694,45.857529960155546,Clothing
P90657,24.477769557190285,5.79011813681344,18.48408701431652,4.21124184795449,Furniture
P23894,20.91975924478789,11.80650540536636,20.93957027431901,60.4502521773838,Electronics
P55691,50.102045387663495,29.88649296005551,33.96506393420016,97.66820985332248,Furniture
P65298,16.483153943836662,32.089239441978776,27.961961008391167,33.84278980110128,Toys
P81924,29.27171087343127,21.609277246982717,33.043279204502,21.498095076016185,Toys
P84729,30.57013124897085,18.59548843600628,27.35860128178053,73.93552104146417,Food
P46533,36.62881268667413,27.97256408463558,12.787579872703825,10.373649338680472,Food
P05314,34.5353430151398,22.49046938754308,36.44703179744791,58.95355441944319,Toys
P39822,31.13517345251248,8.74946029062533,17.244672367693678,58.372515750355554,Toys
P35444,41.05525932957984,25.636052318597784,19.531182891638743,40.388448216896165,Toys
P86395,42.38283071433636,18.50483073470412,29.32670121791185,0.00290220367593,Food
P00634,37.71698710648344,11.888832381659698,31.749102154813396,18.634115429778404,Electronics
P80322,32.85865390724905,15.713588295581618,27.8757220370466,90.89686925396752,Toys
P30070,41.59329803364248,23.697381328655545,32.55521654066564,48.76121938978152,Clothing
P94220,29.83577103927248,16.692278711013792,11.205694960990623,68.2620676737325,Food
P16469,24.64764788439432,9.42033634605144,30.699941434641147,45.74727337917384,Furniture
P42607,23.18015752002201,31.549056027750517,31.75989509056579,47.14568015669016,Toys
P64182,34.47708560017315,23.776018167354195,26.677745527696416,43.89616576759085,Electronics
P09745,47.95877673095522,28.9015069999194,23.0595137928878,22.17340007564816,Toys
P84340,28.15097863557011,23.902978278968597,22.995513693010537,77.77016628508164,Furniture
P32275,43.84272818510518,26.785393701333344,22.323615286812043,70.81769699573775,Electronics
P56634,31.193709239495778,4.165601516993698,19.533810101090097,99.9119849643042,Toys
P36079,44.412732890661154,20.34881957097963,23.05899126207131,50.455488276213,Clothing
P89111,28.617356988288154,15.590514269371733,17.256534902984484,9.424739316778329,Clothing
P81275,18.04116937964816,5.435173595611863,25.966999369068034,60.13866662435076,Furniture
P67257,50.13387247526623,26.1456577330539,27.91906189013381,8.027647154465733,Food
P03557,30.260910502108334,22.529247657462225,28.23528217792413,5.178866201307478,Food
P62855,37.07751935455475,22.78141186830669,34.01642368313743,88.72275272367284,Food
P75122,46.76437312275283,29.88904577444974,36.80785364716552,43.4099164294712,Clothing
P30988,23.48399652394183,17.574561737325798,42.20277178425751,64.202222471374,Clothing
P45418,6.980788352644151,-3.523109077314242,24.27209351921085,47.56862105834769,Clothing
P12972,40.375399442579,28.31289429936215,36.33309915808119,46.54670918230283,Toys
P01175,23.47376020697609,8.951643174769801,25.78027929472957,34.994065487120125,Food
P34665,38.83659937486672,23.46367860288557,21.264097399329675,0.1350931748219537,Toys
P59153,24.00607354555978,32.92466258838586,35.71493734909237,91.21743155634348,Electronics
P63762,29.668730271262028,28.939190527219687,18.345657332868672,62.94894888912792,Toys
P70694,48.65774511144757,21.347687810156916,13.863160255996847,40.54110034141627,Furniture
P68609,26.975303135118715,33.007671322896506,29.529268582745544,93.33236585165264,Furniture
P74540,37.18953310665067,22.636069884584074,28.137356078748823,81.8043145601381,Clothing
P08444,45.94505063224972,20.124946671596824,20.36695592576732,93.43389255373596,Clothing
P90610,18.70293145342382,16.725740495095167,38.059012943182026,0.7681249492998603,Food
P34534,41.58110873500068,11.276807380457232,24.978365431730317,52.53515437078588,Furniture
P08494,31.818662550584957,15.595705204067333,25.64128374919803,78.68885006274039,Electronics
P46120,41.8703030556038,26.31245349900415,23.764201307900084,3.38196791521662,Electronics
P65627,34.254575617849646,33.75502324965837,39.76553107139459,63.51839148294165,Clothing
P41838,33.57112571511746,29.18909879542972,26.263238828632424,20.46397848554096,Furniture
P22893,41.73473857485325,16.268036966174417,27.008377492729277,73.142053847113,Electronics
P11010,19.37696286273895,14.851601341460304,9.419188268995672,61.59147961544183,Food
P98940,30.56649924897107,20.26237596329269,25.43740292110462,64.78651915555609,Electronics
P53410,31.975996046924,24.378118379023736,12.34993251529342,47.14568015669016,Toys
P14559,27.301250647066286,25.3638449379297,26.48638544349026,76.67461474363418,Clothing
P99728,15.698586220393674,18.592913500541307,21.59792890883605,42.41710234711444,Electronics
P26318,18.490064225776973,35.07669044747687,26.71381500932552,8.363943486325944,Toys
P36495,43.281941418490575,15.717319303870216,18.984893246378785,65.17206297418397,Furniture
P60018,36.078965097165394,24.411810201916182,24.21308204100537,38.526428069921295,Toys
P19215,30.13001891877907,29.73726816660397,11.798933284458906,70.78307095546582,Furniture
P48179,23.48643106208171,10.81846888147466,18.14780257171953,75.00809614512045,Clothing
P49489,32.673923140719026,17.1229626203803,16.13810693637464,65.30373083750224,Furniture
P21048,33.227185603380896,22.309549034238856,29.123513033098288,53.92070073393147,Toys
P26701,26.904535606860097,14.704142577627128,22.164219419253023,37.140364192504,Clothing
P24607,17.903589813087947,16.38672419072302,34.3189907477525,18.731852358582547,Electronics
P73820,54.55300139910894,13.097793887655037,20.83354439177268,16.037304203527555,Food
P30645,21.817793167665275,20.26237596329269,11.059355274518724,24.62980686517661,Electronics
P95227,36.5854427267283,11.067804480410729,26.258985095552145,35.33341642868926,Toys
P09994,32.43339449322692,14.475671581469925,24.14658191847215,7.791697984604923,Furniture
P37150,35.228354880355,21.40169135126809,44.529429292724885,27.62173620573196,Electronics
P48425,22.462638356425103,24.373868545611035,21.25629764847377,51.06698222098981,Electronics
P46162,24.74244978319239,15.260285926776843,34.24287636987759,64.26096832076031,Electronics
P79337,32.03463635867223,26.89914777906207,24.422342548400625,45.58384163943208,Clothing
P82330,31.77701000933254,6.193546169675226,23.647115857553157,30.76756200384934,Toys
P26549,45.02357052096028,41.15474677613628,45.45191248402193,36.20706152508571,Food
P54433,47.54794181984364,22.84490679028528,37.169824109804296,34.82101403036434,Electronics
P93056,22.87154217322836,32.64432549254699,35.73461648874773,73.83801148835634,Electronics
P94931,28.85263558533101,18.64942621447992,50.81562750100092,64.87415063082713,Electronics
P59859,20.66732040926804,12.906552621732342,25.291663120061227,29.06843288305265,Toys
P44681,16.51814577894287,25.95353577199949,10.25773848307585,43.25440832615444,Electronics
P23689,26.251791924504023,17.86678136612468,27.382977798801814,56.4142638182319,Clothing
P26911,31.867667644770783,12.809727613414974,5.406414582014307,32.005339300404515,Toys
P72666,40.5364179660784,19.903288417231565,20.965978453298654,5.510467040527459,Clothing
P58708,29.358616534070077,16.45564783097214,18.38319068713078,25.673181913992508,Toys
P33205,34.746982328799525,15.60367780323572,20.818770296959435,43.08015000080876,Furniture
P86501,52.10523001591351,16.11755331705705,25.077004727419148,48.42484794384043,Food
P68484,41.03301882016521,22.127025837216387,23.57661540064912,65.12863560152817,Electronics
P93390,27.510358515209266,11.418055794081548,28.83259292766846,67.62175099418036,Furniture
P03091,36.15935606944264,9.094607963257516,34.51631474840403,32.261456335943166,Toys
P78549,37.708651938869664,29.63107549735053,19.255455461243557,81.1147669597473,Electronics
P68111,43.454200461549775,17.896873366333857,25.42241411854333,47.91099640099675,Furniture
P41959,37.58969220493268,19.275733741566714,41.036190178939535,48.86320754849508,Furniture
P14010,35.70598668593159,9.529436807047103,39.6624972841085,2.0181571341706643,Furniture
P72313,30.82283989275424,15.533585968431757,21.420882757468565,44.18883860585114,Food
P47456,33.819354522315535,28.771753870487068,36.80050748022362,85.02529468959338,Food
P14077,25.2082576215471,19.829061645212512,27.857079351251578,17.894253113170052,Food
P37234,29.72695460490068,13.291313612422153,20.26932159413154,30.28595113165826,Food
P60587,46.77700814076441,17.318897750628388,37.91578659300012,67.38040279270328,Electronics
P95950,33.41151974816644,12.62071852401198,31.98425122459128,18.34676973558652,Food
P69100,30.758045581937264,27.62509307130596,39.30855080362616,67.63567664413205,Electronics
P94901,13.724575621168372,34.40408945208683,23.218560439137864,19.04101148458461,Toys
P11434,39.81765486991594,21.37471471834825,19.151558030523077,91.35402066361424,Electronics
P29736,52.90942572590742,12.839441261787162,29.318443318301497,22.3276104546814,Toys
P69729,32.96984673233186,40.71650913614892,16.930219954163128,43.118530044335984,Electronics
P58119,22.84696290740032,20.055452012752696,32.01414103514799,97.78009994848652,Toys
P62133,34.95681887972604,19.947829478164337,11.225847312309607,52.79475013099227,Toys
P78739,21.71004989077928,35.20952548602406,28.04697588657323,65.2106081640607,Toys
P79740,39.64087168288357,28.57234521787909,21.50581251830615,71.21097078832355,Toys
P86390,39.9626681944714,40.96634472823981,20.98650657524956,20.602232756532665,Electronics
P03913,25.223425532348838,19.336854966114423,30.437088006296666,28.82679550713905,Food
P26671,34.296182191325855,33.91119731038063,30.27549220353505,97.21202649665318,Furniture
P13280,16.17200269035664,14.040778841548407,21.78994179238116,24.55803205908474,Toys
P15992,18.93665025993972,0.6060779178164672,24.159518269900467,23.110020242238143,Toys
P69060,28.52942618497861,22.892028201648813,12.920850263633964,52.78937739588229,Furniture
P40412,31.86454314769428,11.457576627366455,13.705695987979368,51.02024288684441,Clothing
P82990,33.75698018345672,32.34594822617751,26.48638544349026,72.91581054900269,Clothing
P55116,24.702397962329613,20.055452012752696,7.440083223652376,36.21029683181009,Toys
P59237,68.52731490654722,12.203765562634867,29.06102787386657,48.83771315031371,Furniture
P55539,24.23489599273281,29.743673218444467,28.637915787495988,8.55224844609257,Furniture
P05874,25.7311893005258,24.734513069931022,31.69767139283531,63.60756570527656,Food
P96758,23.530632222944263,15.102106123937997,29.25367311259065,8.539472939226869,Clothing
P45639,22.923305343812192,27.62299637762351,18.590013127158542,88.42818730000182,Electronics
P83221,28.876719503091703,24.444835728027588,26.577581010405314,30.32936841615669,Clothing
P85347,70.19010106206532,21.578525659244765,26.746467492452865,188.5545773996444,Toys
P24321,38.125258223941984,25.89475117673947,24.443281380941748,73.75577931164203,Toys
P69868,22.815927344308022,23.99891298992297,32.1805940190619,75.70212264411376,Toys
P13032,33.57015485965047,21.705573025901515,14.13680516928506,45.496491462385805,Clothing
P00464,29.73486124550783,7.494473530426744,22.451749929306096,10.597819964684092,Electronics
P25274,26.149177195836835,18.37060999858427,18.61503097815208,75.18047342694807,Furniture
P66981,38.40643548988725,13.71211173892014,28.12805452423197,38.79894724990747,Toys
P29690,28.443227646079205,13.062958274312798,10.889265171710898,60.53496402881253,Clothing
P11441,31.74577812831839,32.99742766775648,30.15151280058108,64.67763605228983,Clothing
P82848,30.103526198433805,34.660456347833616,21.316223733138507,23.05936995348665,Toys
P82418,32.57550390722764,22.584634184928237,29.05543071576285,70.590606650436,Food
P68405,30.58208718446,24.11126279727132,21.64912852355869,53.789425984496006,Electronics
P60314,31.193709239495778,15.613849640599383,6.674015474296571,57.29403965415467,Toys
P61501,25.79015519179737,21.548719290940355,24.516233401285305,37.28329873032942,Food
P62471,45.30750832343698,6.369027305386249,31.132260939177748,42.90653489792422,Food
P23308,25.212513783365225,18.534427050236896,7.283462079057518,24.4501347699682,Furniture
P25864,24.464117582920053,22.73870267591697,21.87427939937941,92.36080635629747,Electronics
P98968,36.47688538100692,13.454408932621543,21.2775501992052,2.492348306372598,Toys
P05988,14.768130952162252,24.11403804814268,21.972517491299776,69.67676413362747,Furniture
P12329,48.466369960476655,15.976201835589254,21.29001329477977,72.66997516232944,Food
P17733,37.53341621104533,27.45753251408308,14.585950431580562,46.30590693943197,Food
P70831,25.365823071875376,10.86648708693196,24.157274301347464,45.97459367969226,Clothing
P06660,23.56481769619857,25.484061910321632,26.80413668272356,42.95227185437077,Clothing
P14782,43.64140429973844,30.63146655628328,30.14061465597288,68.3837222474987,Electronics
P30639,24.9305682462887,20.74275920912892,36.07000515447236,45.7505424196962,Clothing
P27292,23.11849654822276,11.264528796837496,29.738830153050763,49.212176201904434,Furniture
P70605,-2.4126734006907284,20.603469111212743,16.858470625056107,70.15833823443492,Electronics
P23426,27.587639421436705,12.67046467615006,29.63764889462021,36.74453218277529,Electronics
P53336,38.33922154548904,26.267124074260764,27.847224893825302,13.493098689794984,Electronics
P00350,33.43618289568462,26.12864222707752,28.829409399162078,62.31650255982849,Electronics
P66104,33.57787360348284,22.805040794188475,26.666579831469228,20.21401996743364,Clothing
P20939,33.71145873371309,17.376842267896656,14.99577775437804,83.65584514382756,Food
P47299,32.790215257703395,22.171962486605185,24.173397120985403,69.3378629724553,Toys
P41316,29.255665708999537,25.33050000727369,6.319707918293201,47.14568015669016,Toys
P63473,31.22297503032284,36.09816356560612,16.130143593511633,51.75110872453687,Electronics
P92737,43.56240028570823,17.749379543054292,27.894338902053143,32.88078709399662,Electronics
P43240,48.522781845089376,5.852485075497187,19.07576428899537,78.3563460383445,Furniture
P65094,17.48886423614697,20.153182219326016,27.993467592917774,39.89314619644584,Food
P84174,45.29550319460614,20.15693326155192,19.29142737079537,75.31518528925211,Electronics
P83070,48.8618590121053,20.981362527958364,13.36172610617217,39.64505883650611,Clothing
P34950,15.364850518678814,11.9221543623205,36.51518438491976,54.742676759695534,Toys
P27317,15.51986099583756,19.811582793006096,32.98753570672653,53.2117235897689,Toys
P49644,34.56753219153784,21.915236004283017,26.48638544349026,41.674591434193,Clothing
P02040,9.266097675918504,19.39753496064114,32.85083842025605,11.792433542102025,Clothing
P22317,13.451433281342307,15.411185816824792,27.40136556665862,51.50683097497041,Furniture
P13666,36.86260190374514,25.910483847100025,37.33482529597042,50.78614258322107,Toys
P55840,19.983799901050844,9.94794484576595,6.414252583693116,62.92587257045112,Electronics
P99959,37.348777860498174,20.524096747536888,29.501287298024955,116.94496733083244,Furniture
P34868,28.07639035218877,18.556160691275,28.50080856416965,51.67591819533491,Toys
P14326,23.49357430878173,4.851082664369715,20.48394226469621,71.98487245465235,Food
P36721,30.56649924897107,20.305903959680226,30.148056504704257,49.91641667999296,Electronics
P93938,44.0934744018558,26.231492028096916,27.423652773226607,14.048236251438638,Furniture
P62446,8.466098863962852,32.15427138913415,35.15002225570509,52.489622564375296,Toys
P60412,27.305931655554424,16.277516345759572,29.70025572416001,96.03446305383544,Clothing
P19301,24.550809131910505,19.39753496064114,27.529083252536257,44.741164102879615,Clothing
P81625,33.66598246096848,23.01680315121749,23.996420555713502,27.806865080810983,Toys
P21900,19.037249131047982,17.035935211279767,28.495381563071515,31.772936246613323,Toys
P16260,23.626128726934823,25.46855458560382,36.664567556032566,55.02710317402971,Toys
P67964,40.53802052034903,28.877598735649784,36.50979231982054,67.33935570918672,Toys
P08167,31.17327383308782,20.26237596329269,34.5523386838582,2.1231809427765995,Electronics
P36933,16.33121301584579,15.136997914593458,16.53640975164082,22.356469297132364,Furniture
P11472,31.81021558703707,25.12383836160659,29.966973746399383,50.03329834061879,Food
P91631,23.26509375756132,25.004064134648285,41.70982692905759,63.51487171334104,Electronics
P27049,23.46670767426288,24.008753359518764,18.40159422601003,47.14568015669016,Toys
P18789,34.12931454275624,19.734160074844315,29.52505984205675,49.57188941151834,Food
P68088,31.193709239495778,17.434658995542467,16.05523592648632,41.82769950188938,Toys
P72987,32.23914134064661,24.976559922448388,-2.0686910572438144,46.85096877309128,Toys
P91790,37.32640077215579,26.787447057642275,36.11276722640316,83.74797635909722,Toys
P72402,33.142473325952736,25.046493476438226,-0.4894003829951181,60.321617646904,Clothing
P05087,15.210884312258711,29.437801666885683,30.32297936576669,40.97059062820334,Clothing
P16875,30.592184340144883,15.06910873568418,28.277262664491957,49.67398588895084,Electronics
P16604,27.18899707114045,26.505641493983816,25.25611823064843,11.72952020012805,Food
P39416,70.19010106206532,22.36499590997676,33.470636797779726,188.5545773996444,Furniture
P80392,35.387559924463694,27.1628434461008,31.83563398737497,20.56022190447605,Food
P22058,21.79317681648289,15.13742410324454,24.516233401285305,35.860528365466465,Food
P85087,24.839552717826265,12.015514981484696,10.59756005946661,40.61994662802928,Toys
P83147,37.17542255795962,19.15241316556692,24.118762782013864,83.67122656109478,Furniture
P74069,24.084286111641703,24.06980018583947,28.25494955122315,69.5699101453004,Electronics
P11180,36.47195939702741,12.650507908111244,-0.5517079353688423,56.31488896764511,Toys
P27225,33.287511096596845,17.063777287333423,35.97073710814297,77.56744563974988,Toys
P31507,40.1437006501813,25.490547655653607,12.867575992538496,75.13491605688442,Toys
P50604,24.48141854107553,32.13115244202858,28.558788868492343,66.1330457110545,Toys
P24563,36.10370265433465,7.890284859097383,15.768225847237504,28.76267177977774,Toys
P44079,30.469805937647426,22.95713753758475,24.110393188846245,38.80195262176058,Food
P91379,27.964196398976384,23.70630824094485,33.02860839758549,20.222659798135314,Toys
P62000,13.314159261224106,12.588950960147692,12.25395649786619,27.524848201902746,Electronics
P56154,33.015473423336125,45.54486054275888,27.263262480464608,40.710508580358166,Furniture
P17216,45.65524029234341,28.99482687896402,14.385677905306444,26.86399101352128,Food
P94537,23.960148132841795,21.24152547087183,24.677569791641837,44.39963113059665,Electronics
P13285,35.93101257968384,21.517649340883164,32.8497730006568,5.397191434132516,Food
P74710,34.92451264008149,28.777221694029564,32.4540672116616,100.24579018742196,Toys
