Product ID,Height (cm),Width (cm),Depth (cm),Avg Daily Demand,Product Category,Product_Label
P20106,0.5213116885230157,0.4819254069100801,0.6350654255861794,0.2605153498087552,Electronics,1
P41070,0.42655490111246214,0.5150204495535161,0.8351292243371996,0.08534390317698771,Electronics,1
P29033,0.42422368169732133,0.3652260279949705,0.3644424858186021,0.0913958996946135,Food,2
P47714,0.35393192493617487,0.5117001493613068,0.5141793875093595,0.03431028155153546,Clothing,0
P14692,0.16556325446289866,0.5062392756416783,0.6965364626448602,0.0834504032644041,Food,2
P66892,0.4822336557005166,0.2817721148164042,0.550319382170942,0.36656708679559946,Clothing,0
P27991,0.6102711448398715,0.4621743959611371,0.4722191018033286,0.5968575209755591,Electronics,1
P55994,0.5212700750226668,0.5821144990979975,0.3260243442518277,0.16908537050164116,Toys,4
P74441,0.40762667172268024,0.5569757539910587,0.5581017017751092,0.012749653558856952,Toys,4
P82361,0.3340722269984119,0.38191524264654375,0.578473433475885,0.005606126186432701,Electronics,1
P29514,0.5250705470929088,0.5941176844751482,0.6705023496002505,0.16837068577061756,Clothing,0
P95243,0.26781833153093715,0.40730073871443373,0.46599521884036293,0.01943277536552528,Furniture,3
P84933,0.5134471804252542,0.23241872238869338,0.30891666433547715,0.45560150112631514,Food,2
P11540,0.43066226021712306,0.4394499099108799,0.844555123430542,0.3719109637808707,Electronics,1
P72074,0.6003301118875377,0.6488512256460957,0.38335504661264497,0.48783279443099364,Toys,4
P77759,0.4409073087236965,0.5331089115018298,0.8035719379142172,0.21318771275447265,Food,2
P85981,0.4941623570883673,0.3639073906259599,0.49272862790840305,0.3381933243514149,Electronics,1
P71987,0.2563491403223063,0.5020631892512504,0.27698032428055863,0.4608646874082111,Food,2
P88033,0.6365264589974038,0.735407267751912,0.5440871613163568,0.47646781378399544,Food,2
P91251,0.5398131463169936,0.11248330820856274,0.5063028851998836,0.11724719924319547,Furniture,3
P73955,0.545838562429212,0.4073675523782598,0.30205874004812194,0.29995425360321737,Furniture,3
P11982,0.6648897637776552,0.4394499099108799,0.13682392886689312,0.003803979061825721,Electronics,1
P82065,0.3849830709001516,0.4784696853948787,0.5380657638657017,0.2381391044090401,Electronics,1
P91013,0.2514912978918335,0.40839589259181497,0.47256603821682897,0.23080294641024537,Food,2
P36692,0.41939409526919436,0.4255822106793905,0.41919461270314684,0.5102411160809339,Clothing,0
P17411,0.31306281364927824,0.5229069606394013,0.4710668251901919,0.23839259828893275,Toys,4
P08797,0.3964626422239548,0.6758096220359652,0.5103621119860245,0.29862470828998416,Food,2
P02770,0.4085540345898276,0.52018413414726,0.46654310306216173,0.5083992662113508,Toys,4
P18583,0.604664638910347,0.3014919297829025,0.329037272994586,0.16579955659993614,Toys,4
P35638,0.46997278044069496,0.34123588734149696,0.3816513150233,0.7322493142670818,Electronics,1
P19795,0.21193180938567985,0.5632378896018609,0.5043728414954145,0.22428198528980675,Toys,4
P88961,0.3219380686069108,0.5001984144060345,0.161917299059367,0.252449861116192,Furniture,3
P01414,0.6391798124788788,0.5168808586886943,0.3430223899845132,0.37703920683301484,Food,2
P54326,0.27594700837086594,0.5441555187652822,0.6213819665735418,0.26289338005787327,Food,2
P22255,0.47738562217053165,0.19646902734114136,0.47573792906032225,0.5182091580569655,Electronics,1
P02202,0.2608910010058964,0.1346721714533874,0.3370746358107215,0.015181659138336766,Electronics,1
P51024,0.6707269796825274,0.5576774587609877,0.4889404849897049,0.28090501636828236,Electronics,1
P55072,0.1743460608884217,0.6800731045245687,0.6469545583385349,0.0012260915193734192,Clothing,0
P89057,0.31990725020795663,0.42441967568995914,0.39664761613288624,0.2609856101627501,Furniture,3
P08578,0.4416574427205583,0.47774036353047983,0.4500858809992209,0.44750557086819587,Food,2
P17412,0.30224139141029643,0.42817549861392884,0.5591251260946187,0.2539913098147831,Food,2
P43915,0.33999280933785364,0.48252421305893534,0.2161363786068799,0.6451719798087387,Furniture,3
P85642,0.44388857422107175,0.6352053476413847,0.4937362012736095,0.4037062892963558,Clothing,0
P48227,0.48148134960923733,0.3909997021058307,0.8829677546502873,0.22199563281933724,Food,2
P06891,0.30577819365253023,0.41579953459634594,0.6810629214619094,0.2560882195321288,Food,2
P30456,0.27606612061625413,0.4077843209136019,0.36795832980437554,0.04356913627405326,Toys,4
P12076,0.4028577298894648,0.21176890704772428,0.3084275700858399,0.13213538232339175,Furniture,3
P78355,0.38507685682211484,0.4339223549309261,0.3739593444885519,0.29672981294649853,Food,2
P96889,0.5798555718778451,0.014132624161953128,0.6027051979999353,0.2963873217156152,Clothing,0
P29400,0.46560114092671157,0.4381694215110658,0.02447806761912924,0.3127048918801524,Clothing,0
P05309,0.4542412172771652,0.5524820055352265,0.44477335703891463,0.2759947150811386,Electronics,1
P47706,0.5662143479494076,0.30952008309834195,0.8090972143607705,0.3046743128221692,Electronics,1
P35407,0.48877939777612506,0.5598627686621048,0.19621305761198637,0.11135430673539415,Clothing,0
P52994,0.5232689349041054,0.388477766002656,0.5425078216216481,0.1312237020146535,Food,2
P88811,0.3366775033993386,0.5961261066490163,0.5312606642260065,0.43558092349510075,Furniture,3
P41237,0.5225361320637065,0.24580398031129247,0.23069071775484878,0.1466020636415676,Clothing,0
P09603,0.4367282910980943,0.4276881591271937,0.6763879433045716,0.08778724537211409,Furniture,3
P89068,0.5400434236869396,0.6993767309433957,0.47492293668782665,0.2682416895427197,Food,2
P17016,0.11258357817433298,0.6439582345812189,0.7127073769288162,0.2620144711488575,Furniture,3
P92196,0.2700947664753663,0.6866207615597086,0.5418227950902219,0.16938998025381458,Toys,4
P85912,0.40777949398077484,0.1521630472026229,0.5597971137430836,0.26836299253139145,Toys,4
P92283,0.3849374088914068,0.5191960592897303,0.41562308668463627,0.25200331437015644,Furniture,3
P92557,0.2133255542663541,0.497856669647878,0.5765848439892098,0.33453572336306747,Clothing,0
P99536,0.4471607405930002,0.6036262284926268,0.5124387831420564,0.10169621261977382,Electronics,1
P99063,0.4889758523607353,0.6083586014706386,0.40198004791410313,0.2868975818314198,Furniture,3
P01748,0.5066205165068831,0.6473666157159733,0.7928639860591956,0.027535180704884973,Clothing,0
P44974,0.46560114092671157,0.42388569762634576,0.6377694908983795,0.0055908529891262335,Clothing,0
P76964,0.502218968629152,0.5788515751532421,0.18393559649581562,0.28072673729421765,Food,2
P57938,0.42553225656938765,0.390210291548017,0.4283522492579479,0.3814650122458761,Furniture,3
P55597,0.473553332001368,0.021200006544912407,0.44811136650580896,0.3870789637465914,Furniture,3
P44186,0.4184718802426256,0.43338903565179443,0.7157846453952794,0.2616579875247422,Clothing,0
P15156,0.4429913877428752,0.417916898476139,0.4882619194086402,0.4406941750667113,Clothing,0
P35409,0.047520492767444925,0.5239497065050263,0.35656586821394376,0.248682448169271,Toys,4
P18358,0.3350799959337442,0.49646600072505337,0.45143346537846973,0.23521009663606068,Furniture,3
P33172,0.5009548051599921,0.1640697971106391,0.5101621563112319,0.3298605475573846,Clothing,0
P75154,0.3636086521007652,0.42906884458760525,0.6865968221742885,0.31793155774294973,Toys,4
P88675,0.5662779557917403,0.4057187024811081,0.7305426647696409,0.4304139954643256,Electronics,1
P34603,0.3984166207236438,0.4883011475632839,0.5825393349243655,0.5675110041554325,Toys,4
P35158,0.5140633149800492,0.19868668187928745,0.42667586573044913,0.46318364722144395,Clothing,0
P26752,0.4851686165031349,0.5185241038517855,0.45546733847633,0.27248386600127555,Furniture,3
P87321,0.5337518285027779,0.20202304649770975,0.5114785889189489,0.4175634432722108,Food,2
P18347,0.46560114092671157,0.32012185050020975,0.3299017886271112,0.0449651293057196,Clothing,0
P07348,0.7480527174719456,0.1923584911774656,0.5621104302773415,0.15675114375684318,Clothing,0
P98120,0.42206653054932014,0.41228291180551857,0.47256603821682897,0.06751306651938659,Food,2
P31278,0.25107878047706805,0.4170612647550384,0.548469465714288,0.1383370939688811,Clothing,0
P29552,0.4138200992401872,0.4621548283854752,0.39726337033897946,0.45358810555949874,Food,2
P20972,0.31942333237982606,0.30485701953787414,0.36612117394502336,0.3449857928007342,Food,2
P48017,0.5872830347917333,0.5014172000124655,0.41192954876439136,0.187577729717415,Toys,4
P77816,0.5656839651969532,0.6020070606271726,0.6505422440392767,0.3311574105883249,Electronics,1
P01014,0.46715656120724763,0.520938216483209,0.7418778207891541,0.18386165306895932,Toys,4
P59475,0.4809403244232988,0.5181795199092862,0.6158670945634754,0.22560723546535372,Clothing,0
P94091,0.503433438262825,0.6480474603242742,0.669705485741251,0.16908865348659685,Toys,4
P74769,0.3664796435058091,0.6108188902641305,0.38837349058239207,0.482835690620948,Toys,4
P71926,0.45316827555709377,0.4706217206618912,0.498848933984372,0.21055723822008138,Electronics,1
P96297,0.5906614002583445,0.442637055435448,0.370956438234892,0.4167078167337817,Food,2
P78211,0.40130769313312303,0.42388569762634576,0.5482951405055412,0.08031877692625931,Clothing,0
P23112,0.5150306801612243,0.40378521846461746,0.289940524726211,0.481568645345427,Toys,4
P31646,0.4000096952824892,0.39155944476557003,0.3778857893736546,0.19833430776274955,Food,2
P96903,0.44933147608227003,0.3064204690080648,0.5477889698187629,0.22574461459912232,Electronics,1
P62766,0.47514026475479043,0.43273576925930907,0.21092741025866205,0.19976671998316062,Food,2
P04534,0.5531333235148604,0.6240401245886963,0.710952333610959,0.3800242150328049,Food,2
P74114,0.6135254572582852,0.36401518321552156,0.15771508920202826,0.3141706102652059,Furniture,3
P58428,0.3117941582840978,0.14622608236053256,0.5490604862214674,0.5900898785265472,Food,2
P66653,0.4161818159967958,0.4636045663765586,0.6732281119303638,0.29849217858850735,Clothing,0
P93000,0.16750389532776275,0.28302627875453584,0.642337667106025,0.28122192711624155,Electronics,1
P10893,0.5259219768809735,0.43475784193554423,0.591083106797607,0.06487180935465349,Furniture,3
P85460,0.36027612689944155,0.2063893563706619,0.36308990456832413,0.11038969699893225,Toys,4
P46598,0.27485568921071407,0.24094338390559766,0.38235413404082375,0.34899735278355604,Toys,4
P06246,0.25504464354256373,0.5207127302017298,0.4381870024449674,0.266335359719492,Toys,4
P32036,0.2944654318950173,0.3690589755147928,0.7225982793367133,0.012801518749557877,Clothing,0
P62040,0.7227492705419954,0.4458831279209445,0.7495145276240803,0.2924459688131946,Food,2
P13828,0.5303386116396198,0.32724095372791817,0.3973780503890154,0.2390317572014167,Toys,4
P42731,0.4351233386125038,0.53292506855848,0.38827238713135287,0.4204593743047135,Electronics,1
P17611,0.3308482127055135,0.566259491063207,0.47126926390071433,0.10516510396967334,Toys,4
P59395,0.40153338897492136,0.4198668913683894,0.67227791212694,0.05179034546963179,Clothing,0
P41929,0.3865928173415165,0.7220501378630145,0.3383359081640084,0.2242255219098385,Clothing,0
P88127,0.4021721649100237,0.4503576897571752,0.4573330115272426,0.14443860034633693,Furniture,3
P29355,0.3784305458350197,0.2746348728180041,0.49926570795062064,0.046232712922245914,Toys,4
P79904,0.28346145758644803,0.2577061651895893,0.5558039234233034,0.4396328553277371,Furniture,3
P80376,0.3933670254808742,0.33503814880985905,0.5698042922342217,0.24024295803855386,Clothing,0
P66702,0.406261828435892,0.27353342118692536,0.4866752578103409,0.1774985221181009,Toys,4
P75259,0.3567149266152593,0.4470942984844254,0.4042408560854515,0.34544669074379275,Toys,4
P94210,0.653146820599254,0.4751320772784807,0.4190370351902006,0.05065871954503642,Clothing,0
P82226,0.4468580414770186,0.21637254957402807,0.5118654103728308,0.0747824697031648,Clothing,0
P11096,0.39226166614371594,0.46018545028938246,0.4603581030611129,0.20194676170449305,Furniture,3
P86871,0.45690715761602013,0.3189283288472705,0.43528358219683083,0.3473659467959132,Furniture,3
P15644,0.43145833128169725,0.5489689309274856,0.19417584068560279,0.15585475321180006,Electronics,1
P72109,0.6808944040065893,0.546653649193099,0.4015629734447984,0.26920289137042647,Toys,4
P01522,0.23285665341483472,0.5045164370455072,0.46688952738582346,0.019352664951020972,Toys,4
P47012,0.2944872272676268,0.46564091755822745,0.3460891649319544,0.2916801044592115,Food,2
P69224,0.5689724898614704,0.34586027670354996,0.4613710010794238,0.23007459825822593,Food,2
P41567,0.24474167454451304,0.5669606130163063,0.4457273258515295,0.20888981743799448,Clothing,0
P35191,0.17652179626368603,0.35803352632551877,0.5084363739305137,0.21689860739505368,Toys,4
P05950,0.6203415057928194,0.7819442017214079,0.4813774209461572,0.2024776354776547,Furniture,3
P34913,0.4834332633848346,0.43572597882633984,0.16927165562164634,0.032884019240446094,Toys,4
P08564,0.4671531014679257,0.475063654764,0.39094420738729835,0.18971856126988143,Toys,4
P05486,0.5612452598169366,0.6612002983279408,0.5148683785727264,0.06896814166388518,Clothing,0
P85375,0.6079652454043253,0.4352140117864311,0.5529387284180155,0.25002577094060324,Toys,4
P44920,0.41418945837427984,0.3694754572776377,0.2675130785397134,0.32553017447701654,Food,2
P31726,0.08955925620414369,0.4441599986240219,0.5956916837877423,0.020914902901279623,Furniture,3
P27118,0.6632327950262074,0.3922430688711222,0.634220083257933,0.6630761174856205,Food,2
P32652,0.31726642916870557,0.3999934573370077,0.37285868213916407,0.2446932086803803,Toys,4
P23156,0.44308399666713966,0.487635444475172,0.1849048791828384,0.3850386459093591,Clothing,0
P27718,0.563459105710711,0.5313828320146098,0.5352428166734294,0.30721098545260606,Electronics,1
P49520,0.5071076284995335,0.6408061081839208,0.40183403419618785,0.348529988345769,Furniture,3
P44112,0.39612064553156634,0.5079049584934228,0.6154959646695588,0.33691547303196095,Electronics,1
P68946,0.5116691198364481,0.5830145130055165,0.7203276970844065,0.39845853591402164,Furniture,3
P98068,0.31698341706242766,0.43051497699113933,0.3523856432417636,0.05281724269310562,Clothing,0
P06196,0.36244956962348535,0.42484658507071743,0.686552197897784,0.2652841082847692,Electronics,1
P65732,0.5943160053948505,0.5855134352794964,0.7780114168929274,0.27055808151146543,Toys,4
P90908,0.5950114448747996,0.4034834482918929,0.22265344954691418,0.45990342064358564,Toys,4
P85502,0.6801012419838137,0.43462601174974685,0.4874761307150354,0.27508129127460945,Electronics,1
P60938,0.3313813149170367,0.34944480413235357,0.533072688235849,0.3536183981203099,Furniture,3
P01452,0.7774748233902509,0.4394499099108799,0.4423380415965205,0.23837258446749404,Electronics,1
P08145,0.37927767036081506,0.3661651128694226,0.5836403128045625,0.3780272604626937,Clothing,0
P55901,0.2915350362150409,0.7559748632103932,0.41668066052405023,0.4760253676672416,Toys,4
P86677,0.4447516766564601,0.5366917399852904,0.6273518299151927,0.40339218803012517,Furniture,3
P02753,0.5268663014190035,0.4015565629236012,0.1298256567742509,0.4801207429042757,Furniture,3
P55148,0.5697016054304244,0.23326581192089857,0.18370597190174853,0.3284963882035363,Clothing,0
P26134,0.5076294506411355,0.5194637723995199,0.45689384268297223,0.5406061051613639,Electronics,1
P96702,0.43677416628714993,0.34870273320526823,0.5101320126364349,0.1688789595480878,Clothing,0
P60452,0.4546517312065738,0.3870285895616633,0.48404770039120604,0.2914808767845427,Electronics,1
P23804,0.6088699167275723,0.4105198709688964,0.27436927839286396,0.4801363891454899,Electronics,1
P74550,0.23766629276089218,0.23998011777458678,0.47126926390071433,0.2833183131764712,Toys,4
P28696,0.19784164586456593,0.4611973889214502,0.2933663350331288,0.06874368965526609,Food,2
P75268,0.29598794141109164,0.4092773349285634,0.26381871588338807,0.3761552732575061,Electronics,1
P09599,0.4226003122455235,0.2778503627038602,0.2381678030854228,0.3861661865807978,Toys,4
P76319,0.48486597493580724,0.5621774057870976,0.40409172433907475,0.22351617425774187,Food,2
P47891,0.20391211479772658,0.44817112505198775,0.3887087406081546,0.2716753388955678,Food,2
P02427,0.3770918819854897,0.5575043598942208,0.4153340719154225,0.3328357437344541,Electronics,1
P19187,0.4832208730174681,0.5555127571260623,0.4199216923163061,0.024904904355190324,Clothing,0
P15731,0.5817902077807513,0.2973865712683373,0.45567033689920133,0.45650293408223885,Electronics,1
P32224,0.26456436977765063,0.5766464717171819,0.3672307391442549,0.2609856101627501,Furniture,3
P45908,0.41760713489985707,0.303758237869131,0.5845143317014831,0.10922856410424514,Food,2
P39972,0.45003216673985413,0.04553574043030786,0.5776737357022287,0.4408080920575052,Food,2
P80351,0.4795988232300759,0.5019160215847459,0.6650915138431709,0.1511516305224017,Clothing,0
P49813,0.25269092769477713,0.5674207027179828,0.24533156262248346,0.33260792938839173,Electronics,1
P38628,0.46408305741928496,0.5892078299313972,0.507586899258655,0.5062826514146644,Clothing,0
P66913,0.3228544619580177,0.46830484131878763,0.23387726714380766,0.07640878803147585,Clothing,0
P94584,0.31705839939094455,0.6142466912808026,0.3858908022922644,0.24781744924226076,Food,2
P95876,0.43416347706839775,0.3853176306947649,0.7353161497766308,0.14930623521626252,Furniture,3
P74744,0.5075683120216963,0.6668524645522268,0.6710208419554636,0.15929017242209279,Clothing,0
P52455,0.53532985735249,0.7333398015452777,0.1970364277270646,0.33634766619007656,Toys,4
P49478,0.3606704894716879,0.6277166163923903,0.43508446319507976,0.23807452437530352,Electronics,1
P83589,0.6843032140391677,0.5401870687841533,0.3459563929411817,0.5820060216106613,Toys,4
P14991,0.6209374948292523,0.4149391639992853,0.34021075920140353,0.026938866683022398,Electronics,1
P83303,0.3124120828675856,0.532825359343002,0.672420044482433,0.02023175444141864,Food,2
P38848,0.40998577931179003,0.5784577811823357,0.6371972212973647,0.4022249788366229,Food,2
P32282,0.6104330926263579,0.26659937966023084,0.645163767840339,0.0727414660362417,Clothing,0
P27396,0.656214205549555,0.4342421996506685,0.7831603141733922,0.3308751571452065,Electronics,1
P81789,0.34748301803683834,0.5743036296229751,0.5897817368929736,0.17577056677607136,Toys,4
P47023,0.41534101993986894,0.5185343455658264,0.40706811637160095,0.43609842158108564,Food,2
P19344,0.6658773032411398,0.43796251073808806,0.7847728245473176,0.3748151875877114,Food,2
P44577,0.6763224823973301,0.44205448203098113,0.45195768899270167,0.3505114166945225,Electronics,1
P62769,0.5121440874411239,0.2261700712436513,0.3684218694846166,0.18034517964641317,Electronics,1
P14497,0.4037036607986887,0.3311894154263224,0.32401499971640607,0.12603456490867943,Clothing,0
P63303,0.4731716326804643,0.24375194343085044,0.4716600094456646,0.07755885144080284,Food,2
P73992,0.393471436453808,0.3614510427096603,0.3511960424007525,0.15590228766556052,Clothing,0
P05253,0.42797953609749717,0.23772769675460603,0.6883389865360238,0.3742890763565362,Toys,4
P47765,0.16571581648142245,0.08360436368431047,0.5178130325275625,0.2701592213877955,Electronics,1
P23978,0.4601640543186881,0.44449738726193205,0.4927928698843633,0.4395569274815868,Clothing,0
P25453,0.310134500571401,0.26472294237133104,0.34768913792654876,0.22161150351961806,Clothing,0
P79269,0.4630075085498825,0.2628351417234181,0.4455734822928128,0.3077798533054608,Electronics,1
P56250,0.9999999999999999,0.5215706955686286,0.41473884125674004,1.0,Food,2
P31356,0.492395706887193,0.2707668826744784,0.24448172666989015,0.5362994523013377,Furniture,3
P32011,0.46560114092671157,0.4812554348047513,0.5537183096344064,0.3448500017773413,Clothing,0
P71312,0.3815596655843818,0.45774302427657976,0.32683037773348983,0.45074229161883794,Furniture,3
P15112,0.7417363136937579,0.5498980143983578,0.27631621663564865,0.31145583122225307,Clothing,0
P11762,0.47413703019709164,0.5005640325933387,0.40840662419168916,0.3272741202858576,Furniture,3
P11130,0.3924311719517666,0.09452971000968628,0.3429601003132244,0.2638730294825584,Clothing,0
P69884,0.4979594700986589,0.4130114820060481,0.3065255746701099,0.04941874656292836,Electronics,1
P15460,0.6843830069770539,0.567442498788356,0.3725950450804179,0.1289123643299652,Clothing,0
P64784,0.42266153915404586,0.7841095274335858,0.6303376033487729,0.20705129472359843,Electronics,1
P81664,0.697945373453384,0.4077577214239154,0.3569398891813922,0.31628380844171267,Food,2
P80981,0.4727596752999735,0.6756598407928119,0.7394999622739413,0.12967743923532804,Furniture,3
P44757,0.15390205457402426,0.25701519912794285,0.5151732336631063,0.12954270912053512,Electronics,1
P69613,0.45003216673985413,0.5697127555586137,0.3957991930277617,0.2426454637893712,Food,2
P86372,0.42068585666108765,0.157195349404708,0.4273231693362684,0.22296259918414602,Toys,4
P40783,0.514386022928881,0.5624158115951311,0.4977135156425538,0.1995353655733015,Furniture,3
P20713,0.4676119433639787,0.33715109696377304,0.17989626419260638,0.46763945529806916,Electronics,1
P19659,0.4642368762055094,0.3608391662602678,0.5986937035278332,0.3477978124421504,Food,2
P07127,0.38582862350653924,0.4524661879464843,0.5181923859949668,0.4289513245688372,Toys,4
P52453,0.4823951478666414,0.7309516936566811,0.5745215898976086,0.4706153518634861,Clothing,0
P17327,0.4316965850557575,0.12724874338548525,0.6553482661961217,0.2340267823982744,Electronics,1
P88743,0.46991090735722424,0.4118298243022549,0.43039514845637217,0.17108709048437373,Toys,4
P88255,0.4590772379248894,0.3289667241601828,0.5186049032149675,0.1750462308307727,Toys,4
P36836,0.44355959809179407,0.17512471708412453,0.6572763215192416,0.22335890318639517,Food,2
P57425,0.3897082990124616,0.31677707083225043,0.47600103690734197,0.08671995810474169,Electronics,1
P85287,0.33923808461758115,0.5797827341206743,0.1106253182646402,0.41757814864791015,Electronics,1
P77764,0.25244297580469327,0.2485317254699823,0.34727356082530614,0.3877960989150156,Clothing,0
P59984,0.6457391276180213,0.46785199286693213,0.34414151891909295,0.13706715858423407,Toys,4
P57729,0.5235416712552753,0.3678663850818705,0.5554558921475856,0.5227252788059955,Toys,4
P63376,0.4520294238833105,0.5851924861262872,0.3809665191929241,0.06667069359319582,Food,2
P06506,0.4160030746600751,0.4476252238754991,0.26731408246893884,0.22766045650885755,Clothing,0
P25972,0.5492243148561522,0.5541870424411046,0.25610105243585524,0.448180158492062,Electronics,1
P64503,0.25913764494692754,0.2476235040134751,0.6932098651575622,0.021485029686447457,Clothing,0
P44980,0.6822020035545894,0.5007233096992212,0.39380878523315477,0.2983095907083963,Electronics,1
P21702,0.4772753369261068,0.40722520236303006,0.6242922755650286,0.39512885823910454,Electronics,1
P08690,0.45411380994111544,0.5377235784947121,0.23434573621518662,0.28896606972735445,Food,2
P91870,0.2625137944744352,0.33717705790287567,0.4289000066158018,0.37002444046818217,Furniture,3
P44827,0.25054326696626733,0.5085984445126757,0.3987399577744718,0.5254317251619773,Food,2
P33199,0.35738227292644015,0.5391221994642839,0.7259681579374414,0.22999437074818302,Electronics,1
P32896,0.47863918115725196,0.4903481324801978,0.5600340160535203,0.26231667490977084,Clothing,0
P62611,0.30505060681863355,0.6031173352515853,0.5170387313975451,0.07576101199441797,Food,2
P63088,0.22517335348529066,0.34449771136060997,0.42336235345265766,0.3107918352191581,Furniture,3
P51944,0.37505414110479696,0.443608259262522,0.30243624290729576,0.38990468315509524,Furniture,3
P02323,0.5310312269251181,0.4063166384451946,0.4152812421420542,0.11568818210749576,Clothing,0
P43151,0.5241089597854721,0.2572780299450059,0.4417485652546645,0.37917869419514066,Clothing,0
P15499,0.4141871970592988,0.4102260504339491,0.570203502452937,0.2311041088295774,Clothing,0
P99095,0.38299205363504374,0.2909875473079203,0.6665956666593535,0.2491774529732605,Electronics,1
P61728,0.4141274529716904,0.32991530936690283,0.5739317355152257,0.4736253599759077,Electronics,1
P43517,0.729651794881049,0.4179941936111403,0.5372180650924061,0.37214613899206483,Electronics,1
P89025,0.38201930425950487,0.42388569762634576,0.29091021995711625,0.30861911337915077,Clothing,0
P11952,0.45014163759542114,0.1583470498411752,0.3572413214762362,0.20399389921640815,Electronics,1
P72651,0.6466421499683513,0.6537563686849571,0.4009503007729195,0.44111032001557,Electronics,1
P27107,0.49206532366132677,0.6496347859141046,0.2888437300123789,0.17962038803277483,Electronics,1
P49592,0.45003216673985413,0.34149953528773497,0.753641332248532,0.267303956236505,Food,2
P73907,0.36742470972060043,0.2747081649530833,0.4235657367637782,0.3086019748203212,Toys,4
P59181,0.5486515827465759,0.03916169146454072,0.38398104752849177,0.029879257636295762,Clothing,0
P14962,0.5041524069183858,0.3255559344600996,0.709058219908436,0.2124306592145059,Clothing,0
P31151,0.38524341537770834,0.21102881889968278,0.5349422886574746,0.14315002308059374,Food,2
P82517,0.500403927033852,0.40153872309680916,0.429320443900654,0.18273519541134828,Furniture,3
P64583,0.3500068067554998,0.42846852608075997,0.2233444778826541,0.25002577094060324,Toys,4
P57783,0.5820149119388419,0.4357449338760753,0.3262959865077921,0.20992389965147606,Toys,4
P21002,0.7443960789882702,0.2694091932732098,0.3632957923093606,0.4431336716427665,Furniture,3
P78411,0.4443297814398176,0.35824754858140084,0.5303441993343314,0.4629991837580106,Clothing,0
P04096,0.5615432030391102,0.33470814106977936,0.5340954015925792,0.3445738268457756,Clothing,0
P65766,0.5638490684629818,0.6810100597065855,0.6312144082449733,0.37677703568652515,Electronics,1
P77398,0.17560083070201088,0.47104382062850236,0.29994077417544096,0.12821537050433388,Food,2
P30739,0.3187670010707654,0.6708385383285361,0.4430720862531318,0.06309750291076796,Furniture,3
P06506,0.47662333751558555,0.6561486037667863,0.5161267248955357,0.18185899493328794,Clothing,0
P37524,0.5909994607147586,0.24020988701004187,0.4030505857453824,0.22902961492128726,Toys,4
P09031,0.6101227737225792,0.47220137889300284,0.4497640752391073,0.17652020638143226,Furniture,3
P18015,0.20885558696298864,0.4228242491047248,0.3878002781126334,0.23685581937034428,Food,2
P74940,0.4106834774248214,0.4596845385321227,0.32279046787474525,0.42966220989471493,Food,2
P02308,0.4712163573001672,0.5325062094961586,0.5256959491493739,0.11382326177892411,Food,2
P08572,0.5274708266855778,0.3264378641895726,0.4473025480111588,0.16163899336134993,Food,2
P43713,0.39421903918421364,0.494457434300214,0.1864958879257795,0.3189991337488202,Electronics,1
P35281,0.3624868549975089,0.49142418338224725,0.5058814535634982,0.06630801659889186,Furniture,3
P43892,0.6986959029404097,0.41894718491192073,0.4690602434586376,0.24543115899939574,Food,2
P85834,0.4801791580246251,0.3557264941984155,0.3169653174622369,0.3742464240210864,Furniture,3
P74981,0.39802251049099474,0.5680779809683759,0.6257913603470008,0.31117521458722286,Food,2
P68849,0.41218482847658455,0.34777116621741166,0.6688943137707848,0.4603944017870298,Clothing,0
P48167,0.4135267991366914,0.32399234793379494,0.7550599954693709,0.2665614473646594,Food,2
P74018,0.42977960753579186,0.6166675907449943,0.4073867402035938,0.5282179901513255,Furniture,3
P04424,0.4762525888628127,0.4227936630057131,0.15707368633259297,0.2572275909088161,Food,2
P15633,0.4773535425160505,0.2553784421482194,0.47759770398797446,0.06907475421720646,Furniture,3
P71131,0.3551714931288231,0.6306260430513198,0.3266768951014716,0.23558190783345906,Clothing,0
P63615,0.43050958876016787,0.6739043966733912,0.38733122163152806,0.02455390476031132,Electronics,1
P35005,0.3637090551553045,0.36434694370237014,0.399605729400897,0.25671420683538804,Food,2
P46843,0.5248078255203512,0.658485068889207,0.7136624303594744,0.16522147357678219,Furniture,3
P66910,0.4562957272366899,0.4817704332553831,0.65208619347436,0.024502068865646112,Furniture,3
P63739,0.41131900877701744,0.31798649367035275,0.5981725971404677,0.1850421598897497,Furniture,3
P82622,0.2769044349216185,0.2810321823095743,0.4383477297783947,0.18544982700103818,Toys,4
P43850,0.9999999999999999,0.521285530943857,0.6941548679534053,1.0,Furniture,3
P02278,0.517133787374536,0.44713041794712133,0.5041367393822679,0.09335278694599378,Electronics,1
P55152,0.41463054712938585,0.4198621392225152,0.6064105983044386,0.38395542579584946,Electronics,1
P14499,0.38177507328676563,0.4474562291684222,0.6543758029972405,0.36981900589513417,Electronics,1
P71989,0.6225270640304397,0.39561704639357753,0.3303735537431487,0.27965758420972603,Clothing,0
P99987,0.5113692863569583,0.45537208881507757,0.5757702351924058,0.12117984517737461,Clothing,0
P49676,0.5737936399550233,0.5741204183039511,0.47617335644740966,0.3500012252063751,Clothing,0
P38593,0.5100866794329062,0.24468051373906496,0.6980110187078264,0.38968623593215707,Toys,4
P77606,0.6381670205717079,0.3912416528411908,0.3997006512799414,0.21077746006570489,Toys,4
P78210,0.4891118936670589,0.36191419233487826,0.6163135516050968,0.539171824513939,Toys,4
P10793,0.45312165993071013,0.529641564583748,0.5611945231248088,0.1483418172133587,Clothing,0
P58782,0.6707571331366309,0.4712596742220852,0.5729537907187018,0.26289338005787327,Food,2
P49890,0.17121475931675811,0.4651471636858502,0.38679312617339656,0.22114332636616776,Toys,4
P78279,0.36712771917438514,0.43572597882633984,0.47126926390071433,0.25002577094060324,Toys,4
P87221,0.33077874993885353,0.573640552558495,0.8275341102917798,0.42328218059737355,Clothing,0
P86933,0.4784281403752595,0.38388164213901854,0.4212007651591459,0.36435269998699243,Food,2
P48206,0.33728003092947045,0.4196901695414712,0.48316499480678415,0.3477202371253691,Food,2
P89923,0.4512955484534002,0.4758400887192961,0.7846963019120716,0.10131303431918365,Toys,4
P79206,0.3451297028276385,0.36037613815246583,0.30178715369178327,0.29779294145758683,Food,2
P88036,0.3375618773192992,0.7820793557440996,0.26153331130764035,0.04550018773589751,Food,2
P10727,0.5329841563173864,0.43744186574814264,0.6147100497775692,0.0980017712506918,Electronics,1
P57371,0.47438825670321755,0.28652639198153046,0.40886182664020937,0.2578033911807597,Clothing,0
P77065,0.2997342309707502,0.504132592246607,0.3007868923542141,0.28122192711624155,Electronics,1
P81212,0.44150396795145286,0.4769924275549438,0.5135341864001929,0.3938690854956326,Clothing,0
P85897,0.4268277456307753,0.2725040095664973,0.5013514573579047,0.08163451743816523,Food,2
P02770,0.3106687465353795,0.304327091657069,0.46074295632475815,0.39084611359276505,Furniture,3
P83919,0.4716912502516263,0.40460574276468997,0.32685719555577913,0.333932851318671,Food,2
P99934,0.535344764710608,0.5515471743561309,0.57489912978874,0.2325016585817842,Clothing,0
P05694,0.3630098762159187,0.5006225117275381,0.5128283276618206,0.02642671467254383,Furniture,3
P77292,0.7591941545844101,0.10414011691007358,0.2855248362115831,0.09503741064643065,Furniture,3
P23783,0.5349644181888716,0.4394499099108799,0.36411784043735285,0.2593421591996637,Electronics,1
P09646,0.6110391788497925,0.21428998780290343,0.4391446885849548,0.2369070330832945,Toys,4
P59174,0.6730094117927833,0.4320344755979682,0.36645606345266807,0.030951650784617923,Electronics,1
P79181,0.2700775558623679,0.6484005721008289,0.3972443521453272,0.449703226979271,Furniture,3
P83088,0.2532495599341841,0.3841338909432083,0.34408494504948545,0.14210121680156806,Toys,4
P17303,0.609752385840713,0.352687510515387,0.34049641473111475,0.24098473948649618,Toys,4
P78931,0.9999999999999999,0.6668441674303373,0.8148941342313881,1.0,Furniture,3
P04777,0.43962557271884684,0.535340409568826,0.3828850376837131,0.09749069010545046,Food,2
P23438,0.31162770858672767,0.28040959743801414,0.6422879709977067,0.08668480242172309,Electronics,1
P10652,0.6712799448870675,0.7472850269951853,0.3406499497506145,0.07693069944468227,Furniture,3
P26320,0.2533534415024842,0.3385333645628451,0.42388728169025414,0.38796252028715994,Clothing,0
P08643,0.560677322784785,0.34580287341444027,0.27797914082062103,0.2971198772515239,Electronics,1
P93695,0.3761909873864957,0.4238200234191473,0.6645745900754253,0.21012551537254162,Electronics,1
P24377,0.21047856948801597,0.39746840123847715,0.5620502274046555,0.0034592821182901708,Food,2
P91207,0.5272697169215074,0.7044322109302624,0.4588643712703814,0.3218464189959322,Food,2
P94074,0.2371668833397493,0.5083273693070246,0.539977684651714,0.18008006365206974,Clothing,0
P97732,0.38413973039703664,0.4014895205382236,0.5621544948996745,0.23599936974460567,Clothing,0
P97181,0.3929726574005006,0.7541723346148086,0.1510591396187561,0.0698307180191199,Furniture,3
P88614,0.5007686702541139,0.4725297555930382,0.4630669472671954,0.2431255538327219,Electronics,1
P56628,0.3403856295158749,0.2690131532600448,0.832520263546648,0.2973482466633604,Toys,4
P93007,0.3112496327781989,0.3278323601165231,0.3345784905988915,0.10398510500030812,Furniture,3
P59611,0.6768115630935687,0.4628063497242511,0.34741091315703954,0.35592223154420877,Electronics,1
P97219,0.37145751460604914,0.3811403278622362,0.18204137659152084,0.45293123447357153,Furniture,3
P55353,0.36060974708168503,0.5873301833161256,0.4889404849897049,0.3628194944379049,Electronics,1
P22039,0.3532750720601647,0.32483548880768953,0.5309371579495499,0.31186794619706776,Food,2
P12061,0.37853462567330015,0.4512886725162913,0.08316213838196138,0.20154024405658233,Toys,4
P40727,0.5045520810204723,0.5014141050505154,0.4815313626667551,0.4027640214393501,Toys,4
P06721,0.34068529657000796,0.38332548793356525,0.25351576593476366,0.45502872294805424,Food,2
P10558,0.6128737646169155,0.25594811440006093,0.6534410459986071,0.07146573467146598,Toys,4
P98741,0.4800185777511919,0.37184580064092543,0.42526153061417754,0.3195508825490475,Clothing,0
P26905,0.5172052058296419,0.708259610304681,0.6139806121144716,0.18813698113215183,Furniture,3
P39848,0.5447819127339475,0.6057217187080192,0.6940326168686828,0.3710291397549184,Electronics,1
P72889,0.38102153111616843,0.5751300960764947,0.5517662864288608,0.2872234004356624,Food,2
P79904,0.228278399668259,0.2420050231338643,0.5720513009120574,0.1884241581588166,Furniture,3
P91084,0.3245695007497264,0.6116679613523053,0.5168845239148393,0.20366220177826533,Clothing,0
P57232,0.45003216673985413,0.38406088484410705,0.5136793148642259,0.35921813616159404,Food,2
P42569,0.2634997498824262,0.2662916685441184,0.32714599878040596,0.23034062253287224,Clothing,0
P05401,0.30357258411291715,0.43090968663232815,0.6116303585532541,0.37835471419780986,Electronics,1
P91047,0.3399673875383067,0.3755818910268812,0.5021333318303951,0.18208881284157583,Clothing,0
P95352,0.37111645095751333,0.47021804686635765,0.3646865170112417,0.0648962620459219,Food,2
P37480,0.40199393519377424,0.36993835781324913,0.5677006559513446,0.5310879627845887,Food,2
P63512,0.2241933526971915,0.3505588991038559,0.5028169583641178,0.12027336886442186,Food,2
P66961,0.5751277801994122,0.31418489983772063,0.22804642754488397,0.10695447710256706,Clothing,0
P23651,0.2036047789695204,0.611373208640884,0.6727026153413899,0.22839899686828377,Electronics,1
P08894,0.43657643996525114,0.612885631490563,0.3054064640593277,0.17714921069351577,Toys,4
P48300,0.30892941983654587,0.4418940940675286,0.5419211064516024,0.13763478932879145,Food,2
P96901,0.4721412492278612,0.4837636596272982,0.507586899258655,0.049196045505465726,Clothing,0
P92501,0.44381928321752256,0.5787848041733824,0.3861665346320926,0.4531602766196234,Electronics,1
P74468,0.42022204861475887,0.30776194751972286,0.47347206698799327,0.7604514978645234,Food,2
P76173,0.24279311124754638,0.3480257918003252,0.5954896345867535,0.32406741775732995,Toys,4
P49688,0.3559606475401866,0.47609561613974033,0.6319939940351502,0.4388784023401389,Electronics,1
P48885,0.2990495321713496,0.472663058166194,0.6273041731468275,0.22985979632644862,Toys,4
P02878,0.4125908821183934,0.40259294628230496,0.3514202540304801,0.4096275841880559,Furniture,3
P38914,0.2823533753407757,0.2898131419156854,0.6937232006497466,0.3043176688628179,Toys,4
P05175,0.5414960186951161,0.6225177244280808,0.367735145655427,0.25309217871533246,Toys,4
P16688,0.4570948799510538,0.6058993788653169,0.5605479930225743,0.24689799380020325,Clothing,0
P04641,0.2705845305204592,0.31835964122400934,0.4426633755688912,0.11906938921490079,Clothing,0
P85005,0.3070355067425731,0.38375574959355174,0.5486048824021441,0.01342020849880968,Furniture,3
P74032,0.6349480349358024,0.30236153127920534,0.6513761404943379,0.1854137574024863,Furniture,3
P25841,0.5664235387602646,0.4909444010184351,0.13081852013239129,0.21182402807491602,Electronics,1
P26917,0.5115320798638712,0.5399382858956898,0.4616384603054874,0.5942343335059082,Food,2
P48280,0.5635444530128015,0.6879217845117179,0.43227195164220233,0.2676590639569766,Toys,4
P91746,0.8090117007745402,0.48708117993560707,0.16617418713539797,0.0847629016052103,Electronics,1
P16961,0.5703455888764298,0.38879289834901176,0.7493570961983507,0.34251958502123725,Toys,4
P77538,0.6764441002099476,0.48547920542043616,0.6171622461762646,0.26289338005787327,Food,2
P32493,0.7387353412827284,0.3405588337620769,0.5833391051304909,0.22762779419674994,Food,2
P73495,0.3712010886304475,0.331367139720934,0.517486636911076,0.08859281052304936,Food,2
P09248,0.23016236397905587,0.27839859846424875,0.5566033616837965,0.3898022069316333,Clothing,0
P30603,0.21325776285146555,0.48506817405394537,0.4796793379594595,0.29374316572747167,Food,2
P47200,0.3575824208750764,0.3585587629648974,0.5919881152531116,0.26741515657652937,Electronics,1
P50554,0.47520648633664603,0.508672545435201,0.4263638229111934,0.25002577094060324,Toys,4
P68926,0.441927198181522,0.5064584780734469,0.5408941734139341,0.25053288054375306,Clothing,0
P94392,0.41333708857784324,0.22971673829500316,0.8787495825821031,0.20646284147260954,Furniture,3
P89584,0.4628801432020478,0.431435648122826,0.20090525031965997,0.24006516119432147,Toys,4
P47810,0.382290843158152,0.406846309265562,0.6932681845411656,0.4334701515433447,Electronics,1
P01563,0.36874468353901474,0.20342440817800866,0.35756867888855126,0.25561147359510517,Furniture,3
P98925,0.9999999999999999,0.3411794228078442,0.23929205750057225,1.0,Toys,4
P59029,0.3081323805971921,0.21619529048977731,0.6469201237704529,0.30592258545144846,Food,2
P61663,0.4598095477920923,0.28036902889595033,0.1903224114710008,0.16753746474332926,Clothing,0
P78690,0.7987940775889147,0.5214167725637606,0.3279720805571443,0.31391278914392823,Electronics,1
P23996,0.3120258287448571,0.22579800552443247,0.6815968968897473,0.19089903815689074,Clothing,0
P96212,0.5014138208022072,0.36963925766157857,0.1399896284417792,0.3286983570073481,Toys,4
P47333,0.36195099925226426,0.7088721654300693,0.21542282815173974,0.037853488137243506,Food,2
P73918,0.3232190581164862,0.5625263879607888,0.6108780655600611,0.10943881928168782,Toys,4
P06071,0.32980469957508174,0.47551381677509197,0.6240213762083434,0.035475526400277464,Electronics,1
P41534,0.6532258618377498,0.2720286296296967,0.4195816199739887,0.26289338005787327,Food,2
P53158,0.18291134260888456,0.16599727338483283,0.2576523643084371,0.11630344207050661,Toys,4
P13505,0.6039743543857873,0.3699129600003281,0.3105875417225011,0.5003363382954156,Food,2
P20712,0.2944347566152438,0.39679861705283775,0.4263110833196281,0.18582747083129442,Electronics,1
P87155,0.8047833567637003,0.6537117623041897,0.5286121393487014,0.3939765096134716,Food,2
P65584,0.513842883953525,0.6323810556964077,0.6778168795379492,0.3236375919180743,Furniture,3
P98287,0.4378053409551808,0.17945934022001722,0.40475090999923274,0.3033824709075502,Clothing,0
P19958,0.37728766372718026,0.38152615333692774,0.5432880469200719,0.16763361887584657,Clothing,0
P35335,0.5830782254440164,0.8224519933899439,0.2626919044200513,0.22725911875415544,Toys,4
P93750,0.5020907567042903,0.2974745115411726,0.538985396136429,0.22480211552614696,Electronics,1
P44834,0.5159933138603804,0.444813645783955,0.21422043275934355,0.2654215014797299,Toys,4
P96387,0.26269544921168947,0.39958704778992654,0.5233285722518649,0.012681401855538668,Electronics,1
P80518,0.5964259587982776,0.591080063839457,0.32312394143951173,0.23924406837426104,Electronics,1
P17722,0.4511330086990678,0.4694718576689339,0.5074494475626512,0.20408652172623798,Food,2
P14338,0.5253036333179897,0.48368621344189366,0.5388623022874378,0.2438148132507246,Clothing,0
P93346,0.5645689153895584,0.2628766310727742,0.5496880541148117,0.3496541761012157,Toys,4
P55280,0.2989382786082541,0.30461942008420173,0.3045986532689457,0.4992166652616926,Food,2
P47504,0.517738666098285,0.6675628726547114,0.3219600539556354,0.4198255289232682,Electronics,1
P38839,0.5911512015671474,0.6443270441232457,0.3148155951986423,0.2406764137201033,Food,2
P10669,0.6615144630953003,0.6346110962016216,0.2519645276386941,0.13243877206814278,Electronics,1
P77064,0.2301243649170693,0.5400976042189402,0.3875909700712416,0.27277327202958873,Food,2
P38364,0.35843059878028594,0.5082682668334937,0.4949414755685195,0.24433261382938543,Clothing,0
P00681,0.5272018028440048,0.004085402653829631,0.4971453935890033,0.4506700527357481,Toys,4
P19391,0.6575514900633214,0.5514624777656293,0.21122156665901118,0.1337232247800624,Toys,4
P75321,0.37018117483934326,0.5867716295159591,0.4841760339295492,0.2569662130565927,Toys,4
P29619,0.8211031259854682,0.37258638655636717,0.5636562564830992,0.30515028404636185,Electronics,1
P66559,0.45989198943502135,0.27765839021719535,0.5452349219594846,0.288542420487007,Electronics,1
P27581,0.524329409429584,0.29810973272266816,0.683966042233326,0.3496332087969278,Electronics,1
P81280,0.46095247337025685,0.2883531752457137,0.5444858028469197,0.27604233545662343,Clothing,0
P49692,0.40384888675596686,0.3190919985736776,0.5138637857791823,0.3224687516114793,Clothing,0
P27128,0.3630235648479593,0.47679587514990035,0.5284046437629476,0.13510807441735512,Electronics,1
P21785,0.4728905309700438,0.42583565700126164,0.47026685209758545,0.2698083316497568,Clothing,0
P34299,0.6194010489157666,0.5116823776815986,0.5859492687149223,0.1444059131319025,Furniture,3
P09741,0.18876350513935894,0.6395652564541346,0.5170555154086158,0.2618925608827722,Food,2
P33158,0.599146651466252,0.5837759163453242,0.6170874798286462,0.08133648107992315,Food,2
P90019,0.4021378398355024,0.42708009381715567,0.7497221172241463,0.5266638069735019,Clothing,0
P11004,0.2975373914363729,0.7261738299151178,0.6760538725271599,0.3536312293820366,Furniture,3
P93828,0.47889105118995384,0.523382410493345,0.348067994439986,0.2717330483046419,Clothing,0
P56337,0.5347054888828714,0.3944501373728793,0.4299236332084173,0.1614774522686532,Toys,4
P81061,0.3078739035952427,0.45900973847501886,0.6577652159662766,0.25519609455953673,Food,2
P86075,0.3874717185286436,0.5782487145284899,0.1600095076106609,0.2959320371779009,Electronics,1
P97144,0.5446438926751938,0.6555009822420507,0.34509548159815906,0.04586838540089236,Toys,4
P80113,0.42736815211889545,0.31602030562900896,0.6713187598477935,0.1358817134137682,Electronics,1
P49459,0.3425477205868349,0.5352072133435294,0.768927943594464,0.41671039211529753,Furniture,3
P97167,0.6166927570483298,0.40644215936036127,0.6298536777218771,0.0068714419892593305,Electronics,1
P79916,0.6449940784465731,0.4566630084233684,0.3088051653526776,0.13583751011284972,Electronics,1
P07790,0.6074923393977575,0.34114217592107726,0.507586899258655,0.2889253307959223,Clothing,0
P26617,0.7094334918538703,0.41392125286974046,0.3808068305617804,0.19302228159459295,Clothing,0
P73785,0.41280939013093626,0.6794758843883165,0.46343738303617915,0.14064653547206152,Food,2
P49988,0.39635608269094497,0.7370311408426894,0.452136853021932,0.1833984182899381,Furniture,3
P76297,0.3530928382953221,0.12798411887017555,0.6123381532445994,0.379004273630217,Food,2
P31769,0.6882117411470892,0.5424068655870173,0.4688114017930306,0.31373039529234303,Food,2
P73829,0.3872939870068265,0.5917996850625155,0.3067522308243273,0.26289338005787327,Food,2
P63606,0.5212786371394739,0.47466280231226626,0.08228829358400144,0.14820124905039245,Food,2
P27630,0.4547343506416148,0.5618719375678403,0.4330333615093764,0.494588275990956,Clothing,0
P63635,0.48062735235544674,0.258978478289472,0.274228130284736,0.6350370361199994,Furniture,3
P20579,0.42234027639627275,0.48508976672157494,0.3253239252820182,0.19984730061543288,Clothing,0
P94749,0.5836299035718748,0.2162960787448993,0.46113975077856983,0.12296213862706837,Clothing,0
P64271,0.4416611453777447,0.42388569762634576,0.32596346479766203,0.1423740909780821,Clothing,0
P34897,0.5320839776264968,0.2781940402803531,0.1978272481064157,0.19996141876401757,Furniture,3
P30492,0.49351052247793364,0.3181670344778336,0.3505857299304739,0.14236913592328446,Furniture,3
P08632,0.44518248336128047,0.3147905038592243,0.5982646264500902,0.20772459888271746,Clothing,0
P51182,0.4542412172771652,0.4021204495353575,0.4153447166714923,0.3441449208069923,Electronics,1
P58750,0.4617165052691689,0.5914783654748481,0.41900922451651895,0.4472295977507457,Furniture,3
P52972,0.6562271831337215,0.4853270604632675,0.5629957710389606,0.16057094769916785,Electronics,1
P34626,0.44113450130081794,0.39031485744924393,0.5291034022270237,0.23372098771672623,Toys,4
P50583,0.4596777659953033,0.3794465588503076,0.2864227043880561,0.4016621039105129,Food,2
P28675,0.3500612546673754,0.5097555561912458,0.5062334227418597,0.24553892627484147,Toys,4
P01864,0.48680506213723385,0.4834605429040419,0.31501760538472984,0.377086555802773,Clothing,0
P34738,0.4800029444258643,0.16379269810811778,0.44234083663427753,0.277207539748204,Food,2
P18276,0.22702625605347063,0.48279482977229177,0.09930087130460355,0.537401547701626,Food,2
P17503,0.37158945906664403,0.5988786346806811,0.5311400494958305,0.2677136451464324,Furniture,3
P00935,0.34220073129217715,0.5427911165976583,0.6166507489700302,0.20343573553103425,Toys,4
P62014,0.5933577692500064,0.21926831961032134,0.35318970579481773,0.281529480335421,Clothing,0
P58252,0.2701949598826535,0.5188676827935964,0.5645604422039883,0.13112648756282658,Food,2
P58317,0.509684023328306,0.39851323826349616,0.33954198089871307,0.4820874336332484,Furniture,3
P64942,0.24698546465212837,0.6169557040876452,0.4356690712421068,0.08137523770244946,Food,2
P96543,0.2934724616751736,0.42388569762634576,0.4928754949633417,0.05807139236946035,Clothing,0
P32479,0.4064573038313059,0.17761158814403633,0.5013658289016305,0.22408628091724558,Clothing,0
P19101,0.3792356355934845,0.12940460296012926,0.5093524358629766,0.4867141909263627,Electronics,1
P43710,0.35100065543368875,0.6553475104586796,0.395087683269948,0.10030560915150413,Toys,4
P61884,0.5886459067501021,0.17116643739571985,0.6504446226007179,0.20042537634266988,Clothing,0
P58952,0.5319272529455272,0.5013286567655348,0.46739578246407076,0.27772767922608343,Furniture,3
P60784,0.7944875121682408,0.29597282804281105,0.5294317354944186,0.1718608084281488,Clothing,0
P36259,0.8008822233510834,0.25329840917658847,0.5050607194774172,0.12685375593616668,Food,2
P50951,0.4983940685338147,0.4257742068846225,0.555154128850306,0.261966037649347,Toys,4
P93913,0.2993889595502333,0.20856437857403126,0.5902837906304319,0.18616194046212067,Toys,4
P73918,0.5672826777105506,0.42819004382085496,0.3934634654113344,0.33331636672454024,Clothing,0
P21193,0.5439703986496581,0.26149967051094414,0.6666447774952061,0.33792765915605827,Electronics,1
P75649,0.2974706342059388,0.5090437336576925,0.46599521884036293,0.2762011624767557,Furniture,3
P09576,0.36776671002510847,0.548520192553327,0.7440753297200494,0.08394819019493513,Clothing,0
P87122,0.4628801432020478,0.4349015860184477,0.532835259671736,0.43198543446079873,Toys,4
P19446,0.5210172884252976,0.2756576900591269,0.44131846442548595,0.36259059563031254,Clothing,0
P99899,0.22931288720087062,0.353415858666147,0.9314577902686707,0.33978186655828735,Toys,4
P34230,0.5391596561295429,0.2754517051939234,0.5870813374248155,0.5919420147443399,Clothing,0
P44418,0.5603712281260188,0.38832260592421947,0.36078966691905834,0.1119988322395256,Furniture,3
P47365,0.393038117516696,0.65554331152629,0.36462500033821665,0.02690879162371978,Furniture,3
P13733,0.41549847266780815,0.21364720325984865,0.36661167944984696,0.18598043245707888,Food,2
P02636,0.5488125575883855,0.408636653909153,0.1953784263282695,0.1173860445935914,Electronics,1
P18381,0.9999999999999999,0.49623245668862004,0.4592486004761036,1.0,Clothing,0
P41985,0.3744219601842213,0.3789961495231521,0.5591659309659103,0.2998179036597315,Electronics,1
P86986,0.4570196188344634,0.39158270334402406,0.23518031436449652,0.2104207191686918,Furniture,3
P31869,0.4542412172771652,0.39457636914950034,0.4779859226713544,0.27052885841687985,Electronics,1
P12779,0.7658931660942593,0.39784507909523953,0.38542643291854156,0.3370913192792105,Food,2
P95739,0.6944924364517849,0.4401900517440822,0.17885653140705085,0.30484814503575586,Electronics,1
P63210,0.43850232537168987,0.44653317118254143,0.17879879745316013,0.21329284335458665,Food,2
P28253,0.14990842363399046,0.46084855334749875,0.5780510890401547,0.28021882638534373,Furniture,3
P11796,0.23630102818991525,0.27200928173548355,0.6221324515298177,0.33436631566299146,Toys,4
P95316,0.473413395094141,0.3361598641420205,0.6184316769210135,0.5527681094377808,Clothing,0
P62045,0.27828463926464575,0.20513394763845,0.5526566389604594,0.16371889298761952,Furniture,3
P31763,0.5076761922066766,0.4736089809521646,0.5431375804151589,0.17093389607088866,Clothing,0
P18754,0.5459362575641136,0.4727397764490543,0.2900638422285918,0.10630439739763761,Toys,4
P19899,0.32780884151496137,0.5367046146131248,0.39552459991359273,0.3553415768500265,Toys,4
P94391,0.4412548502933082,0.36705468216110304,0.6431685205177332,0.3225052208295982,Clothing,0
P16203,0.6118886358140392,0.47293302672333387,0.6344892733715801,0.38348453275410255,Food,2
P41353,0.37340304716417305,0.3489689248598506,0.01250793241150901,0.31716907183392595,Toys,4
P86573,0.5048613243218814,0.31214854616949095,0.4670723717976035,0.02604580166550223,Clothing,0
P80856,0.560805449480719,0.36947252603246733,0.6794757625685478,0.2786114311431327,Electronics,1
P80790,0.6331583376654779,0.5967601803167465,0.4812745737172174,0.2775930248246539,Food,2
P54855,0.4358188311767796,0.3783254592936155,0.2704486817290007,0.3415769855747158,Food,2
P43730,0.3282119144234977,0.059791715427358075,0.5255375399038865,0.0062950921496081605,Toys,4
P08084,0.3515126716388334,0.3980212960575481,0.5129504482426429,0.30633613779145424,Toys,4
P85541,0.3678263077521269,0.4723410361899408,0.4569602691093725,0.40755095067313346,Toys,4
P20368,0.41696457445941054,0.33965965707563145,0.43152186359887973,0.3878043741587858,Electronics,1
P32485,0.360378619375708,0.7192819838623993,0.5326279297736772,0.3846334491750763,Furniture,3
P17464,0.275005005185013,0.5266391900039579,0.47256603821682897,0.2724954545851586,Food,2
P17174,0.33391722107334565,0.4447117379855217,0.541900630803002,0.3147244568290454,Furniture,3
P68201,0.48626736513877195,0.3657883958099783,0.6556829499781649,0.22144077272370039,Electronics,1
P38205,0.5026695085400191,0.1510863994413938,0.1582447518266823,0.0971414005114905,Toys,4
P27330,0.43407867937588607,0.5598629805747716,0.38386038635924613,0.04782163676738682,Food,2
P29681,0.2909276655722534,0.38326556322967115,0.4182078645880517,0.19415092600607375,Toys,4
P46765,0.3544185336534237,0.461195225234089,0.4133974267155433,0.31213764070975786,Electronics,1
P80633,0.4737218551615069,0.6192500501921117,0.5068406955844712,0.23586490695246234,Furniture,3
P80294,0.668704280938773,0.4394499099108799,0.652403888851721,0.28925327329068556,Electronics,1
P94038,0.20419713497401798,0.7166770627734311,0.6573565616975152,0.2423703225542884,Clothing,0
P45854,0.6224186705393235,0.4731870384062829,0.5662764500714577,0.14757884291776396,Furniture,3
P91577,0.4528344698330717,0.6277181433358325,0.4296468093408182,0.26616200799964923,Food,2
P40696,0.5056706185716716,0.3446474341571943,0.46599521884036293,0.14997562791685598,Furniture,3
P26831,0.49048391064426405,0.4153641332660305,0.09298765189614622,0.09855319883158194,Furniture,3
P28616,0.31567229602400637,0.2544172690424887,0.37041813483424646,0.13506443722497657,Clothing,0
P16543,0.3687214106101342,0.4450993886065332,0.38688311973537465,0.10632573015729477,Food,2
P70204,0.3858717938158185,0.6931898797415824,0.5483881810475738,0.4614587807611812,Clothing,0
P19650,0.5033832756856381,0.2634849079288283,0.6062916147656789,0.3288444581448782,Clothing,0
P85908,0.37602580395028234,0.5134983755140574,0.3295200989498014,0.15639250776788083,Electronics,1
P27708,0.47550315161063883,0.2547031576049593,0.25144647029836226,0.28221544676708193,Electronics,1
P23121,0.2612595514525177,0.3924047456657079,0.4487652190475521,0.17944297042588478,Clothing,0
P91452,0.4552921542771376,0.3575637994397486,0.34568490321555195,0.29867209037905923,Clothing,0
P35344,0.6877888373335227,0.4613256737229043,0.4571292465291119,0.029634593686021084,Furniture,3
P62348,0.44534037751010164,0.549965339495706,0.42884863586960537,0.06882880099265395,Furniture,3
P04216,0.452715368564734,0.4319321325168132,0.3098488295640333,0.2609856101627501,Furniture,3
P83201,0.5511748036937848,0.534489558719296,0.313239943190959,0.44002047944338263,Furniture,3
P19228,0.30534366147012787,0.20408830897100555,0.6687846574779414,0.3262933617140116,Toys,4
P70288,0.45003216673985413,0.704096379538113,0.5548002500642292,0.23769729821290558,Food,2
P77219,0.29141838014138893,0.2904401598164932,0.5444891516400822,0.04173874774804799,Toys,4
P73856,0.4257704717086649,0.31269168488252297,0.542167794019459,0.18556189683407476,Toys,4
P05188,0.4542412172771652,0.5528353661710254,0.5601258047326645,0.2144330305708503,Electronics,1
P41391,0.31013128908094095,0.4829673183501043,0.4045728524358922,0.1753960147324991,Food,2
P28890,0.2667663672491969,0.524217560074016,0.5924168206114253,0.5433057529904115,Clothing,0
P73023,0.4542412172771652,0.5812437393696139,0.241350612063143,0.15228802951035117,Electronics,1
P77465,0.48384461933565287,0.4470115336656938,0.5223123955228349,0.027113699181251744,Clothing,0
P87854,0.4700420399236485,0.689884295794867,0.5062780947931966,0.5746591745314222,Toys,4
P34642,0.37331886931389097,0.29692420283266285,0.47126926390071433,0.25002577094060324,Toys,4
P13528,0.4328178516772681,0.3125772687881502,0.23684683134358187,0.24826761706825917,Food,2
P52685,0.5440045255287748,0.5536564666917972,0.26794569579394195,0.45354527348192575,Toys,4
P02078,0.4272120087511263,0.26344822848771887,0.6229394727188516,0.41954856019048475,Food,2
P78046,0.49221002619973553,0.17542446040118798,0.3931571034013257,0.06279195213003089,Electronics,1
P68880,0.4437336678910295,0.5904731619806514,0.6567129931525857,0.20153678323753801,Food,2
P77908,0.3075889379815989,0.4153954649753124,0.6530362718616985,0.5209417889616799,Food,2
P14840,0.5742352821914525,0.4394499099108799,0.5785788875691377,0.12299888079298034,Electronics,1
P81831,0.49721800243237396,0.3308173556565233,0.392196660648335,0.07618145308902244,Toys,4
P45146,0.5874885495000711,0.4828403901052491,0.1340572302422034,0.3396183587004737,Toys,4
P64236,0.5850410236681018,0.4310460213803172,0.4733215510941231,0.5235363063099918,Furniture,3
P37891,0.5309418739606054,0.7308146451160576,0.7369017552163738,0.2366437051765359,Food,2
P42243,0.46217173015232665,0.37185220760900006,1.0,0.26289338005787327,Food,2
P32294,0.30667018248983946,0.5150850147627842,0.5929425738327133,0.031964086608073185,Clothing,0
P59188,0.575314891768941,0.7260725587678462,0.6718164099389653,0.24529345171689546,Furniture,3
P61624,0.45003216673985413,0.366759763688908,0.39602824537627074,0.47084947078618433,Food,2
P30738,0.49893764415436925,0.40067047097741376,0.26788954914202695,0.3610389871366671,Clothing,0
P55982,0.10600460459490929,0.31632181794762165,0.46599521884036293,0.3969143321868695,Furniture,3
P65988,0.4176485134653546,0.3585695565125728,0.6160465356388091,0.27071483801962914,Furniture,3
P82370,0.4038620972220163,0.5037546331635154,0.5393938789049553,0.37621685740262106,Toys,4
P28343,0.5737100806543828,0.3423712765267553,0.6304485027007845,0.1304897913369522,Clothing,0
P88194,0.17182975536803746,0.3676646348264531,0.5146869220402129,0.25002577094060324,Toys,4
P72227,0.5423310244021522,0.19815331273956877,0.41219324840431004,0.3169657985685933,Furniture,3
P62843,0.6874178184218329,0.6598172415560651,0.3010176076665388,0.5672670217637409,Furniture,3
P66675,0.27810776462997433,0.11627977691509575,0.4889404849897049,0.4307043386979446,Electronics,1
P10818,0.5619286789947068,0.43572597882633984,0.44781429204604956,0.28735905753388036,Toys,4
P84867,0.7630790289605709,0.5006349337266087,0.47398328401483764,0.4376680558889823,Furniture,3
P75725,0.5014258049521041,0.5147068168391112,0.2970021095603396,0.2438148132507246,Clothing,0
P90356,0.36896669362807644,0.3645803033402588,0.40156323900182167,0.6769198251332939,Food,2
P48404,0.314826384581375,0.23610035252536155,0.06471173053555629,0.40630501431551697,Furniture,3
P68738,0.3902319144154607,0.35082655530836737,0.4894301325317832,0.23256647194890662,Toys,4
P39582,0.6936133282578822,0.6432727170312735,0.6718471003464006,0.38285187211851707,Toys,4
P05185,0.5007988877556223,0.35261286944923814,0.5479865011574241,0.45988864995486356,Clothing,0
P77317,0.3425905923854658,0.28952345126507606,0.453108038452174,0.05530602067794152,Food,2
P73409,0.4177726143603158,0.16475394433556612,0.7081040144676612,0.22290420355087656,Clothing,0
P33703,0.6447941680135121,0.5624738970686138,0.5392570942814262,0.2617836959906904,Furniture,3
P19951,0.6047345571631038,0.5326607399692592,0.5172829876239696,0.4546746845416594,Electronics,1
P49269,0.4817029514728807,0.436782965672676,0.4079180938766139,0.04276245986791188,Electronics,1
P64277,0.4159639543847618,0.6619343202044025,0.47256603821682897,0.4530683424939456,Food,2
P16916,0.2574786171700185,0.13425262292928702,0.30644621936893746,0.32250129419571494,Furniture,3
P52626,0.4123463223920331,0.2693327801548909,0.28463712935587576,0.06424766320838378,Food,2
P13847,0.33249919364377845,0.47220732960950645,0.3244281286786836,0.24264608175856642,Clothing,0
P14979,0.2377424679212455,0.52915999067611,0.4895257236219108,0.1047120679218751,Toys,4
P60074,0.6466215446897345,0.5310087297348728,0.6686184478782743,0.26370291933546836,Electronics,1
P03066,0.6582811665119961,0.25414429941448163,0.7535360721777599,0.2175618147166594,Electronics,1
P96084,0.523051271465911,0.48633565000463636,0.47139436186114897,0.25136909371193544,Toys,4
P83185,0.4001889269768067,0.4584491322327224,0.4016654372645226,0.2609856101627501,Furniture,3
P43403,0.4628801432020478,0.5261107435267016,0.5167275853083788,0.3711724538373455,Toys,4
P44440,0.47638678257716555,0.2709320840391557,0.35680033028066593,0.5462293119332372,Toys,4
P24926,0.5324021272911689,0.4205340073371653,0.3064394309776032,0.41210111868264393,Food,2
P05633,0.4718970437584968,0.3741497194221244,0.8078595890837988,0.14763153293390824,Toys,4
P18585,0.5509701191802068,0.334411745809175,0.23434546376148413,0.6625215684723372,Electronics,1
P48420,0.4988053442685973,0.6066474667860992,0.3143722604644196,0.4285506148915362,Toys,4
P83406,0.44015966984194294,0.32188698622496625,0.43637160535050934,0.3160727873074512,Electronics,1
P89827,0.2890058186984247,0.6377959743549888,0.5143780172705058,0.3410026930469593,Electronics,1
P34760,0.4542412172771652,0.4394499099108799,0.4709140827498786,0.3991797873368906,Electronics,1
P20852,0.528721861984503,0.28607253236838803,0.6237573775270124,0.21110566917810886,Clothing,0
P82330,0.3992381513568252,0.38867864321400636,0.29830346645520317,0.19919362021118353,Food,2
P90492,0.3495859398934102,0.6064168378977625,0.4839831286669953,0.13491763979334634,Furniture,3
P60449,0.47976535847427454,0.33152501614414864,0.2752430615616583,0.17143169785839904,Toys,4
P40117,0.42855753975790045,0.4352601069175596,0.5643400253056461,0.07187904167692358,Food,2
P70767,0.18618112312181043,0.5386135025212723,0.51181416197155,0.5255816292708397,Furniture,3
P44933,0.45359330276912946,0.44308173367319015,0.5166105777387843,0.3260469803662783,Furniture,3
P66433,0.10218089194043978,0.26547422333990567,0.4832176801545062,0.2564482491916529,Food,2
P35272,0.7652498059275508,0.5086013784045079,0.31316231368907005,0.42541024221003154,Food,2
P77338,0.25060428982098726,0.3748072997966521,0.4627315973785445,0.2371397265143511,Furniture,3
P59401,0.5183285258081191,0.6056794861337644,0.4634609309789339,0.007932555074512643,Clothing,0
P15976,0.321183302226356,0.2276549269497602,0.38322999396234997,0.5398196227087637,Toys,4
P09636,0.313534006976096,0.07043510675973479,0.5215716615871389,0.1937973378518651,Food,2
P29908,0.31218995232812624,0.6243569534119996,0.38413605344486557,0.5009550869874201,Furniture,3
P65159,0.5097931188438067,0.4550652353727489,0.5635371515263549,0.22893198539014856,Food,2
P36704,0.4524729029099803,0.58035133299765,0.7801414938185292,0.08615951603870446,Toys,4
P94269,0.6182972270633527,0.13238104832505404,0.5704887971331075,0.1974229590805156,Food,2
P91620,0.41263977117059564,0.5557545634203067,0.4657073420508736,0.12894079329289032,Furniture,3
P50628,0.732276177051832,0.5137524474540426,0.32358472237951785,0.36661181658246195,Furniture,3
P73153,0.23631909136261442,0.4770883418709033,0.5671761383235681,0.050404780042444024,Clothing,0
P48032,0.31927624131599536,0.41636440885354514,0.3874277858246919,0.11150056762187184,Toys,4
P99907,0.33510689814781,0.31870455072870596,0.36465530390529993,0.4191523540426758,Clothing,0
P61597,0.5748896240987702,0.2965073464180439,0.22603398991648382,0.17460811102277596,Toys,4
P94931,0.405254483919555,0.6024189746617575,0.5696414814861575,0.5548262296044314,Toys,4
P32062,0.5337322505476702,0.2822739959896986,0.4802757916084794,0.14311765783183047,Clothing,0
P50616,0.3741932858479041,0.4087565101481775,0.5097531724469472,0.23324066882913289,Clothing,0
P43379,0.1821550394673207,0.39271510506410084,0.29530148973887693,0.2759575228369264,Electronics,1
P87273,0.4529669886200443,0.832044388199988,0.7362465160010048,0.6461250195055412,Electronics,1
P00170,0.3669782186868687,0.4326472943219404,0.5034124173831849,0.36635118858468335,Toys,4
P40836,0.4917208435614145,0.3656940199104946,0.7461279069199619,0.32352679461206746,Clothing,0
P69390,0.4395189101563712,0.3249163045041225,0.3408978083416154,0.3818769158463547,Furniture,3
P32575,0.4716937176560659,0.4626742757087796,0.5899879642271835,0.1646974864559175,Furniture,3
P72117,0.5846608851206649,0.5090093141327169,0.48410925464610505,0.06959147856243572,Toys,4
P21179,0.6896047179186698,0.4620226521340222,0.5178005066617649,0.12701700434898164,Toys,4
P60599,0.3736290628550096,0.4469958848252835,0.3406595205369332,0.16952011263245514,Toys,4
P69083,0.49995967391880924,0.5203961693607229,0.5625332323757877,0.006527530387534611,Food,2
P00346,0.6502797605043313,0.5433255675015096,0.4470162136530321,0.37386985910743886,Furniture,3
P59556,0.6278907988622269,0.5041037018285998,0.4847858516303216,0.28673306791135483,Toys,4
P23424,0.4553189295231383,0.4271832075851834,0.35917641384927795,0.17019341897128407,Toys,4
P69228,0.3246996993313595,0.29070739247138394,0.5951860279361034,0.3463338196062648,Toys,4
P83302,0.6535102379965042,0.3789916939473356,0.569658930745476,0.2865107945609727,Toys,4
P31288,0.4851411304689137,0.4806805215347961,0.38073956474663123,0.0673883419424027,Toys,4
P85366,0.33930530488774974,0.7355650547218695,0.49282383808030783,0.551785077837077,Toys,4
P27927,0.2519137391467054,0.7016671804779397,0.5694336198577625,0.12231233575403577,Electronics,1
P64737,0.36052318919520054,0.5638812842930673,0.4491126426125325,0.4081489730945905,Food,2
P41383,0.4718691846079249,0.49985732583555864,0.3847252222612117,0.4861682007859823,Food,2
P22880,0.46595798559246365,0.39371366903248706,0.464962300722674,0.057871429035253795,Clothing,0
P78660,0.7446367890174056,0.5438482641407558,0.08152195097160994,0.32977050670349056,Furniture,3
P11601,0.27780881911260524,0.3471075809513317,0.7770289431632378,0.6001326721837202,Clothing,0
P26545,0.45032004928618397,0.4231238476487562,0.38037303553025625,0.10142289032843323,Furniture,3
P17348,0.6379198210203731,0.6850755644874083,0.5603090553770398,0.30000271921854976,Toys,4
P57547,0.5881900532031828,0.2603520516001407,0.6080587195640299,0.3141423639444127,Furniture,3
P22169,0.6588422175368431,0.2976775347228941,0.6182218268644706,0.4025577868405628,Food,2
P92254,0.43320760998711677,0.2805252873789193,0.612874837049515,0.3315857598506222,Electronics,1
P73349,0.6535921476507756,0.2536708536655588,0.5756219035251096,0.2412000705385326,Toys,4
P57492,0.21766474053464044,0.6395107951779682,0.6896656249801713,0.41001838199814716,Electronics,1
P58597,0.6295103601785974,0.5416541984363875,0.7836007475118242,0.37011921355916616,Food,2
P12300,0.37444083090028446,0.6945053250218782,0.6515730741448538,0.21253510940161263,Furniture,3
P99161,0.054092246797050186,0.4470646623912674,0.5258430046551551,0.2609856101627501,Furniture,3
P35481,0.5306882081877508,0.43572597882633984,0.47126926390071433,0.1114410469881672,Toys,4
P83699,0.5594482512992728,0.16892694336122233,0.5920096854091984,0.15388174919405764,Electronics,1
P55764,0.31027412514018154,0.44845501451011116,0.771276899825558,0.3224010976669779,Food,2
P02278,0.5233400900594948,0.5253632526951975,0.6407679458673755,0.2698465314284226,Furniture,3
P61449,0.41075912268038717,0.31954412920679515,0.6634730644068718,0.45388863253877315,Toys,4
P00869,0.4542412172771652,0.32174355426138224,0.06029735498128868,0.012121471254756018,Electronics,1
P89731,0.48234260078992075,0.49082192719273504,0.5123364924075391,0.366782272927861,Clothing,0
P65054,0.4109885365574302,0.5029182308470171,0.6191050894254115,0.4707404892259348,Clothing,0
P69578,0.08130509282105647,0.40103550400656757,0.4584245285095378,0.14326827300753428,Toys,4
P42896,0.08560585192211329,0.501881324174483,0.3638936653942775,0.14593541576887084,Furniture,3
P78808,0.3274360502033924,0.3170893810502004,0.47140583244951195,0.34277257076438916,Food,2
P51521,0.5393852867488639,0.4953367409479623,0.3676122743780884,0.2609856101627501,Furniture,3
P18106,0.7049404365741718,0.6712284780669778,0.35463611794493194,0.29724840626290056,Electronics,1
P75386,0.4907477947819783,0.47807933784898343,0.35437629762532097,0.16184503890613072,Toys,4
P82900,0.30556336053089894,0.2719107019326444,0.6094909966129252,0.24766119307483608,Food,2
P08980,0.264201686623638,0.5831037428302563,0.36167147695071605,0.4446753984404903,Food,2
P33132,0.3827666465817507,0.4707500884591265,0.5066763759065892,0.3532410075865609,Furniture,3
P21123,0.5499313893973877,0.25630836069135754,0.12651547799813806,0.32851214758830527,Toys,4
P72049,0.32269464714775564,0.4227936630057131,0.2288751763538313,0.13436537975679538,Food,2
P51160,0.35528681849808824,0.5715466042574032,0.5107155820351063,0.047978592203557574,Food,2
P64954,0.40036570582013287,0.4690467124735904,0.6046582288481099,0.2198032451421561,Toys,4
P41174,0.5896705820328277,0.3385858468833054,0.8078585672478441,0.32574857727166395,Furniture,3
P05118,0.5017685741523277,0.18298674841273593,0.26431889978053336,0.05028021552278037,Food,2
P85106,0.25668412617867303,0.4937308254338593,0.32881239492332026,0.35702681230255795,Electronics,1
P48715,0.4156596737623715,0.26497820986356785,0.356347959694591,0.10015883215885626,Food,2
P16199,0.5430150722962209,0.4920187558636144,0.481842034269579,0.3020144051341975,Furniture,3
P99225,0.6028465182821504,0.43572597882633984,0.2927006678086828,0.35943996225659636,Toys,4
P65993,0.34974912061589614,0.4555879569048266,0.5602063897234142,0.4200911216491208,Clothing,0
P70441,0.22682875323442428,0.5350706020276731,0.5597849240334398,0.2028133390752061,Clothing,0
P10589,0.5249158380657023,0.506669162569026,0.6598380045744152,0.10027924894042649,Electronics,1
P77084,0.7055411377064352,0.28792396167270295,0.7256219837946897,0.16696075685440703,Furniture,3
P85101,0.4429187855248193,0.05525168979800205,0.7150895387722913,0.27718867478692494,Toys,4
P13793,0.5507744131965203,0.41294877141389397,0.5022713607011927,0.44324424716134214,Food,2
P46547,0.46237103185140443,0.3453427786975068,0.5144098785254536,0.20539773928344324,Electronics,1
P78581,0.4328936099937324,0.2094387810254421,0.5302766076529593,0.47918707864033006,Furniture,3
P90932,0.6143056136311025,0.3016299477001964,0.2965959895244429,0.24613151284403553,Furniture,3
P12619,0.20391845791963883,0.6863010399552882,0.527356455386905,0.4017003288123744,Food,2
P36088,0.5807473756598318,0.34655362328267947,0.7050744940415912,0.03891031219199721,Electronics,1
P77784,0.3317933487790572,0.3815621162771587,0.2578649769021357,0.005497968896081793,Electronics,1
P99734,0.39117607959185235,0.19537417769089685,0.7936505336186361,0.002848689159390523,Food,2
P24806,0.30988829383743616,0.3040357078145124,0.4715018601309049,0.2371430788459218,Toys,4
P22602,0.4793283073335983,0.40550431188575564,0.4939320912350135,0.17062327315316334,Food,2
P76448,0.5262276638794349,0.5043931722975082,0.3492426848473183,0.4605528112880158,Food,2
P18485,0.346285687130856,0.4441599986240219,0.18821615142920506,0.03119787322638609,Furniture,3
P40520,0.2975383262755283,0.3151665108413336,0.4824260186105884,0.4756225671804354,Food,2
P19307,0.3116815547613632,0.548556718935084,0.3486693077825562,0.3456974189828844,Clothing,0
P54855,0.3007538523521988,0.4134772524890316,0.3240165269187967,0.12539206417280238,Toys,4
P12949,0.5643952541365448,0.36635475645697707,0.5951236560893371,0.3038416368701135,Furniture,3
P49399,0.7076947624582522,0.3620541027913431,0.5064509593646235,0.5301340082030056,Clothing,0
P69618,0.41645600450061304,0.3651803123404042,0.507586899258655,0.38552692968787416,Clothing,0
P95812,0.4929384625624978,0.24095904193758705,0.1867870586878989,0.07159667851384556,Clothing,0
P15116,0.42091775470082465,0.717287470057638,0.2614463713987824,0.19388985860151342,Furniture,3
P00308,0.43878249732629937,0.4112902575532985,0.4989828839381267,0.6691987559838335,Furniture,3
P30387,0.42109740658529876,0.6249600509919901,0.5743925297008944,0.09438927981488303,Clothing,0
P46206,0.5258510203467934,0.5965698388194316,0.6375976694188813,0.4844888624045618,Food,2
P73696,0.4637348666706596,0.3408448784043061,0.5310240062487028,0.48142124712974016,Food,2
P44680,0.2418236740983979,0.4954250922760745,0.19430159334540137,0.22374676074521024,Clothing,0
P00848,0.4066798718089721,0.3987280993620295,0.140607401827899,0.4161272532260711,Food,2
P72531,0.5283574505409804,0.5142442737406068,0.638967263473353,0.010103223473748013,Electronics,1
P64393,0.32188173692500954,0.3639457251297123,0.3129752678696895,0.2674723930285294,Food,2
P86624,0.6783755948684137,0.3325677352165684,0.5139229550404292,0.5339266580434339,Clothing,0
P03828,0.40439813181251677,0.48781562399041994,0.6616098337903235,0.29319077274438793,Electronics,1
P92607,0.44784795417930234,0.39218686129109176,0.4164692555984544,0.3612315474464542,Furniture,3
P60558,0.4484615855098647,0.7208419903311323,0.5682304878693198,0.07748016555612268,Food,2
P20999,0.6496478394827968,0.6903247516132361,0.4266264042006393,0.6707306573988998,Furniture,3
P26717,0.43878758969557996,0.44883495246957134,0.5279943780174342,0.04240204226520042,Food,2
P00228,0.341310397827528,0.0,0.47126926390071433,0.6274656144792122,Toys,4
P29861,0.30320623822341686,0.4081613726935588,0.5200605749505698,0.3002604133302095,Toys,4
P12497,0.277606701945068,0.5752192282183883,0.5638671803741965,0.0972036609238148,Furniture,3
P73164,0.2687647207379113,0.2563301465607845,0.4613704037367578,0.15500564786249724,Furniture,3
P40585,0.3423453440958041,0.2901713420361865,0.5937007423708865,0.5545644378585164,Clothing,0
P46783,0.4607907161643134,0.4722246674873055,0.40370649222022226,0.16315776541158253,Food,2
P64738,0.5729235524194985,0.3872964651507832,0.3457634934933333,0.10495412966976854,Clothing,0
P01968,0.5368694209754223,0.5988396932564166,0.5312690366706805,0.13751507089602433,Toys,4
P40490,0.4577154942143579,0.3720297788569159,0.5965886323479441,0.28295199439080054,Food,2
P98739,0.52397950421456,0.3903899046114822,0.48935604913392433,0.21264405104653367,Electronics,1
P79123,0.22503053328161,0.42326182527105066,0.46531208708378874,0.22926026157035592,Furniture,3
P59806,0.2645951407867873,0.3719002723278062,0.4693310505486464,0.26289338005787327,Food,2
P19907,0.5504828975847258,0.4068223119295808,0.557225417831847,0.1837384421116812,Furniture,3
P37906,0.5344145028629212,0.4467967959245942,0.6343942115443943,0.11560789846691405,Electronics,1
P08931,0.35277475791292995,0.4627141087908031,0.01610119072462841,0.2724134600087566,Food,2
P48801,0.3279287867995261,0.4912253090972704,0.5897842482340065,0.6128290535064845,Toys,4
P57312,0.6960775170731897,0.4229909715989146,0.39270826677966286,0.3803795140044054,Toys,4
P45699,0.357009744349744,0.07053983915961282,0.48519860610849064,0.01627462023509853,Food,2
P44144,0.55000658064442,0.6000731307163896,0.7459997395586783,0.24832733531923706,Toys,4
P19399,0.3818162196248303,0.38145645588764304,0.259432996501225,0.26359751768397593,Electronics,1
P82543,0.483690078214623,0.20328291681281635,0.6764740776919732,0.519469009881538,Furniture,3
P05730,0.4413116616091372,0.36888896829656304,0.7084196485781692,0.22475826088716258,Furniture,3
P04935,0.21758772849796468,0.29456372554301596,0.7783632206652354,0.46473863744763944,Clothing,0
P96550,0.5065358778581724,0.5042220224573323,0.4302532392448496,0.167848340051046,Clothing,0
P77816,0.4246033006112587,0.39041194089312087,0.8167966797772063,0.16972777327780794,Toys,4
P73616,0.6600876276498252,0.3213084905403352,0.6156672436244618,0.28122192711624155,Electronics,1
P42921,0.5359944639614274,0.24867717596641248,0.38566053276896983,0.1298248884944886,Food,2
P49439,0.3671525686940132,0.49760656172423146,0.5326925253798681,0.46445262093897033,Toys,4
P61659,0.5376375825131164,0.4227630769067014,0.48596981446999654,0.311553891185154,Food,2
P04065,0.6483107765262044,0.6105238362223621,0.6731849315438185,0.18756628161009262,Furniture,3
P58648,0.48883381320113894,0.3831367464383184,0.6404398938707268,0.5491351315986122,Clothing,0
P65065,0.4489775077131019,0.6391124426257252,0.5606558850048501,0.19693094738908906,Clothing,0
P17393,0.5884440221711666,0.4021211991949924,0.7587229770732646,0.2525326015516148,Clothing,0
P14057,0.7898137364493475,0.35447419667261126,0.4123238331892859,0.1336198412782082,Food,2
P88864,0.38323371218099195,0.25353738330179637,0.6036916409631676,0.2438148132507246,Clothing,0
P11813,0.533595201401384,0.2268520132360834,0.7883884826157821,0.27860320696395324,Clothing,0
P86778,0.3853826674782076,0.5117272522986726,0.3735801252084179,0.16119300394966582,Toys,4
P48821,0.39833321207775535,0.49075642214115706,0.3694663500331592,0.42793994998998824,Clothing,0
P80176,0.34239523573454683,0.2431988717677343,0.5097182880272524,0.017149080973415606,Furniture,3
P18585,0.5726496054092709,0.4227936630057131,0.46002069228293996,0.2832058081681075,Food,2
P99209,0.44311560773884845,0.38898565491769554,0.14736764707190855,0.7294674221545592,Clothing,0
P17101,0.5211684280186942,0.6474523739060607,0.40579413785895596,0.2541007878039813,Toys,4
P23357,0.35320211365732007,0.30832229946851764,0.4350029011477327,0.40403686812813844,Furniture,3
P06115,0.7435770317708656,0.347355868813222,0.37448192120421964,0.37213087587055493,Food,2
P41828,0.4628801432020478,0.6139282037392407,0.38039550127033206,0.13762899352062258,Toys,4
P43569,0.4669153241533712,0.399687324119048,0.5568426781899605,0.2944888697539104,Toys,4
P12824,0.621577132341992,0.4357070237766044,0.4677720160730227,0.26766153958909994,Toys,4
P81954,0.25257376993105624,0.3144900547110907,0.47081635954919754,0.3526226606893253,Electronics,1
P77684,0.5173789919422492,0.4156323603194237,0.6252123929172734,0.41715447412912726,Clothing,0
P78829,0.5006124361442857,0.39995893388640963,0.3265292182453577,0.2085257276228632,Furniture,3
P75143,0.362035565312046,0.3441311319194672,0.4216749780218894,0.2348951417052941,Furniture,3
P13560,0.3458408754943635,0.40255497662571244,0.4143075668482144,0.07599081363442362,Electronics,1
P41905,0.32852511929606254,0.6438440454920612,0.41777594317118516,0.1516271741918742,Furniture,3
P56332,0.24936956629388526,0.4045925050529011,0.6876444873091969,0.2850129055092646,Electronics,1
P95165,0.5154327166399305,0.39664505188715893,0.35389097461469987,0.06968690654293089,Clothing,0
P18851,0.328377228183724,0.43124451770230104,0.5646984487356206,0.17345117974840474,Electronics,1
P91168,0.14358423506029447,0.40962573578677686,0.4889404849897049,0.2102484176869879,Electronics,1
P26706,0.27963823081555916,0.5075020530385099,0.2829399069159271,0.35083298222657233,Electronics,1
P34953,0.33723153501009967,0.6326099177380606,0.8096027442888,0.044115947956171825,Electronics,1
P61812,0.548151768236628,0.43076662852898706,0.4889404849897049,0.09966119994593886,Electronics,1
P78189,0.37336950447384354,0.40666651282921923,0.4084461393874507,0.2609856101627501,Furniture,3
P71958,0.5466591205466985,0.4285626222568746,0.46301053887473625,0.14521872774207356,Electronics,1
P30748,0.3258345296291469,0.4112508006369245,0.45186466032083067,0.3937285807788651,Food,2
P31310,0.5960051716922208,0.5665194556980874,0.44966150208523675,0.6952360650852465,Clothing,0
P32936,0.6112492083908029,0.49355642392923166,0.38571576285704157,0.2438148132507246,Clothing,0
P93179,0.5920420532266278,0.4781778960523885,0.42737081999796994,0.2560326056827842,Food,2
P87695,0.5493675654555592,0.33273662811682736,0.5158213096178095,0.043137472235228506,Furniture,3
P44453,0.439866934501977,0.32435023038756106,0.30142714856696007,0.2710163287514707,Clothing,0
P81501,0.7990537443322994,0.612647220534968,0.351098130031799,0.3085082094098314,Electronics,1
P71800,0.6599978951687642,0.5068103440249845,0.6791669585763622,0.1836158413386922,Food,2
P85917,0.19288424155963962,0.4499739655064976,0.46599521884036293,0.24893576919145666,Furniture,3
P91279,0.5902568116507027,0.42772340829517547,0.33873100910826875,0.5331845645494281,Furniture,3
P79305,0.49146809336654984,0.4474923238557579,0.5324850958784669,0.36214411291553517,Toys,4
P15105,0.418589332174099,0.5635893240510153,0.48111515356676265,0.19842865451967895,Clothing,0
P63522,0.7824797039020331,0.23789718635557222,0.6081615522583708,0.036645030288377275,Clothing,0
P03213,0.46560114092671157,0.42580113092262956,0.6252339086502281,0.2706332734200441,Clothing,0
P12117,0.4234198553747617,0.5608550589359527,0.3926812331894043,0.5314211834016953,Furniture,3
P67773,0.4542412172771652,0.301663470914517,0.4552285092396419,0.024509083955657235,Electronics,1
P20880,0.6452965439420875,0.33167796312800507,0.507586899258655,0.08885481410411894,Clothing,0
P11445,0.606647765848594,0.34508337351893464,0.6221741759853484,0.3678817973346386,Electronics,1
P83285,0.41548025684938555,0.3571089517850558,0.3914540011985298,0.17520559630895488,Clothing,0
P57579,0.3669964445873319,0.5541499584757251,0.46599521884036293,0.27735298482774773,Furniture,3
P87356,0.5163082814554567,0.30090362265784654,0.5743659304893098,0.2908913619593203,Food,2
P29190,0.7415057810831452,0.3895882407675804,0.6065251337886599,0.16738612506512512,Food,2
P14938,0.5116202503456797,0.36783571380904456,0.289701371227521,0.1384925043683067,Furniture,3
P06012,0.4702917059556459,0.45292326930197285,0.23558739494969433,0.23479468513719817,Clothing,0
P25356,0.379343899277183,0.4654365514601477,0.26159632857003356,0.28122192711624155,Electronics,1
P80682,0.4892615925427589,0.34168878710610223,0.39807155885896106,0.15243359390827604,Clothing,0
P47633,0.38316806225578853,0.361569594065024,0.36986707111592104,0.262458106035789,Furniture,3
P23169,0.622420313191436,0.5068360797002955,0.3480509744382836,0.29029881122497697,Furniture,3
P62419,0.48930877929947264,0.5711461968275546,0.14430091760920852,0.2835924706452874,Clothing,0
P44853,0.4416193283655951,0.17865955388883625,0.3251248794112882,0.4389263645087275,Furniture,3
P68524,0.4601201083867623,0.5262110295521517,0.6858645672820192,0.289877285447076,Furniture,3
P29797,0.275114018638836,0.31689645229515084,0.4401555859818195,0.2790088825963425,Food,2
P12810,0.5217933817642842,0.20707936253282844,0.7629227375381111,0.4922589981156801,Food,2
P87497,0.36945495714815696,0.5170888196033915,0.6347962739746266,0.4185287971405266,Furniture,3
P24285,0.4244092368241813,0.5670613551509157,0.4935089422866689,0.28885132872592645,Electronics,1
P00010,0.32268730439218274,0.1789966306028693,0.22553545955763493,0.28692132892520555,Clothing,0
P02691,0.40231520812928895,0.4016431026986426,0.3983441350597389,0.26289338005787327,Food,2
P46724,0.28286369718461046,0.7160738132246566,0.46599521884036293,0.1961313463193198,Furniture,3
P33213,0.3426658950890523,0.48986807875860466,0.5748023786729275,0.20935243130166292,Clothing,0
P89107,0.4784000753591668,0.286770622955832,0.4889404849897049,0.34964615183995135,Electronics,1
P38974,0.3407472779776619,0.6356687260799198,0.31733977269162195,0.1037524910599147,Toys,4
P06892,0.5977793857289336,0.4558622511029249,0.5530728165879969,0.039346772741410865,Toys,4
P49127,0.46109774626839906,0.28858193913444263,0.2799297836980205,0.4200745774167114,Food,2
P37845,0.45003216673985413,0.4047648352304283,0.7685497162196607,0.16115859774578772,Food,2
P46546,0.2068176557166205,0.471496379288111,0.5321227825433338,0.38401421214746934,Food,2
P83614,0.3913942925021656,0.47629642360468993,0.5696972985641452,0.32767941758436103,Electronics,1
P54097,0.4863508623595161,0.55723430799321,0.47126926390071433,0.21660604388400984,Toys,4
P47336,0.37518936571302164,0.4980043127146218,0.41718890985140006,0.30068958621056807,Food,2
P71037,0.45306151329214484,0.6131027741008221,0.8119919572077707,0.19511532648275653,Toys,4
P47740,0.6016068121277446,0.673934767934138,0.5692827209475424,0.1295685041303028,Toys,4
P96155,0.42342035583353677,0.3020051663671402,0.7040921892181433,0.30329045490610806,Furniture,3
P04868,0.28854571502980825,0.31075467565799075,0.3059025722993813,0.24964687391418006,Food,2
P90920,0.7346350955899907,0.3411452502591778,0.5224367028354757,0.2629206490348058,Food,2
P26346,0.3480467434944884,0.39219822189170306,0.22019149076788982,0.6080293797372193,Electronics,1
P82520,0.7322954498718046,0.4149502104996369,0.3600971489393514,0.43173549928082955,Food,2
P69350,0.7100691030176038,0.6182755328456366,0.5182557657772597,0.27116171170000275,Food,2
P37377,0.5802585813279822,0.46917310363275594,0.5480704919941022,0.4901718128475844,Clothing,0
P74340,0.5203547826583906,0.37364947973801615,0.6526542125988773,0.13611884007016956,Toys,4
P34986,0.6498109369381084,0.5817795819582048,0.46447242568676267,0.18688983067169818,Electronics,1
P28803,0.5596655954447,0.29085555391270734,0.4187847815427809,0.16306984894435994,Furniture,3
P93530,0.4907008832488776,0.4774268821543715,0.4422800561568074,0.14734631541981308,Clothing,0
P80659,0.33593620752036313,0.31966601061113326,0.6524431482555683,0.47386426655526376,Furniture,3
P53064,0.5357299087665308,0.44995371400787704,0.5634057997854015,0.16356005858829178,Food,2
P53049,0.5548482098129732,0.4177293577178819,0.5541015423790409,0.2201017656556702,Clothing,0
P37734,0.6420927605804285,0.6092151639667795,0.4226911713401209,0.17931085013734752,Furniture,3
P06466,0.6088896042200295,0.42200615552587123,0.7967354618964131,0.09583843565973249,Clothing,0
P20129,0.4644461513085764,0.5141269989099249,0.5845916588255051,0.3919252137730484,Clothing,0
P02542,0.2854697107357437,0.3264904654929083,0.36025272718178647,0.1862740864102193,Electronics,1
P01618,0.6155324456415712,0.42408158206480767,0.5185766779203305,0.23401298143550017,Electronics,1
P17286,0.4058133705742132,0.4876595783009562,0.4884431269900167,0.3279445663719713,Electronics,1
P70842,0.36899138230624645,0.41719968396556373,0.6472866732282665,0.11992876856663524,Electronics,1
P54883,0.3773285961530103,0.534516479388085,0.5307594172998387,0.45499721008943467,Electronics,1
P95399,0.44784795417930234,0.5932364211976346,0.5522288208466075,0.059825801739568425,Furniture,3
P25904,0.3652618791428199,0.4116732414727323,0.6854560892981639,0.24692367587157762,Electronics,1
P79609,0.45003216673985413,0.5677979157857334,0.44324782046717465,0.3884905894782677,Food,2
P90437,0.42881966586351317,0.2948357573899228,0.43282205165708887,0.07455836658674674,Electronics,1
P83238,0.6637102583875036,0.3026324553132517,0.34599039216881483,0.40456981179209045,Electronics,1
P80457,0.5541234810399921,0.49639266046186703,0.5563636786108933,0.5223294832868574,Electronics,1
P01537,0.5206656924237648,0.5888007019026511,0.7907540541589749,0.2573731939540369,Furniture,3
P45839,0.6640021020509058,0.2775526498812084,0.29299943806800377,0.18278476891726061,Furniture,3
P64857,0.37902517058249474,0.48422418083995666,0.1861925934392867,0.12057176181784972,Furniture,3
P61049,0.8017567814449639,0.3080585746322048,0.5618732902656624,0.2348624703144214,Clothing,0
P38490,0.4962487166334026,0.20976371562865553,0.5172034119204163,0.4962068285766222,Toys,4
P93034,0.5553919002338703,0.45103590375201535,0.4038044756336495,0.19298691528862966,Electronics,1
P45015,0.3635619640395043,0.4550118367932413,0.08307915651149916,0.29189641489579676,Electronics,1
P91753,0.5725221230909632,0.46013083892708245,0.4721122277455788,0.42769473936503244,Toys,4
P18587,0.9999999999999999,0.37834123608146475,0.38291712661388577,1.0,Toys,4
P01793,0.35665733870752364,0.5873695632905968,0.8164613847163023,0.37904264153139383,Toys,4
P21765,0.5990749236501672,0.3448391913913881,0.47114416594027975,0.331791783526337,Toys,4
P45641,0.672203532389343,0.3582825911326676,0.2924736866087105,0.2204347068594497,Food,2
P45258,0.4083113988571973,0.5766061146542004,0.4039218848947041,0.32932793953117273,Food,2
P17207,0.46560114092671157,0.589643937031805,0.29665066649823196,0.061032719560245696,Clothing,0
P03648,0.4373369426881299,0.503310656805167,0.4646182597542514,0.3814716391415356,Furniture,3
P49701,0.253805695427687,0.3206410076646683,0.48840012920696424,0.020505747144415668,Furniture,3
P53843,0.323920528911737,0.4003282743826783,0.3298635241470365,0.3689507519481239,Furniture,3
P84621,0.33084929474179803,0.42548666988015316,0.6324869175586798,0.2782089427555893,Toys,4
P62143,0.45605274034776894,0.3729201285204113,0.493899515546174,0.09089806395634926,Clothing,0
P36635,0.45003216673985413,0.27633559527947055,0.2917424284764763,0.3511278064678288,Food,2
P09875,0.6117784452289771,0.39334336689352567,0.653954252758287,0.27113709272428577,Electronics,1
P87053,0.45770932629046124,0.43020164052884835,0.6742002385379773,0.21984418659221938,Electronics,1
P44901,0.3526333120929886,0.7750616934383461,0.30482264136716414,0.32590069964285967,Electronics,1
P37349,0.411650823373019,0.39930169134964966,0.5876196731805565,0.10694278966958469,Clothing,0
P08545,0.44897536538783184,0.5737191404006341,0.4335737062053682,0.077588242279839,Food,2
P25578,0.5277928011865566,0.5628925090134297,0.5040504827321146,0.05343863344583918,Toys,4
P41163,0.15968231803318625,0.3896561464161564,0.5490081600790794,0.10194051364042593,Electronics,1
P48003,0.9999999999999999,0.5659395970125154,0.6164780919952658,1.0,Electronics,1
P00351,0.46560114092671157,0.2363883940002734,0.5932644242587032,0.5890868046456518,Clothing,0
P20780,0.35859887932427714,0.5345702251546693,0.4571776040723078,0.05284368325980594,Furniture,3
P88660,0.5308393892176527,0.34766116534146096,0.4340919972959363,0.06294585370944164,Electronics,1
P15487,0.44784795417930234,0.4268247797569161,0.7524495134213469,0.21444862951715973,Furniture,3
P29355,0.6102086186044147,0.23806737608067807,0.30404079988401117,0.45008820862127574,Electronics,1
P91852,0.49911000138321243,0.35899324948378475,0.26171190213707574,0.17585077336807897,Toys,4
P08514,0.5756737503453269,0.5861800171739335,0.2590243061003819,0.23196318258245452,Clothing,0
P10635,0.5666070888874205,0.6336200297718662,0.6779780434515579,0.1644119887169138,Electronics,1
P69393,0.9999999999999999,0.3676313867604186,0.49060171572831807,1.0,Clothing,0
P53586,0.4331176393006553,0.5217618765497115,0.2706592338575868,0.09356435331083904,Clothing,0
P93117,0.2501996882760256,0.2965947464206387,0.6657680297941624,0.5953224698752525,Electronics,1
P98217,0.46150607321388193,0.40181582922334713,0.3234550281743339,0.5314087826414718,Furniture,3
P55084,0.4628801432020478,0.38741586343240186,0.2652581974252455,0.09433190137560654,Toys,4
P16695,0.5791298611419186,0.621460142962765,0.296488740067787,0.379469556163366,Food,2
P72869,0.44981442355254636,0.27553648278271886,0.46877581944187247,0.7547156966589594,Clothing,0
P17401,0.612617952893668,0.46456891613012496,0.5498518959692881,0.2609856101627501,Furniture,3
P19549,0.471857813784168,0.40417568176107455,0.40779166856123145,0.34770780080174807,Furniture,3
P13147,0.7048543553814346,0.49578134378220495,0.4936667746506131,0.5212508330538805,Toys,4
P02017,0.45664399811464096,0.21834097937596092,0.6233947692731359,0.3516214987937479,Toys,4
P45154,0.6262496414039662,0.39606688442146265,0.42333800352218337,0.31406491740800685,Toys,4
P96778,0.3069354079406149,0.6526238331292117,0.23809817110429446,0.19874756507834182,Clothing,0
P60229,0.6368112465837427,0.4227152207114371,0.41828419155567875,0.04065406926973572,Clothing,0
P69239,0.321434503749526,0.29940742122206987,0.20157593999422108,0.2273466848965503,Toys,4
P08355,0.5883453939204686,0.24479213834941138,0.6186829560868212,0.16264448328974726,Food,2
P07299,0.6240836011681828,0.5982265968981327,0.23295218052072364,0.1942575618453449,Toys,4
P52374,0.34729018971138764,0.5022188361333049,0.15321278951310877,0.3581327119963302,Toys,4
P34750,0.3720942732216848,0.1659967933376641,0.2892360041228949,0.36066233141643506,Electronics,1
P75720,0.5914953285435308,0.5099559199984687,0.4290736122350166,0.23825520075782447,Toys,4
P02700,0.5205811275239288,0.3312356208958619,0.7002920830392731,0.4644117193019538,Electronics,1
P14388,0.7340824209939544,0.34325304168388554,0.6973119144477397,0.23113474183875474,Clothing,0
P85346,0.329291394654096,0.282612324369348,0.6671979187809584,0.04630969785967986,Food,2
P34161,0.3357437494829876,0.7208110523423438,0.23110886523454346,0.17382301403390954,Electronics,1
P97686,0.25776760934253595,0.6773244830041304,0.6980318378285546,0.27201202995693313,Furniture,3
P76661,0.7833060598260249,0.5413866862200765,0.5920093928960044,0.2438148132507246,Clothing,0
P29314,0.5587946993250983,0.3691426671912633,0.12433186264231497,0.1385040659944422,Electronics,1
P26192,0.4361846289947816,0.3983959555945336,0.18202943560338744,0.13168972139730367,Clothing,0
P79473,0.43111868683834237,0.4298887305663479,0.5277034638495783,0.36483440361082103,Electronics,1
P42090,0.37514489786200783,0.38293108199658177,0.6331502301792711,0.6743878418954083,Toys,4
P61623,0.3398600341687042,0.30506301885227743,0.35640334253077316,0.10128750928978404,Furniture,3
P31197,0.528050658895539,0.4123749291002086,0.29011720222399107,0.07896337483581883,Toys,4
P69341,0.4777678677352197,0.4382149764754796,0.6166329384499846,0.39467442293956057,Toys,4
P93818,0.5070442303841759,0.46716627321895837,0.49077797895715153,0.3746192489907786,Furniture,3
P37629,0.5193961418595978,0.5564079046390031,0.46400496428357046,0.3078991749466796,Food,2
P70137,0.3422619332625488,0.5719522412956474,0.3194883826997291,0.3550345998504238,Clothing,0
P51575,0.36376715386615016,0.4293957337823281,0.5026502816037506,0.4564830047060572,Food,2
P11139,0.3511379956279226,0.40097965097168525,0.5496671854062688,0.5464930315841648,Food,2
P38118,0.379586567129566,0.5368698912154704,0.363530433121922,0.3801711364875856,Electronics,1
P83413,0.6490712927203737,0.43025638443863706,0.640258452767974,0.4674000243431378,Clothing,0
P85671,0.6940442571521133,0.39456491809200056,0.507586899258655,0.2447112121958592,Clothing,0
P25509,0.21980821048799354,0.2981915837267945,0.18738186337877707,0.029915882107637258,Electronics,1
P51655,0.44835705743612836,0.38070990576063857,0.482313756792629,0.28701772138745907,Toys,4
P96797,0.48454871944373734,0.6672984108564015,0.32082921925668584,0.39607487519655266,Toys,4
P31738,0.6359225508315964,0.40333532246121845,0.7432724751255376,0.17613584818656705,Furniture,3
P14615,0.38494861197794106,0.4909776689886092,0.6330828368314092,0.1744226124140703,Toys,4
P37750,0.5510013260476521,0.46648002693574914,0.21353336970331752,0.10946307464631715,Food,2
P90343,0.5665882615684267,0.353791048911163,0.4364008754733224,0.05194828236039695,Electronics,1
P70586,0.6347059932093219,0.4627647718795146,0.31148821568017093,0.06668746970959312,Toys,4
P72000,0.1726791344745792,0.3180736079788085,0.4414053705926445,0.3974804323740033,Toys,4
P57062,0.38856373518072373,0.5348666432078116,0.670245967524464,0.34083362456148375,Electronics,1
P26018,0.4565370031358513,0.6577450092381217,0.5403682433370585,0.3811439678737692,Furniture,3
P59839,0.2680598065854656,0.2234441091093422,0.5544057334386379,0.16030575977778955,Clothing,0
P76408,0.2792012760230253,0.49835552302273256,0.5571833529484564,0.3035470524939134,Furniture,3
P79885,0.5440936833183977,0.2565381375416364,0.6041654094207066,0.25002577094060324,Toys,4
P18361,0.40404641927574,0.5526098514478266,0.2547488601688091,0.18138872087928315,Food,2
P68040,0.1616777387248951,0.4734750260639573,0.5037199498475832,0.27834319083784637,Toys,4
P71465,0.3013454779221621,0.11718620953292568,0.6981934910875984,0.20492899604190642,Furniture,3
P55258,0.16521854440426667,0.3354258975573797,0.4057718862197047,0.42771185795457506,Food,2
P32340,0.5124111569212669,0.5243090194844394,0.8497047668861838,0.04369277737368138,Furniture,3
P20110,0.574709092050706,0.4876187207721261,0.3440977069766314,0.21735749253942055,Clothing,0
P06205,0.5117022439530381,0.6244264157850569,0.4986686596025662,0.1154400604169127,Furniture,3
P24214,0.3385564898754322,0.2972162282562549,0.6333956324051723,0.3484126741391036,Furniture,3
P03864,0.49107645483890283,0.42030855375378756,0.26172300997330333,0.4868295942688815,Food,2
P28412,0.5855264431516234,0.5577565359701134,0.446428394573812,0.13695507145698416,Toys,4
P67393,0.30253088291753694,0.44793790475750517,0.3370875991025651,0.013621786430083589,Furniture,3
P94024,0.14188604205334154,0.38922209313700257,0.5270729444948979,0.2812005245806584,Furniture,3
P24736,0.396517408593349,0.30582239147430423,0.322512280816083,0.27017444746241726,Electronics,1
P13374,0.21182178120518325,0.5910518752004235,0.2750600349811128,0.4215162341931909,Toys,4
P23315,0.7481426165973077,0.4227936630057131,0.5994961074117294,0.4658811717323197,Food,2
P50788,0.4516729343338637,0.49521026735548207,0.35619481762446525,0.44314678049986894,Food,2
P73933,0.4773040489874334,0.5833867387279752,0.39703435057539704,0.29554016670877536,Clothing,0
P16802,0.2480919594055969,0.23236441977449812,0.46599521884036293,0.5146736064863071,Furniture,3
P72130,0.639653468530668,0.5670721187065698,0.47126926390071433,0.12398306197149489,Toys,4
P72333,0.7419022906081361,0.4525155547071503,0.19258077864061754,0.03789640908369938,Clothing,0
P41370,0.455882070536159,0.31287557771678004,0.4751547296920577,0.25002577094060324,Toys,4
P07969,0.34576327402128587,0.5069711639232657,0.244884767194496,0.25436505029982936,Food,2
P39400,0.40207910034635086,0.49571483132785654,0.31779830081184185,0.07100163434820038,Furniture,3
P49229,0.4738561385704854,0.34664983805407285,0.6683754032003554,0.261308273867231,Clothing,0
P99393,0.4201747057022762,0.528529564116402,0.6645088814994858,0.37010035477791553,Food,2
P79114,0.3622106119961214,0.40749981228434323,0.46599521884036293,0.3955323958962146,Furniture,3
P28546,0.25645688141156264,0.45776632397187494,0.30560677780609957,0.09074694262187583,Food,2
P75395,0.4652442962609595,0.46573929747390436,0.39593914610184144,0.02327475491556714,Clothing,0
P27035,0.37330121405450917,0.3782888194951266,0.251887652594394,0.27057826632248,Clothing,0
P82780,0.2922198856920091,0.37597255421633885,0.3799162412848501,0.3749598512606273,Electronics,1
P42324,0.44560231375025183,0.37526752119897905,0.2437438216178545,0.31249236756247284,Furniture,3
P39004,0.31111482491478026,0.5022898628393173,0.8569738488483124,0.46486710529870334,Toys,4
P33572,0.5941611335516889,0.5419886323799683,0.3074167656544167,0.2908278805755071,Food,2
P36905,0.6038460908726091,0.3733440753037121,0.6489390055395102,0.26252107002019975,Food,2
P13250,0.449368352786402,0.19998401031595614,0.7206112129813717,0.027336874082277886,Clothing,0
P04838,0.6599199246227725,0.37661357584921074,0.5520374515599874,0.19848552102194475,Clothing,0
P89311,0.49306156328775597,0.4348040419779822,0.8210893118409857,0.10707628191327082,Furniture,3
P52034,0.5113765589095547,0.5476898130740675,0.5373955939248145,0.19576826624709176,Clothing,0
P59601,0.07498070165441942,0.20424118424606014,0.5225463167763073,0.24538909258357136,Food,2
P12766,0.4770342645072675,0.5220797303199449,0.48671889067424473,0.24463359603933557,Furniture,3
P09557,0.491358682737559,0.4960442616478294,0.38969658354975273,0.4289556928628372,Clothing,0
P82351,0.3005468915377988,0.42732872491722496,0.414994507950852,0.3342965641305051,Toys,4
P81854,0.21650165170396327,0.44335670692961443,0.4889404849897049,0.25595033960774205,Electronics,1
P87724,0.7402335178640123,0.4465971234597975,0.23135541008384347,0.7035399180094768,Electronics,1
P79585,0.6463128967986256,0.39037942992579044,0.7132868055084123,0.06714776084923957,Food,2
P14557,0.47350649272144113,0.504158827764569,0.48905375295750225,0.43862035084536755,Toys,4
P39087,0.43738233180400965,0.38662995041520287,0.5087228391526865,0.017057320102540893,Clothing,0
P66667,0.4353209341306643,0.11123677603689891,0.3160716556626627,0.012093538868776146,Toys,4
P09336,0.5967509496329065,0.40508984353579014,0.46002593435345246,0.5656285253043041,Toys,4
P21882,0.47351112158175024,0.43572597882633984,0.4967907823157188,0.2951518228041555,Toys,4
P82738,0.4409903354113333,0.4394499099108799,0.4548747534279368,0.27782465358710906,Electronics,1
P61879,0.555478776654855,0.6378641073215008,0.38689281135275627,0.3921308798123691,Furniture,3
P60874,0.462908991199404,0.27602779311165193,0.5254163225385402,0.21189420953945087,Electronics,1
P32328,0.5335436707190467,0.33744435419353713,0.35605929505100264,0.07427852247433715,Electronics,1
P49026,0.09467216786869687,0.34994714426589585,0.47358690242721335,0.7309147501727987,Food,2
P97788,0.332737992611537,0.27006241020758437,0.2626588280624993,0.19062262034086186,Toys,4
P76832,0.36928152122443386,0.4259945147297128,0.3311146564194404,0.2560318639117304,Clothing,0
P36681,0.39527779693122495,0.45657707388831914,0.6123754183792396,0.10682418482048903,Toys,4
P42410,0.5236785914273417,0.5051577375445927,0.5492286149219235,0.03522079481423404,Electronics,1
P47194,0.4160038219736039,0.4383832756358056,0.7888809522938397,0.15196487617536464,Food,2
P88708,0.49201254342091,0.6874690204557113,0.6532003151031784,0.2579635990337463,Clothing,0
P54532,0.26575170466917586,0.5519438496872778,0.6420945814921806,0.37401945106717666,Electronics,1
P57829,0.5598185405594895,0.44939258006456123,0.42691206674181476,0.34145718498367883,Toys,4
P89395,0.4881222283214625,0.6367753250055449,0.507586899258655,0.3173211266426715,Clothing,0
P59755,0.41188981354260307,0.6157234938624204,0.6213361353623579,0.12174820178897924,Furniture,3
P14419,0.45726937502756376,0.34737960751604735,0.5764328232403404,0.3303086734756483,Toys,4
P76887,0.5331609171462705,0.43779633082044134,0.6631145470269112,0.3827731180980473,Furniture,3
P39024,0.5164070787549475,0.24812230871367447,0.5108720607778534,0.5741898899942944,Clothing,0
P19126,0.27405673276292275,0.42505617454125455,0.8305802632791073,0.5363774174381232,Clothing,0
P23348,0.4759268650224677,0.5601712601861072,0.8461872685995012,0.4165239319336888,Food,2
P22914,0.388500582543253,0.6326730248159227,0.6180383567605868,0.4143236727562216,Electronics,1
P09053,0.26972455672269985,0.42749992407790915,0.4579832929721536,0.20557268045235227,Clothing,0
P50532,0.6619459148008767,0.23941696493184972,0.7422321425465057,0.1721726365309166,Toys,4
P27118,0.3293845157158613,0.4134516638164869,0.3342820637426199,0.34551658253275513,Toys,4
P58537,0.23204146864573827,0.6455299259965294,0.4230734111141435,0.15885728045301137,Toys,4
P00973,0.38685975474536033,0.5606164076959944,0.5008555625853125,0.2682598571946926,Electronics,1
P96507,0.6569632912483798,0.4488471017795413,0.42503594033629033,0.3679299604869497,Food,2
P36770,0.4853598662906531,0.646752751057463,0.5924906303727984,0.335449153776615,Food,2
P65442,0.4962156022598818,0.5490806480329101,0.27809602200307315,0.17027032787637694,Electronics,1
P97902,0.3083543283293805,0.3381768697873701,0.45466738478380286,0.6380570167603327,Clothing,0
P53256,0.5203350989812943,0.4209837622602678,0.2720104425219625,0.45246294737602183,Clothing,0
P68473,0.4208666109547547,0.3271497709729753,0.42791385046733255,0.538676286360305,Food,2
P74894,0.6678274972227567,0.4016792363371732,0.43756323994395446,0.013677839612767032,Toys,4
P30238,0.564956485310756,0.3067014173902643,0.5174306065541234,0.28153883786420064,Electronics,1
P31700,0.39672053796339923,0.20464137524744824,0.5664929122924891,0.16406537548558145,Clothing,0
P80514,0.46664622000642275,0.2901853397704038,0.5948399998423186,0.2438148132507246,Clothing,0
P95505,0.4949291212592269,0.314968144689197,0.3476957348340942,0.2828067649134138,Food,2
P98695,0.529070148970098,0.3819609384249594,0.4168855906817543,0.26289338005787327,Food,2
P50511,0.2979944744741973,0.5510664838221124,0.6810811600798083,0.1874436562617661,Clothing,0
P57688,0.5322272187268539,0.49918715047195233,0.0760529748072043,0.4128548232506939,Toys,4
P31350,0.4671404263305069,0.42520672350202476,0.8503890872329708,0.1844949825137708,Food,2
P71436,0.6714204668405342,0.4937227829661455,0.5303878876533525,0.5381778052347668,Clothing,0
P21204,0.3661278678631956,0.5722654562695249,0.391326521696338,0.10298725670904264,Food,2
P41525,0.3600826967876269,0.3621397796775465,0.5875054339005793,0.05261807226562259,Toys,4
P52150,0.46324361287869736,0.4929355330498316,0.4793908206608181,0.14121600947353352,Furniture,3
P94332,0.2868902278583062,0.5584854219814994,0.148068198602399,0.3837230491305419,Toys,4
P03537,0.46560114092671157,0.32949010913008075,0.31183448473661657,0.4652606209726244,Clothing,0
P09746,0.3418787638465065,0.4309263158361468,0.6580888713728013,0.3657921586955372,Electronics,1
P05509,0.5584878823260041,0.5638486195662775,0.318822656235833,0.137249617791001,Furniture,3
P75422,0.5275068029878562,0.397460002188139,0.2961602744243166,0.28519576605343583,Electronics,1
P76500,0.5678718378914709,0.4969131870483396,0.22557912887373816,0.6457666670316982,Electronics,1
P41343,0.3663202192754699,0.4409929647925593,0.38679351632128545,0.2684124273099735,Clothing,0
P72002,0.47869824511850495,0.5175419851297698,0.41756347384574743,0.18593439891399283,Furniture,3
P87884,0.5728609296132903,0.5323237301480072,0.5288651543800723,0.22438768059103154,Furniture,3
P71267,0.3669798420599893,0.18002897825712288,0.45551069960119983,0.32612886321577417,Furniture,3
P59863,0.5953006751609511,0.5012522935776037,0.39308724770453163,0.3313250683933468,Clothing,0
P29778,0.5284129145056301,0.4227936630057131,0.3365311937211335,0.23591135403764826,Food,2
P82164,0.5194114888706971,0.35927348484664523,0.6218557348944864,0.2380542352011833,Electronics,1
P94177,0.6499973891812406,0.2884771805173087,0.16647070293752048,0.2642164619760821,Food,2
P54266,0.4636863904483336,0.4904179885630204,0.520145967471183,0.2611075923223659,Toys,4
P95351,0.4925051634067209,0.18891469232977381,0.7457133976531476,0.21685469284156375,Food,2
P81812,0.19824130870196724,0.5547055600918339,0.4887634085288512,0.1903509878417253,Furniture,3
P17320,0.7303813051146822,0.4718374201426493,0.3523528037103239,0.4485589470699289,Furniture,3
P79025,0.3464776030296234,0.44975246089971904,0.45212819916410374,0.26304703303970167,Furniture,3
P81001,0.515863737068092,0.34060337099487953,0.39147852157416085,0.419429678822616,Clothing,0
P92987,0.6063258821749008,0.5284740266260662,0.5287189005350916,0.37520565636151065,Electronics,1
P75525,0.6758339224417272,0.3761258171835563,0.42187897352877685,0.29378964055950746,Toys,4
P74011,0.5639843558526652,0.5248019525255793,0.36726283732601667,0.477395229015,Toys,4
P18623,0.5428962251986699,0.4633711789861983,0.47760111231793384,0.5869733302468952,Furniture,3
P81362,0.6257348514688449,0.35896258125442654,0.3713734149362114,0.14784117225377658,Furniture,3
P08239,0.4910878019388253,0.40433098984081395,0.660641764210605,0.36502081804177255,Furniture,3
P32111,0.44784795417930234,0.29135756414541514,0.5114543495033277,0.43822687067182725,Furniture,3
P76092,0.2486688976074564,0.6787695050566496,0.46599521884036293,0.11006478991538836,Furniture,3
P97078,0.3531690968466091,0.476066139235843,0.5730060726337465,0.3637690371412658,Clothing,0
P07804,0.5426088304247314,0.2784957229419172,0.26249337400489564,0.1882167505156155,Food,2
P85442,0.5409323306345761,0.3935511626749556,0.7026647580819091,0.3031198017738868,Clothing,0
P12748,0.6855428294668758,0.4166660120520734,0.46851602860829533,0.45538200257136324,Food,2
P21135,0.32978161089132785,0.5646315239364255,0.5201256467067782,0.414508640113973,Food,2
P63474,0.5305380013168544,0.29346674802635997,0.29362969822553886,0.36056123056465084,Furniture,3
P08806,0.3433451162105756,0.35659768998388724,0.45764399725134064,0.28122192711624155,Electronics,1
P19538,0.5773458671893299,0.36650798822787517,0.6190111183484615,0.3013602186733615,Clothing,0
P72729,0.6180690153746995,0.43572597882633984,0.6458594197529454,0.3144705085018036,Toys,4
P73957,0.17756615364718567,0.22488006152417161,0.721684595773133,0.21653893729278814,Food,2
P26076,0.4718755820676566,1.0,0.2639877323356019,0.4253422826913755,Food,2
P65666,0.6639526094211847,0.5349889755560517,0.5589221180332227,0.3750233367403218,Toys,4
P84494,0.5590741771654433,0.34322490180228166,0.20188455649441234,0.4945878616988075,Toys,4
P25199,0.46483185660936027,0.5606348208871302,0.8160381426974468,0.06905740002671731,Toys,4
P88207,0.2890105864087658,0.46058294657919313,0.5511273262342175,0.19052162826278563,Furniture,3
P93340,0.5361583796459095,0.556733817033056,0.7248552347474307,0.3219609717666929,Toys,4
P57425,0.27785812432576795,0.3920245834862484,0.23429506805788436,0.32351603330860274,Clothing,0
P78846,0.28111472985929464,0.301214276805293,0.45352026557378466,0.5204264080050989,Furniture,3
P45582,0.42619105968572707,0.6278642562481399,0.5483104405432835,0.2284758583865225,Electronics,1
P75421,0.6264788264647868,0.6380495697546011,0.14084844170547575,0.285627912096241,Clothing,0
P32627,0.2525803702767897,0.31002229425327404,0.7356289366097604,0.180921696164507,Clothing,0
P78150,0.5126906787446874,0.06582133046711044,0.672305211576966,0.013387622109383653,Food,2
P54816,0.45836500769665556,0.553519849797626,0.39614247400297314,0.38116345066517704,Toys,4
P58373,0.36843903421879737,0.6191597167823146,0.692069232048663,0.14854299646768748,Food,2
P62105,0.39508602931541714,0.6179124991600073,0.5268885550920773,0.5234363386567035,Toys,4
P00017,0.40940290113004146,0.43773511923286457,0.5523208870489197,0.3475978072807104,Clothing,0
P99036,0.4030146391898167,0.357655259566117,0.5988511975365611,0.27809591404325634,Toys,4
P31548,0.469765541240403,0.42388569762634576,0.4715942631143069,0.2822215002981096,Clothing,0
P99477,0.40385443094940493,0.8824721352453533,0.5633341139935121,0.43733616845575196,Electronics,1
P07269,0.4505369806828519,0.21832514618777454,0.3186435836084592,0.30952306367594523,Toys,4
P40550,0.24191491091296458,0.27674616366955135,0.4855349690435619,0.17842063943250355,Toys,4
P40455,0.5740062853573922,0.3375206316578479,0.6700459618537686,0.19774052549197488,Furniture,3
P27566,0.3510000497454379,0.32646479776124937,0.3091353164684935,0.06405094383463415,Furniture,3
P71206,0.23778982665033432,0.39745272099672724,0.7738705993401686,0.18832928731925577,Toys,4
P00602,0.5403678220832427,0.12492484925300004,0.47254156030482103,0.47525177379996614,Clothing,0
P85553,0.5596438806245113,0.4295966213435848,0.7720214892631208,0.22991575027777233,Furniture,3
P76155,0.4876617934610487,0.3627804095511071,0.4164749238196905,0.5312340758317039,Food,2
P62579,0.3706417841654342,0.309717376324488,0.31803301562953884,0.2550488696043612,Food,2
P11847,0.5808059675948861,0.3956935693456021,0.4178637675944854,0.3694436160242644,Electronics,1
P47976,0.6060185649425186,0.129238350734462,0.4077194090880411,0.17517641636318165,Clothing,0
P65795,0.5909246027652563,0.40724305081356865,0.7135570457002915,0.18399345087101793,Food,2
P41992,0.4759111860905227,0.5276216124172315,0.6449112358031236,0.25002577094060324,Toys,4
P12393,0.3797901011936175,0.11520883978583796,0.5925392900163523,0.3648509016158731,Furniture,3
P87413,0.5444533280454346,0.6841633012337789,0.37318842301978106,0.18270598017590345,Toys,4
P44451,0.5697386347430479,0.8593178129783586,0.04851288339936657,0.09790683049441137,Toys,4
P82473,0.31261247498505906,0.683037670469782,0.32691122504359627,0.4372409860566387,Furniture,3
P20386,0.7324810054411849,0.6108888345225526,0.17533833832265383,0.32739530974809267,Electronics,1
P33687,0.651764827437339,0.3952804417721017,0.5130694706604502,0.3957201801862132,Electronics,1
P66003,0.5006355132275814,0.31589125283139063,0.5759650977129392,0.3990975999636912,Clothing,0
P81406,0.5464025298375867,0.2915686313751296,0.4357057952487387,0.1713775587757463,Toys,4
P81988,0.45003216673985413,0.20951957282793027,0.5080517841571991,0.3692888357375968,Food,2
P65819,0.44817291968918355,0.5969430766833025,0.5096020522975717,0.2593834263430587,Furniture,3
P21792,0.5967780465764667,0.5018710145623299,0.5353490182399894,0.08568060260033522,Food,2
P58442,0.3961714454867955,0.40669688884911376,0.6820066053484772,0.36764887270176594,Electronics,1
P44275,0.5782106383575109,0.2847018367769304,0.6368435187502984,0.5990068341495245,Food,2
P41554,0.281678039320313,0.5620066414129894,0.39648202482400996,0.3000565646183495,Toys,4
P70196,0.4170397745188216,0.6597417147469642,0.6019086508522049,0.08963890849426219,Furniture,3
P63460,0.4342788984373102,0.5157676402171809,0.3834394540305775,0.4279057285435993,Clothing,0
P07334,0.49933805089888295,0.47907897078279954,0.5044460252918899,0.3586018004346805,Toys,4
P45369,0.36992941947233443,0.5235601882466536,0.5601409459049568,0.32490177274463966,Electronics,1
P04252,0.38143659037441596,0.3000501738625772,0.5265602310925915,0.2522893398693099,Toys,4
P85585,0.4471428014609648,0.4377217613345248,0.4604449804494653,0.33227230656389184,Clothing,0
P47553,0.33648439933708313,0.35578949837493196,0.5064042366865483,0.08607446398180826,Furniture,3
P10835,0.34974066280267185,0.4975808269109447,0.4660536947484828,0.3520027023536827,Food,2
P59363,0.45979831070701865,0.41583057927599026,0.5125427274746687,0.23997630044393062,Toys,4
P80246,0.5772260780006712,0.465937844547106,0.3765537333516424,0.37987997883895036,Clothing,0
P93108,0.5173772813881443,0.5315604405920463,0.357554169130068,0.4890178783998843,Toys,4
P67486,0.5365680616546578,0.356390339818861,0.48660908938777486,0.18868917242288993,Toys,4
P70018,0.7430087675709813,0.623377027362943,0.21197118414437108,0.1684255177006424,Clothing,0
P67921,0.3038485834699541,0.8864788988355394,0.4889404849897049,0.43383221023396695,Electronics,1
P36661,0.2321359901652259,0.40528970818996685,0.47196356274118545,0.10981125633007827,Toys,4
P04006,0.23940192366100194,0.4698506883270918,0.4755647677030765,0.2438148132507246,Clothing,0
P45256,0.7857150769741825,0.42388569762634576,0.2876714805564913,0.1836412778620787,Clothing,0
P95842,0.7566795051656813,0.562899576603351,0.4047884858643658,0.2581056576686293,Furniture,3
P86336,0.2243098119776179,0.5233242935490131,0.5923848924020698,0.21686451735763163,Toys,4
P56277,0.48221157768378403,0.4649133117566764,0.1881301823870401,0.4701065076710103,Clothing,0
P42022,0.44784795417930234,0.611940647628551,0.22985346683413738,0.24211262451230425,Furniture,3
P88421,0.4054533533314417,0.6952191773840702,0.5801756529482994,0.39028708750380814,Clothing,0
P57071,0.39923444317258283,0.34172667080829217,0.7450516545811529,0.5253153520338891,Toys,4
P82464,0.5584889265518048,0.7316757982719043,0.5569120488395344,0.05577920073669698,Toys,4
P45553,0.46936492076211617,0.12470492792380852,0.7385404040341055,0.21273965743393275,Furniture,3
P02973,0.44784795417930234,0.46274623687838645,0.5965336049399648,0.2682476030759035,Furniture,3
P09665,0.3638831073143829,0.3866670581759259,0.5723164144769646,0.10322988912077115,Toys,4
P77070,0.46475317771042934,0.4017019712895471,0.42574352607246124,0.4124935550794065,Toys,4
P33883,0.4123933251455,0.3637316896695811,0.16512396840457333,0.2049003418191711,Food,2
P90588,0.6006440227350657,0.4441599986240219,0.7029555002884554,0.0880911190373396,Furniture,3
P97363,0.5141933678430756,0.4394499099108799,0.35272832937748866,0.07116650534508306,Electronics,1
P16041,0.31000619901832677,0.37032578356143003,0.17570381001296626,0.15900906328113049,Clothing,0
P93670,0.43781718201418784,0.3571493861458966,0.32658386330095684,0.7145362956143927,Toys,4
P26339,0.3797421362481307,0.63249768392266,0.5048568931356934,0.3120960946458191,Furniture,3
P54947,0.41213732156305627,0.3787918878318127,0.2756557021364165,0.04657637244663441,Toys,4
P84682,0.23513607874712694,0.5265901205479042,0.7997768890067479,0.3967642322750187,Toys,4
P49979,0.5779957710463248,0.616410573579666,0.28036697839147984,0.4645468275385771,Clothing,0
P13044,0.4226176344982029,0.3429729627519136,0.20244221021488493,0.1640444976143003,Clothing,0
P37338,0.4772621042857644,0.2438130516247045,0.5200415793216439,0.09270705977117054,Food,2
P78355,0.5803940442878555,0.4396450540066678,0.3596269410324397,0.3763673182696023,Food,2
P02692,0.5507029154602707,0.48892081478079225,0.3493509544367299,0.4288488418625167,Furniture,3
P89833,0.34933313541780947,0.27195002099736815,0.4664940740901869,0.182640096789891,Furniture,3
P74679,0.3699676538881829,0.5160160029934765,0.5885978553489825,0.15600818743559813,Electronics,1
P93505,0.2798202427195294,0.5717109760109435,0.75304354131637,0.2907148967756765,Furniture,3
P62900,0.46560114092671157,0.3973603330051402,0.6023504957794763,0.2438148132507246,Clothing,0
P19385,0.42851313998989676,0.29260089536383,0.8523287775570891,0.22069214635287313,Furniture,3
P90078,0.5179710943745509,0.4153912063589167,0.2966535633444888,0.18946124153523752,Food,2
P89616,0.7056606134483558,0.43195505677358825,0.1646860227227171,0.22417453033532114,Furniture,3
P83287,0.6595853363504296,0.21554950859062555,0.480038268479719,0.2750100116005059,Food,2
P14948,0.47369789226112263,0.4819338079204,0.38851622970046074,0.023484301411389998,Toys,4
P96209,0.5778386755335878,0.12192241681614371,0.7478902399211373,0.3303401112300256,Clothing,0
P32700,0.49415681096408826,0.4816338824093315,0.42209903790295317,0.36486287826779884,Clothing,0
P94938,0.42467515384990434,0.5316018378162181,0.44341451837023366,0.32763496373949996,Furniture,3
P92037,0.49431293390471737,0.348283286622129,0.6523089070349392,0.33132669237744133,Toys,4
P22692,0.43823972397080363,0.5415743039255235,0.4885249208454853,0.3715814332590382,Electronics,1
P49130,0.3132512791376218,0.7215963154999353,0.9854358925439629,0.2783336974086399,Clothing,0
P84774,0.43277843023774903,0.5340272878558052,0.09876101439091856,0.17908561028557268,Furniture,3
P62322,0.7007961752777296,0.32552522995494054,0.5669619242337728,0.2688545572472814,Toys,4
P70038,0.43875709791854733,0.5243815933413827,0.33913869563346993,0.40091473103754743,Toys,4
P05836,0.44784795417930234,0.379295309556661,0.5044964630301592,0.09535137039815052,Furniture,3
P95658,0.27457410172759245,0.3133233421391043,0.7917240850119561,0.30486890887880835,Food,2
P23830,0.2814478458434736,0.4668683920754084,0.29372239244747456,0.3452093904092145,Electronics,1
P72330,0.5163856511133634,0.43572597882633984,0.12627087907219506,0.09029755493809542,Toys,4
P90172,0.5148538083758526,0.5467909595513815,0.17595154600411606,0.11261498519518238,Electronics,1
P60143,0.4629711042945915,0.5220980917758017,0.4396021362261759,0.26723920100557147,Furniture,3
P35777,0.24278426097799546,0.4146515404751266,0.3507203729013613,0.3183756027592337,Electronics,1
P17898,0.47504452174915673,0.5756570976345635,0.4151867812237436,0.3378264237219464,Clothing,0
P81427,0.43896014954443946,0.3154468811130737,0.507586899258655,0.23153106890411984,Clothing,0
P92910,0.49416447902280264,0.40094901790177756,0.6497834907000514,0.10634076849300053,Toys,4
P14726,0.19352731040417034,0.323869435875761,0.40795251177761394,0.2481439300496338,Electronics,1
P02436,0.48500019351123075,0.4406192840094593,0.45251373476201756,0.25881640262836625,Clothing,0
P93843,0.43859504542509,0.3991630148013792,0.4641533891836773,0.07440165059221786,Furniture,3
P91490,0.4088747010411032,0.6492280436021204,0.30293858645778626,0.2848104744518872,Electronics,1
P30230,0.2940302828816118,0.46794271691253947,0.34907607500352406,0.180964011412338,Electronics,1
P98631,0.4628801432020478,0.3865294427464206,0.4877766692824698,0.15709315851874617,Toys,4
P26037,0.3674194761660119,0.8645245333486388,0.2534025452144101,0.1599076459518509,Food,2
P06330,0.5885604112456803,0.5306030998757613,0.2788690666263192,0.16067965132642564,Toys,4
P77975,0.5403055277803478,0.43572597882633984,0.5150963341779656,0.38589861482592713,Toys,4
P24616,0.5730282146711934,0.5172429241346923,0.31237062499220863,0.7581268141473305,Furniture,3
P90525,0.5357890599145361,0.2260183518345329,0.6414078313351264,0.39295190561281695,Clothing,0
P09868,0.4584279916209828,0.20219276071927766,0.6051758230532656,0.07790031246319622,Toys,4
P69918,0.3756606332078242,0.42388569762634576,0.41914054668056094,0.2038004638624937,Clothing,0
P70699,0.5791991405261169,0.3278303953408536,0.5254132413088942,0.28678016497373415,Food,2
P20173,0.48722485377583835,0.5238694869503363,0.6478219411970193,0.22100450745689537,Furniture,3
P70444,0.3494251656770653,0.5383536942912398,0.3345710005065617,0.2889434974767503,Clothing,0
P49888,0.6329151672559995,0.6648899568670595,0.7193957861721976,0.0869558708783006,Clothing,0
P96807,0.45039768620431275,0.35602089339133886,0.7481854719436438,0.3501854050715289,Furniture,3
P80693,0.33318932539466106,0.4162221072905754,0.594124852677555,0.1368632227529228,Electronics,1
P88769,0.7011059112659135,0.40940975528661705,0.5464462150424131,0.6272649686237423,Toys,4
P57230,0.6112574704691607,0.15941506710712794,0.5328690123692389,0.42040729176240416,Food,2
P74766,0.4967066850021316,0.5309509725621575,0.4215441609354156,0.14109440104603133,Clothing,0
P05400,0.43652012501457665,0.4443728804311822,0.761922045152727,0.4007981208375306,Clothing,0
P51586,0.4936440394967691,0.35121606202761163,0.4662959878830355,0.1651402386731631,Toys,4
P16332,0.3196287971309044,0.3437979302467265,0.4344893709213985,0.04164688258716019,Electronics,1
P39667,0.5785644139962008,0.5469780460616175,0.7702832463581263,0.3022149782541386,Electronics,1
P13671,0.583900199585816,0.16455522764931896,0.24115769029344972,0.2352194674857375,Food,2
P42538,0.5326152776458629,0.49285423662593414,0.637694708132282,0.22836216895809228,Food,2
P50611,0.6788182699092064,0.3423720415732172,0.3332522422990252,0.2958075302184098,Food,2
P63188,0.40496574218221326,0.3689185401217211,0.517035797298926,0.1700704449607775,Furniture,3
P89719,0.5222003521419838,0.5436851183380548,0.41451302142938434,0.06339372818958794,Toys,4
P92507,0.597147821226038,0.4441599986240219,0.37993627815954156,0.28072894596427067,Furniture,3
P91859,0.5546712957623567,0.3475004690533976,0.6991500947757471,0.5769888563736849,Clothing,0
P06281,0.4291131355548418,0.5951601961586234,0.6033959156167013,0.26289338005787327,Food,2
P12329,0.5336158551092258,0.49356297524187687,0.4499065067437504,0.22143393174755008,Clothing,0
P96620,0.49951048656663716,0.7138813307722216,0.18039863375700782,0.23362946767324375,Food,2
P95422,0.5299077507552136,0.5027417489760332,0.53037765120738,0.3967834332327715,Clothing,0
P52906,0.27735297167810746,0.5702512781393434,0.5352322654387605,0.10479751459614918,Toys,4
P41994,0.5386763684775373,0.3815141449559855,0.2986251574944819,0.43064561642853816,Furniture,3
P75990,0.6072838723251057,0.4394499099108799,0.536632494842506,0.31952463266256376,Electronics,1
P82317,0.45003216673985413,0.3746385046711321,0.3516794307605283,0.23963996230795492,Food,2
P78224,0.5443631235194719,0.37292845076347275,0.6852041748384399,0.11910694845145653,Clothing,0
P79629,0.48078755248815874,0.2731119587079337,0.6426620799222077,0.14357599405601837,Food,2
P36701,0.5343955279335428,0.5509318400957501,0.7207266037077203,0.06848533115385602,Furniture,3
P84526,0.4016975905041384,0.5143812326470064,0.4946306895433529,0.1583212217864505,Clothing,0
P92481,0.23203495720530057,0.29702707697745706,0.4587079321063296,0.6441125681968867,Toys,4
P91527,0.5521417189474453,0.5722661257915852,0.23362542401045272,0.26289338005787327,Food,2
P61787,0.8705105549053687,0.3234545632294237,0.6657183730065956,0.32715293277013874,Furniture,3
P52624,0.672602739542754,0.34001765810800694,0.6395735504026027,0.1258107390285227,Toys,4
P28087,0.45033894921974005,0.5283752396986466,0.32224638589039006,0.37595414405657557,Toys,4
P31981,0.3844483753195502,0.41927942548599345,0.5509133034652235,0.36771167624802553,Food,2
P03178,0.4542412172771652,0.4814269882814028,0.4282452008230867,0.15386891238776487,Electronics,1
P73200,0.504223125226988,0.31288143417950104,0.602201637146549,0.3643018189130659,Clothing,0
P33023,0.6903411078698769,0.4807492420486733,0.6897024038509934,0.17798801646941603,Food,2
P79148,0.3861848339120934,0.463495324966016,0.649768417427378,0.3425395055742877,Electronics,1
P97913,0.3542832378573421,0.29989645788285235,0.10174386928982754,0.007759567133749013,Toys,4
P64961,0.3241990653503769,0.5129743519633542,0.2580720142088785,0.30332708586312174,Toys,4
P51592,0.5172951312011406,0.42388569762634576,0.8086252851172979,0.1341332483589059,Clothing,0
P49590,0.4459422969626828,0.3556066758657484,0.5200219481751683,0.11416658821791635,Furniture,3
P49477,0.33817962160945203,0.3645839952265394,0.3565249615121429,0.2431939557621075,Clothing,0
P90657,0.37037762202428415,0.17899822878425387,0.3653403237153436,0.02231929066609821,Furniture,3
P23894,0.3213710883383354,0.28727284613776777,0.4089882941241834,0.32058771109237183,Electronics,1
P55691,0.7233155919584499,0.6126514573971308,0.6405257560519206,0.5179763454667774,Furniture,3
P65298,0.2602631577698262,0.6522934421649108,0.5338163098361625,0.17947274964411933,Toys,4
P81924,0.4364073481844076,0.4636895764407859,0.6241403734836254,0.11400160115257282,Toys,4
P84729,0.45429124291360484,0.40945157351195144,0.5230911593446212,0.39210799246915967,Food,2
P46533,0.5377409661856993,0.578207212474417,0.2640808367536596,0.055002147948173125,Food,2
P05314,0.5089063977132748,0.479548053891664,0.6846445092176904,0.3126498460143499,Toys,4
P39822,0.46207389595576215,0.2322563760775505,0.3433088422952579,0.3095682575400829,Toys,4
P35444,0.5987089756820361,0.5361579051214722,0.38395320151950024,0.21418821111637487,Toys,4
P86395,0.6169943841196646,0.4078200415841536,0.5580755427339066,0.0,Food,2
P00634,0.552729021778086,0.2887544531983081,0.6011354511985717,0.09881223917389434,Electronics,1
P80322,0.4858123889746575,0.357587120472749,0.5322833504669616,0.4820639591550818,Toys,4
P30070,0.6061196939093215,0.5012683858401042,0.6154647107105192,0.25859392198679404,Clothing,0
P94220,0.4441764750533892,0.37520023703397026,0.2359617015343961,0.36201834536400906,Food,2
P16469,0.37271745446816934,0.24432987549680718,0.5824858693365682,0.2426092005173338,Furniture,3
P42607,0.35250486100694967,0.6425719681530913,0.6013273033476042,0.25002577094060324,Toys,4
P64182,0.5081039846457612,0.5026835829077015,0.5109884615616515,0.23279169234797353,Electronics,1
P09745,0.6937951132636896,0.5949250423291107,0.4466718057465793,0.11758313920536449,Toys,4
P84340,0.42097085493529524,0.5049684354098105,0.44553415821661696,0.4124453627928759,Furniture,3
P32275,0.6371023962661938,0.556842161780732,0.43359068369605813,0.37557234492062447,Electronics,1
P56634,0.4628801432020478,0.14976242537864748,0.38399990204573003,0.529876399436861,Toys,4
P36079,0.6449534007184875,0.4410056024099121,0.4466625173877509,0.2675796225098499,Clothing,0
P89111,0.42739455370120516,0.3553722043612672,0.3435197073407587,0.04996952216579327,Clothing,0
P81275,0.281722605392048,0.17261042782250444,0.49835444046880284,0.31893519035656187,Furniture,3
P67257,0.7237539648421067,0.5453290785829814,0.5330537473399064,0.04255992391714049,Food,2
P03557,0.45003216673985413,0.4802459315630488,0.5386747890260682,0.027451169512294097,Food,2
P62855,0.5439212626165306,0.4847840342849506,0.6414387123071457,0.47053334544913067,Food,2
P75122,0.6773439016255572,0.6126973994200379,0.6910583755534442,0.23021282722988706,Clothing,0
P30988,0.3566898113228041,0.39107834673790387,0.7869569023492103,0.34048660772158845,Clothing,0
P45418,0.1293815811151068,0.01139164564311454,0.4682262772736439,0.25226887432972955,Clothing,0
P12972,0.5893448722847259,0.5843320049999855,0.6826192751007717,0.24684907694536398,Toys,4
P01175,0.3565488206094121,0.2358949840060321,0.49503535765841816,0.18557863910292302,Food,2
P34665,0.5681500890398837,0.4970625273942094,0.4147569957806211,0.0007010861664773487,Toys,4
P59153,0.36388068006688723,0.667328232557859,0.6716310070127246,0.4837640888518495,Electronics,1
P63762,0.4418757259532823,0.595603218336878,0.36287963716212535,0.333839763661765,Toys,4
P70694,0.7034224089926001,0.45898185153682586,0.28320004701545337,0.2149978147667346,Furniture,3
P68609,0.4047775963559761,0.6688221089599181,0.5616763224623128,0.49498082449268127,Furniture,3
P74540,0.5454640928034593,0.48216837027089654,0.5369340826043708,0.4338408145748005,Clothing,0
P08444,0.6660588991367968,0.4369766475846146,0.3988096647079781,0.4955192800750981,Clothing,0
P90610,0.2908374371415583,0.3758024359459841,0.7132986265129306,0.004058424539737486,Food,2
P34534,0.6059518036498652,0.27774007366154674,0.48078076544320014,0.27860931021965896,Furniture,3
P08494,0.4714879865759918,0.3554656236248194,0.4925646124665674,0.41731768109343687,Electronics,1
P46120,0.6099350442731484,0.5483308380988368,0.45919813011773536,0.017921165155540025,Electronics,1
P65627,0.5050392259782032,0.6822719153448078,0.7436332062576506,0.33685985135508245,Clothing,0
P41838,0.49562567521806267,0.6001007217232298,0.503620308648651,0.1085170750172286,Furniture,3
P22893,0.6080678362807034,0.3675653208396677,0.5168656811139266,0.38789977107029655,Electronics,1
P11010,0.300121261545003,0.3420742714064929,0.2042052678834044,0.3266403088052901,Food,2
P98940,0.4542412172771652,0.4394499099108799,0.4889404849897049,0.3435854753586689,Electronics,1
P53410,0.4736550318095007,0.5135193498085031,0.25630134209494343,0.25002577094060324,Toys,4
P14559,0.40926705993859414,0.5312590931489297,0.507586899258655,0.40663501111974004,Clothing,0
P99728,0.24945685278701238,0.4094052333846067,0.4206910895233159,0.22494735249292228,Electronics,1
P26318,0.2879054937107181,0.7060574536961163,0.5116296223842293,0.04434350039033112,Toys,4
P36495,0.6293783558178184,0.35765426599991645,0.37424251252423585,0.34563024010672627,Furniture,3
P60018,0.5301675973499008,0.5141256886408934,0.467177306060339,0.20431282737852366,Toys,4
P19215,0.44822932126600235,0.6099659159435288,0.246506936849137,0.37538870274276553,Furniture,3
P48179,0.3567233436245363,0.2694915312422257,0.359362627333324,0.39779648663152395,Clothing,0
P49489,0.48326798529453663,0.3829510903958733,0.32363885065312004,0.34632855192592077,Furniture,3
P21048,0.49088838915314786,0.4762920995870155,0.5544637274865246,0.2859576743310122,Toys,4
P26701,0.4038028742632974,0.33942051251153077,0.4307573081956687,0.1969617185857924,Clothing,0
P24607,0.27982764245739067,0.3697012893618272,0.6468170581904708,0.09933059536830396,Electronics,1
P73820,0.784621183161837,0.3105116703809476,0.4071036082624078,0.08503982785189525,Food,2
P30645,0.3337402289052439,0.4394499099108799,0.2333604089868925,0.1306109035409262,Electronics,1
P95227,0.5371436066458366,0.2739787285189903,0.5035446955020907,0.18737841596099886,Toys,4
P09994,0.4799550451311343,0.3353088074996878,0.46599521884036293,0.04130854723424664,Furniture,3
P37150,0.5184516509125269,0.4599537325824676,0.8283149029250262,0.1464788577102314,Electronics,1
P48425,0.34262205461413087,0.5134428671842908,0.414618349632997,0.270822733153875,Electronics,1
P46162,0.3740232158457418,0.3494292113593645,0.6454640707084189,0.3407981713782107,Electronics,1
P79337,0.47446271873582213,0.5588893503490041,0.4708970611828063,0.24174242625201955,Clothing,0
P82330,0.4709142820370036,0.18625856857589382,0.45711685253165113,0.1631630149570329,Toys,4
P26549,0.6533668206575901,0.8154419055046829,0.8447127011475825,0.19201186774809353,Food,2
P54433,0.6881364464406698,0.4859267280767976,0.6974926593050326,0.1846608458423968,Electronics,1
P93056,0.34825412335845984,0.662283113215126,0.6719808177890148,0.39159084218127976,Electronics,1
P94931,0.4306351818835834,0.41042227105259305,0.9400565701757554,0.3440502364125283,Electronics,1
P59859,0.3178941022673782,0.3070699745648866,0.48634985583456014,0.1541515377636814,Toys,4
P44681,0.2607451205510717,0.5418715332339474,0.21911109743097001,0.2293880766507414,Electronics,1
P23689,0.3948122580342865,0.39633731147522455,0.523524469361817,0.2991825002664423,Clothing,0
P26911,0.47216296207862857,0.30532745197485806,0.13287534680442462,0.16972767313505602,Toys,4
P72666,0.5915626735284236,0.4329875488774732,0.40945771838515505,0.029209843037073635,Clothing,0
P58708,0.43760435010729404,0.37094168171715175,0.3635468193672996,0.13614453270508756,Toys,4
P33205,0.5118214283746484,0.3556091034384914,0.4068409881648775,0.22846388265901701,Furniture,3
P86501,0.7509066123164613,0.3648571242427983,0.4825341494428004,0.2568099471396255,Food,2
P68484,0.5984026442838326,0.47300729951787013,0.4558636565083339,0.3453999193068147,Electronics,1
P93390,0.41214722353689087,0.28028206726240784,0.5492924146293053,0.35862237087114585,Furniture,3
P03091,0.5312748687024369,0.23846786654792618,0.6503246333719782,0.1710860118253512,Toys,4
P78549,0.5526142166941833,0.6080548071475137,0.37905194932249603,0.43018373966589757,Electronics,1
P68111,0.6317509792379821,0.3968788656775414,0.48867404830845523,0.25408469135863276,Furniture,3
P41959,0.5509757154823872,0.4216936877373868,0.7662200803077667,0.2591348249440738,Furniture,3
P14010,0.525030349992706,0.24629331470710236,0.7418017070282201,0.010688077570248092,Furniture,3
P72313,0.4577719452098101,0.35434768753319007,0.41754396760977486,0.2343439078769849,Food,2
P47456,0.49904467413421855,0.592589924955078,0.6909277921841656,0.4509235592712218,Food,2
P14077,0.38043905658738814,0.431651718090822,0.5319519633990157,0.09488831584709606,Food,2
P37234,0.44267768337253377,0.31399437074816594,0.3970741446628847,0.16060875034129543,Food,2
P60587,0.6775179310356599,0.38647725989041537,0.710752675743753,0.3573423599604698,Electronics,1
P95950,0.4934273299326095,0.30192592778468275,0.6053153940255167,0.09728827661088217,Food,2
P69100,0.45687949569536057,0.5719539097313654,0.7355100552959292,0.3586962267514355,Electronics,1
P94901,0.2222676632025574,0.6939529111929928,0.4494989735885384,0.10097024734000215,Toys,4
P11434,0.5816627337329936,0.4594682444520493,0.37720509821358744,0.4844885009109245,Electronics,1
P29736,0.7619832649092136,0.305862197124076,0.5579287526646347,0.11840100719233922,Toys,4
P69729,0.48734391205907973,0.8075551105459283,0.33771922583794356,0.22866743451548996,Electronics,1
P58119,0.3479155789156349,0.43572597882633984,0.6058467067768422,0.518569764194284,Toys,4
P62133,0.5147116285423315,0.4337891372915407,0.23631992398631324,0.2799860986249414,Toys,4
P78739,0.33225621844306436,0.7084480350080962,0.5353275100742768,0.34583466783104466,Toys,4
P79740,0.5792277966615039,0.5890012438090085,0.4190536548262396,0.37765810624932683,Toys,4
P86390,0.5836600861155785,0.8120513060079995,0.4098226204286987,0.10925031841508233,Electronics,1
P03913,0.3806479729947015,0.4227936630057131,0.5778134617298349,0.1528699931915504,Food,2
P26671,0.5056122973764257,0.6850825200998628,0.5749409808084522,0.5155569378630254,Furniture,3
P13280,0.25597749161199035,0.3274822094262979,0.4241042558012585,0.13023023969364256,Toys,4
P15992,0.2940565814269574,0.08570304248682503,0.46622517173539546,0.12255058468478822,Toys,4
P69060,0.4261834318954586,0.48677475406927523,0.2664498132294704,0.2799576038629384,Furniture,3
P40412,0.4721199265734482,0.2809933085622792,0.28040100707784466,0.27057484708181107,Clothing,0
P82990,0.49818555629305655,0.6569133318328658,0.507586899258655,0.3866998703116574,Clothing,0
P55116,0.37347155895440187,0.43572597882633984,0.16902526081015637,0.19202902647511633,Toys,4
P59237,0.9770974846647067,0.2944221850346952,0.553353009109591,0.2589996132141601,Furniture,3
P55539,0.3670323839634155,0.6100811852083222,0.5458318892850939,0.045342191913866584,Furniture,3
P05874,0.3876416970215626,0.5199332485590886,0.6002212326357779,0.3373327945004681,Food,2
P96758,0.3573321517753216,0.34658251003165064,0.5567774159529201,0.045274435916194206,Clothing,0
P45639,0.3489670874423653,0.5719161763382108,0.3672232360992983,0.46897109243088053,Electronics,1
P83221,0.4309669036110092,0.5147200363853116,0.5092079656576666,0.16083901763779815,Clothing,0
P85347,0.9999999999999999,0.46313615189434026,0.5122100436155742,1.0,Toys,4
P24321,0.5583523759884405,0.5408136093879662,0.47126926390071433,0.39115471677094416,Toys,4
P69868,0.34748810815681125,0.5066949356591873,0.6088055275656794,0.40147731576376045,Toys,4
P13032,0.49561230306425486,0.4654225746920269,0.2880642809820581,0.24127915708744974,Clothing,0
P00464,0.44278658610615046,0.20967086002301116,0.43586836857179295,0.056191056112317686,Electronics,1
P25274,0.3933988860326445,0.40540452240369046,0.36766794628635024,0.39871070434742845,Furniture,3
P66981,0.5622251930815324,0.32156731346210854,0.5367687408230111,0.20575815625031935,Toys,4
P29690,0.4249961695692286,0.30988474718991227,0.23033693580948425,0.32103698767048067,Clothing,0
P11441,0.47048410727790846,0.668637757821755,0.5727371582861863,0.34300800447089713,Clothing,0
P82848,0.4478644217075309,0.6985666480254238,0.41568357862998123,0.12228195652914416,Toys,4
P82418,0.4819124002742717,0.4812427016844252,0.553253515622804,0.37436795177447113,Food,2
P68405,0.4544559189274021,0.5087168521112693,0.4216011992783934,0.2852614474250511,Electronics,1
P60314,0.4628801432020478,0.35579216209964,0.1554078588918819,0.3038484669570505,Toys,4
P61501,0.38845386834294676,0.4625997381000145,0.47256603821682897,0.19771978418068495,Food,2
P62471,0.6572776602167912,0.18941663536477607,0.5901706576014896,0.22754310005284767,Food,2
P23308,0.38049767916551436,0.4083526751392,0.16624120799414652,0.12965799715586399,Furniture,3
P25864,0.3701895854875092,0.4840154133074338,0.4256034170598892,0.4898280752829732,Electronics,1
P98968,0.5356483835427984,0.3169295347591398,0.41499612891601967,0.013202991169976603,Toys,4
P05988,0.23664115428076965,0.5087667972382606,0.42734966937567836,0.3695213095165398,Furniture,3
P12329,0.700786488363023,0.36231327576943384,0.415217669349914,0.38539606122898684,Food,2
P17733,0.5502005936732858,0.5689383865598969,0.29604815912013377,0.24557196157303657,Food,2
P70831,0.3826092966573334,0.27035569649453034,0.4661852835901186,0.2438148132507246,Clothing,0
P06660,0.3578030080684491,0.5334225919571215,0.5132351547012163,0.22778566992871335,Clothing,0
P14782,0.6343294459642737,0.6260584618783157,0.5725434359745263,0.3626635508422407,Electronics,1
P30639,0.37661428022982824,0.4480951831960332,0.6779425910967236,0.24262653815445087,Clothing,0
P27292,0.35165556878285037,0.27751910069492625,0.5654014291932391,0.2609856101627501,Furniture,3
P70605,0.0,0.44558843265292275,0.3364438302183806,0.37207537911208666,Electronics,1
P23426,0.41321165815112293,0.30282119023158566,0.5636028599886168,0.194862389532803,Electronics,1
P53336,0.5612994165544565,0.5475150618032185,0.5317767933731624,0.07154641544339616,Electronics,1
P00350,0.4937670297264628,0.545022857038983,0.5492358251341515,0.33048553024728006,Electronics,1
P66104,0.4957186177869289,0.4852092750140003,0.5107899833286873,0.10719139855295148,Clothing,0
P20939,0.49755856303996837,0.3875200651745348,0.30333313277463964,0.4436605660130474,Food,2
P47299,0.48486974387531956,0.47381600718586764,0.46647187823563174,0.3677239181074211,Toys,4
P41316,0.43618634885551877,0.5306589972032565,0.14910978878406625,0.25002577094060324,Toys,4
P63473,0.4632832378639753,0.7244405141717007,0.32349729654061526,0.27445105681016724,Electronics,1
P92737,0.6332412779897737,0.3942244758311506,0.5326142785519327,0.17437068568152223,Electronics,1
P43240,0.7015634818736727,0.18012062269276916,0.37585781027183485,0.415554217448522,Furniture,3
P65094,0.2741153872438695,0.4374847919226835,0.5343763619006588,0.21156133432020988,Food,2
P84174,0.6571123066346496,0.43755229799294754,0.3796913757316442,0.39942516027662683,Electronics,1
P83070,0.7062337877886328,0.4523892357382576,0.27428669651942633,0.2102455817039476,Clothing,0
P34950,0.2448601179626971,0.28935413612170763,0.6858559701833229,0.29031709476527645,Toys,4
P27317,0.24699516690959736,0.4313371578821864,0.6231494929587928,0.28219755316833517,Toys,4
P49644,0.5093497578553112,0.46919579901156366,0.507586899258655,0.22100938210814727,Clothing,0
P02040,0.16085846805482942,0.42388569762634576,0.6207196009648127,0.06252679179950439,Clothing,0
P22317,0.2185055157936291,0.35214489888483835,0.5238513250811664,0.2731555087896441,Furniture,3
P13666,0.5409610802763934,0.5410967442307217,0.7004256733509907,0.26933327601976653,Toys,4
P55840,0.3084795790170604,0.2538250435884035,0.15079038780296772,0.33371737642414,Electronics,1
P99959,0.5476574628919426,0.4441599986240219,0.5611789351221587,0.6202122840097521,Furniture,3
P34868,0.4199435073727086,0.4087438071528254,0.5433947103704307,0.27405227738206717,Toys,4
P14326,0.3568217316923874,0.1620987670438737,0.40088918051775047,0.3817625601902661,Food,2
P36721,0.4542412172771652,0.4402332665903377,0.5726757201560173,0.26472061001017433,Electronics,1
P93938,0.6405560689199744,0.5468738055157321,0.524247496111375,0.07449063517025184,Furniture,3
P62446,0.1498396217658899,0.653463797210173,0.6615892373613812,0.27836782837462487,Toys,4
P60412,0.409331534175602,0.3677359176033927,0.5647157411422606,0.5093116290287557,Clothing,0
P19301,0.3713836383268386,0.42388569762634576,0.5261215982549559,0.23727321357768696,Clothing,0
P81625,0.4969321920358143,0.4890202810469796,0.4633259932646879,0.14746070459590138,Toys,4
P21900,0.2954421878566382,0.3813848914464007,0.5432982415460659,0.16849510358323608,Toys,4
P16260,0.3586474803519113,0.5331435125735894,0.688511362846152,0.2918255746768899,Toys,4
P67964,0.5915847464351752,0.5944947744540837,0.6857601223713149,0.3571246632283994,Toys,4
P08167,0.46259867453147463,0.4394499099108799,0.650964984578735,0.011245080357397984,Electronics,1
P36933,0.25817038749878357,0.34721044422427577,0.33071896794721156,0.11855406254133556,Furniture,3
P11472,0.47137164166203505,0.5269397867190493,0.5694568446683326,0.2653405019337245,Food,2
P91631,0.3536747369265384,0.5247842558308519,0.7781944551342642,0.3368411839547692,Electronics,1
P27049,0.3564516819977627,0.5068720290218721,0.36387395542784784,0.25002577094060324,Toys,4
P18789,0.5033139327504951,0.42994381087687433,0.5616015090876768,0.26289338005787327,Food,2
P68088,0.4628801432020478,0.3885605706777632,0.32216575920661084,0.22182140389229343,Toys,4
P72987,0.47727948412099747,0.524289273058197,0.0,0.24846274381134237,Toys,4
P91790,0.5473492503131814,0.5568791152477739,0.6787027174965485,0.4441491918243742,Toys,4
P72402,0.48972159796568965,0.5255478404443091,0.02807302079367214,0.31990548681435305,Clothing,0
P05087,0.24273945236059832,0.604576532045874,0.5757850990664135,0.2172756533822796,Clothing,0
P16875,0.4545949928919937,0.34598866867347844,0.5394210221872991,0.26343485749278006,Electronics,1
P16604,0.40772092651936204,0.5518075684521252,0.4857180200136661,0.06219312548808823,Food,2
P39416,0.9999999999999999,0.4772899557731272,0.6317369602285744,1.0,Furniture,3
P80392,0.5206444740558127,0.5636349802714052,0.6026736163852756,0.10902751025380268,Food,2
P22058,0.33340117366438654,0.34721811417819604,0.47256603821682897,0.19017399937986457,Food,2
P85087,0.3753606707206059,0.291034311427032,0.2251516688949246,0.21541598281817764,Toys,4
P83147,0.5452697400559856,0.41947433456376637,0.4655007138014935,0.4437421426802991,Furniture,3
P74069,0.3649579469710886,0.507970665373802,0.5390243906469623,0.36895460021408455,Electronics,1
P11180,0.5355805351166748,0.3024620359207736,0.026965459505613187,0.2986554572132129,Toys,4
P27225,0.4917192870583911,0.3818859546254274,0.6761780306049839,0.41137021644309635,Toys,4
P31507,0.5861535508219826,0.533539313431775,0.26550282497416255,0.39846908692336525,Toys,4
P50604,0.3704278815896003,0.6530477343738333,0.5444253517307672,0.3507268945696036,Toys,4
P24563,0.5305083220309107,0.2167941249065743,0.3170639498600962,0.15252990749729886,Toys,4
P44079,0.4529094043810445,0.48794650185078076,0.46535193829938976,0.20577409549800824,Food,2
P91379,0.4183981951715896,0.5014290400615047,0.6238795894023016,0.10723722063696477,Toys,4
P62000,0.2166147613268198,0.30135421910501753,0.25459529977046114,0.14596500386232197,Electronics,1
P56154,0.4879723548609133,0.8944491015181446,0.521396443992073,0.2158962859087482,Furniture,3
P17216,0.6620671737233971,0.5966044844501067,0.292488171787739,0.14246009101710533,Food,2
P94537,0.3632481227981351,0.4570712885776346,0.4754339078972534,0.23546186413235323,Electronics,1
P13285,0.5281297617633635,0.4620405841088446,0.6207006623697514,0.028609076131782492,Food,2
P74710,0.5142666560205014,0.5926883272811575,0.6136667090742801,0.531646764100929,Toys,4
